atlas_idx,item_id,split_index,question
1,68dffa89bb939011,0,How do I ready a guinea pig cage for it's new occupants?
2,0358d187d0a4391e,1,dresser
3,02371c61efb6f713,2,To fight Ivan Drago in Rocky for sega master system.
4,d4b6fffc5384db2c,3,Make outdoor pillow.
5,5617f0142f8bcd3e,4,ice box
6,3021877490526acc,5,Remove soap scum from shower door.
7,24b9efb837f57a1e,6,Recycle a spray bottle for a new cleaner.
8,c5e0b0ae882e34d8,7,How do you attach toilet paper to a glass jar?
9,91c0fb94b6840aed,8,How to make tissue paper window decorations?
10,6dd72475fa418d73,9,Neatly wrap up an extension cord.
11,a61617d9ccb1d59c,10,Extend life of flowers in vase.
12,6f6792dad5ce4b67,11,how do you put eyelashes on?
13,af30cbde5aa64766,12,Find spices easily in the kitchen.
14,479c4a86cf999810,13,peeler
15,d7ef33e510ee9adb,14,How to clean blinds without tearing them up
16,a2e2f8bb21b4b912,15,What material is a steel rocking chair made out of?
17,0ab8a99bf661072e,16,"To get a video game console for a cheap price,"
18,997f7e21a81846e7,17,How do you properly prepare a steak.
19,a7d4cb89d5e8d35a,18,"To cream butter and sugar together, you can"
20,1dfede041c3b1219,19,How to best cut the meat to place on a grill?
21,7bf1dc0f071cd8c7,20,What alcohol do you pour for a mojito?
22,f517a7a8e55615fa,21,How to start an automatic transmission car.
23,ab7b5bf80ec87dde,22,How to make sure all the clocks in the house are set accurately?
24,878d7182193131a8,23,How do you make plain toast?
25,5ad2628e22bf6db8,24,Make a bulletin board.
26,447109eea4085f2e,25,How do you make raw nuts have more flavor.
27,49dc5a4743fa972c,26,"To prepare carrots before cooking with them, you can"
28,448e1066e04e2483,27,plastic bag
29,0e668271924fe936,28,"To discourage house flies from living in your home,"
30,285d97b8c7c69058,29,How to make Caramel Chocolate chip Girl Scout Cookie Vanilla Ice cream at home.
31,841ce901b9e326b3,30,To combine cake ingredients.
32,e2208fb1dbffecfb,31,"To prevent gunk buildup in cup holders of a car,"
33,38fba0a6674e6d34,32,"To quarter biscuits, you can"
34,b72543b3adaa40a6,33,"To make a bedroom temperature colder without a fan or air conditioner,"
35,62e7fc60bd731e0a,34,how to get fluffy cookies
36,128524d5999f6e27,35,How to brine a turkey before cooking?
37,3dbc5e4dc56088eb,36,To spare the plant while picking lettuce
38,360736f885ad33d4,37,"To cook perfectly golden pancakes,"
39,71cb687f4a6f89e9,38,generate poetry by using random words.
40,86272aafdbf530d3,39,To fill a bucket with sand
41,5633935325db9f27,40,To set the J bolt into the concrete mix in the mold.
42,878c515004ba9e0c,41,Eliminate odors in the laundry room.
43,c3f49541bef58d61,42,How do I fill holes and tiny gaps in the concrete when making a concrete countertop?
44,8b4b60e5e1c6cda0,43,a bucket
45,b39ca07b56c86ef9,44,"When I'm deep frying a turkey, how defrosted should it be?"
46,da9aa5852477878d,45,How do you remove gum from being stuck in hair?
47,09272f43524c4992,46,fire
48,74862b43b1941def,47,How long should liquid nails dry?
49,1dc03adb9ca2416b,48,"To get the best deal at amusement parks,"
50,506aea2b94fa6e75,49,One seeks to make a cord weave.
51,607c279be9b65359,50,To make wires look like tree branches on a wire tree.
52,3d67f5f8093d9935,51,How do I remove wrinkles from a new leather jacket that has never been worn
53,c88818664ce9dee2,52,Kill fruit flies easily.
54,0354d25ddc677ae5,53,"To prevent splinters from cut wood,"
55,ca62936f69a795f2,54,Trim apple trees.
56,a71c69357375b924,55,How to easily form a perfectly round snowball?
57,f071dd5c3453174c,56,How do I get my coffee to taste less dark?
58,0d77f54f1dd9dce5,57,how do you use headphones?
59,612d01327d67b443,58,"After staining wood, you should"
60,6b7d3cf8ea78c3b4,59,How to order room service
61,b6d0d32e2a9070fc,60,How to sneak past guards in Metal Gear NES?
62,d877c4187d9b1ade,61,What are the benefits of anti-allergen vacuum cleaners?
63,7d3acd9703db901f,62,How do you make an oil and vinegar dressing?
64,de6b149d29023fea,63,Avoid germs from hotel bed.
65,ad79360649d7efc4,64,To allow the oil for the turkey fryer to reach the correct cooking temp
66,e2a054bbe86db198,65,how to clean a container that held melted wax
67,20bedde100a34629,66,How to light a candle with a deep seated wick?
68,225c1f1991b63288,67,To shape duct tape into a perfect circle.
69,6edcaf4580a98c2c,68,What can you do when someone presses all the buttons on the elevator then gets off and you are i
70,8fd5e65090def40f,69,What materials are needed to hand sew an article of clothing?
71,1804d573a5aaa81b,70,"To make a hard shelled taco,"
72,0afa8ba710774829,71,One wants to eat Vegetarian.
73,85b169f2e8e521b0,72,How do I find something I lost on the carpet?
74,ff3e4862115cf6b5,73,"To make small candles to float in water,"
75,b735630b10fe7815,74,To clean your microwave without having to scrub it.
76,8ba4ee0378f72163,75,"To bend a PVC conduit,"
77,878357459028cb3c,76,Make a camping shower head.
78,65e82612d09f3350,77,Make Halloween lanterns.
79,b0d5c8766ea1b2af,78,change a lightbulb in a ceiling fan
80,980cb804bfe1c6f8,79,Which direction to properly install an air filter.
81,31b8f46e3a80c74e,80,"Protect a bare shiny piece of metal, like a hinge, from rusting."
82,cedc7e7f9533f884,81,making a picture Frame on Your Wrist
83,dfc14d45b3baf61e,82,How do you bake a cheesecake properly?
84,7f7a7fba22d1d6b2,83,Easy way to hang your shoes in your closet.
85,84bf3657cd7026c3,84,Get cheap pizza.
86,7ea1ea30060462eb,85,How do you harvest honey from a bee box?
87,7c6d4b70bb5a96e6,86,What supplies are needed to make a small decorative Christmas tree?
88,7ff14b2dc7ddb877,87,How to create Dorodango (Japanese mud-art).
89,5f519ae425be644c,88,How to sleep in proper posture?
90,deeda5e064a42bbc,89,"To extend the shelf life of lettuce,"
91,685bf4cffd5eba3d,90,To dye the white fondant to make the fondant roses
92,d6049b22d8852278,91,To make seed starter pots
93,6e77dddf5d52cda9,92,To prepare a loaf pan for Blueberry Lemon Financiers.
94,300d7eb15d8cd04e,93,How can I raise and lower a picavet with a camera attached so it can be flown with a kite?
95,a31073ea9a8099f8,94,Increase ability to learn something new.
96,cd18d447649c5e49,95,"When building a survival fishing kit, what can you use to make fishing hooks?"
97,d1930801411b341d,96,How can I set my umbrella up on my deck more effectively?
98,10c921a462055417,97,"To remove sharpie pen from a couch,"
99,47f78b0e062c5b61,98,To remove folds and creases from a sewing pattern
100,bea150303699deab,99,how to get perfectly done grilled meat
101,b8b1d468e35875a2,100,how do you floss your teeth with a toothpick?
102,b21e51e3788faff7,101,how to winterize windows
103,986240ebc7738b03,102,PET ANT
104,2c51be08b5321a1b,103,How can I get free gym memberships?
105,86ae1ba2c91606bf,104,how do you use cream?
106,be5eea0a0145d3d3,105,Make a picture for your fish tank.
107,05354eefe955e1be,106,To get a good look at the hidden space above a room.
108,40b5ce7dc9657f65,107,To build a giant Jenga set
109,60a557021abadc51,108,tissue
110,264d3abe628820e3,109,What is the best material to be used for the solar air heating box?
111,0b8dca049c0c16e3,110,how to dry flowers
112,c6e1bd07d71f7962,111,How can I give a home made dog bed shape?
113,7a1f55cf09aee3e5,112,To create a replica of Back to the Future's Sports Almanac.
114,9f323fdc77916460,113,how do you give your fingerprints at a police station?
115,24191ad4499caa37,114,"To get bricks to stay together permanently when building a structure, you can"
116,db2512634558fb02,115,Add taco filling easily.
117,e99b657ef03abd3d,116,Learn how to use a candy thermometer.
118,339dc9fcd89667c4,117,"To smooth mayo onto raw chicken, you can"
119,267dc4eb6da74eb0,118,how do you keep blood circulating in your legs?
120,b0fc308f794edeea,119,Make temporary hair dye for kids.
121,4e3c8774860d3e09,120,how to keep bedding wrinkle free
122,ca824236ad3af32f,121,"To tear apart a cheeseburger, you can"
123,caa14a641071e4b2,122,crossing out
124,eb09f6444162c26c,123,How to grow a plant.
125,98da20212707a1bd,124,Maximize full toothpaste.
126,a224c8e248ab21a1,125,"To seal the end of a plastic tube,"
127,402d4726a7295b1e,126,How can I get more use out of my utility knife?
128,76c61ae47e08d8a0,127,"To attach magnets to a piece of wood, you can"
129,205d2f963880407b,128,ask for help reading it
130,705c9cb8e8627d1d,129,"To simmer water, you can"
131,3e35ef16fb103710,130,how to add a deeper flavor to ground beef?
132,f665639ec7e5619b,131,To make the base for a 3D Mickey Mouse head.
133,e694be1b241df33f,132,When heating milk to make cheese
134,4fcb793d7cf1475a,133,"To prevent cupcakes from sticking to a pan, you can"
135,6ea55ed20d548023,134,How do I clean car upholstery
136,9aaf500354bf9062,135,To get air bubbles out of cakes.
137,8d410fd853458279,136,To prepare an empty 2 litter soda bottle to use as a plant pot.
138,34bdf2ca4accd09c,137,How to attach a pendant to a necklace.
139,7a1ce09e73855228,138,How do I make the pattern for the baby leather shoes?
140,e686b1b0d90d64ed,139,how so I make apple pie chis pudding?
141,31ea655e82f2993e,140,clothing
142,18955d723a3308db,141,how do you smear liquid?
143,f55437df44e0b10f,142,How to make Lemon Swirl Lemon curd fudge at home.
144,1570216ff9e21950,143,how do you hydrate after working out?
145,1f470317231db408,144,blankets
146,a79bb432ea03bda7,145,How can a person use images from the internet to create a Candy advent calendar?
147,77931b2b6c248108,146,"To hold a bungee cord so it stays stretched out, you can"
148,e14a4fa28c7147cc,147,How to peel an onion?
149,ae7e00f52730da3d,148,How can I get the best Bell pepper?
150,0ade8159c563e010,149,To make a hood for a cloak.
151,40f3428cdda3c602,150,"To make the caffeine in coffee release slowly after consumption,"
152,154623fc2788e3ad,151,To obtain meximum deliciousness of the nutella cookies
153,87fa28c1954429e1,152,To hit a volleyball
154,3add4a8dc1f2fecb,153,Remove pop bottle cap that is stuck on
155,e692b11be6a64c7a,154,How to keep cool outside.
156,1ba85ea0c898b400,155,How do you make gluten free brownies?
157,74b72ba11a08a84c,156,Make a yoga mat carrier.
158,8be7e9ed9a48759c,157,how do you sign into your chime account?
159,2d8aa9c4b0a9198c,158,How do I lower the foot on a sewing machine?
160,7de1eaf780d4ad29,159,Melt mini marshmallows.
161,bad2c3eea442d395,160,Who wants dirt tracked inside the tent?
162,5bdb5d29236762d2,161,napkin
163,e7e7a6a44615f828,162,How can I keep paint off my carpet when painting my baseboards?
164,5878a9369d70d815,163,how do you wear a sweatshirt?
165,a628b991413ffad5,164,toilet tissue
166,e9cf8a210cf38e5a,165,Shave using an organic shaving cream
167,e024d2e605fe70ec,166,How can I soothe my tongue if I burn it?
168,a0a9c8a6694fa1ae,167,How do I prepare the dough for butter cookies?
169,e09df2f5763d0569,168,how to make smoky pretzel mix
170,023a71013503d796,169,How do I put a game in an Xbox
171,7a237467e4aecad0,170,how do you change your profile picture on facbook?
172,54c985a320990272,171,How do I melt beef fat?
173,2a5f30404de27084,172,How to grow a new grapevine using cuttings.
174,64274f0f062e5c8f,173,how do you find out what's wrong with a car?
175,ed90f0548153c1ee,174,Detect odd car noise.
176,a8263e7b0db983db,175,How to Raise Threadfin Rainbowfish Fry
177,8170f3e068fb1530,176,Install cabinet pulls.
178,f1b12026a50fbe91,177,"To sprout seeds for your garden,"
179,d777f23fd93d68c7,178,how to find the perimeter of a trapezoid
180,47e316e0e12b7764,179,How to teach your toddler how to talk.
181,07399c8bd5c482aa,180,How to prevent BBQ chicken skin from burning on the grill?
182,ca8146cb2d633ea6,181,Prevent earbuds from tangling.
183,a2ec9fc128957957,182,mittens
184,eee4851035c50db4,183,how to cut sticky desserts
185,ec521a78a5b7cd66,184,To cook the kebab meat on a grill
186,99a162a7734b9f7b,185,How do you prepare fresh chicken eggs?
187,714462fed7abf8a0,186,aluminum foil
188,cab29131158b4d1c,187,how do you strut?
189,503c4d7c1b1f576d,188,Finish the concrete patio.
190,af246abfccccea40,189,safety pin
191,dd1f91f50e3802ec,190,How do I get glitter to stay on ribbon?
192,0e6a4782a20bb28b,191,How can I paint stars on a black background?
193,7d1dc1c656805691,192,To keep Boots and thick shoes dry and smelling fresh.
194,7cd81fd9a0305ae3,193,"To open up google,"
195,3a446f51409247fe,194,Save money on airplane flights.
196,bf5bf9def77fd43b,195,how to remove really sticky tape
197,fbfd1a0f814e8fc3,196,how do you distract someone?
198,0bb88e7eb86b8842,197,One wishes to make a place for their plants.
199,6dc7c1bc605291ae,198,how do you use an eraser?
200,a3acf29b65f0c806,199,"To save cookie dough to use at a later date, you can"
201,a07b510ba69bbf9f,200,What is the best way to check if a baby's milk isn't too hot?
202,c52c3b92fc39b679,201,How to roll chocolate truffles.
203,a0a78796d0213143,202,How to sharpen scissors easily.
204,b9a3e3796330e599,203,how to keep colors from fading in the wash
205,5136a1fd49f9146e,204,how to unzip a backpack?
206,95e04e296b0eeab6,205,To prevent burning overflowed cookie batter to your oven
207,0d0c428e55e9bd6f,206,table top
208,20f42fa3298b0a6a,207,To create the force behind a DIY table top crushing press.
209,2e9558351e271194,208,How to make the eyes of your diy Halloween mask?
210,8edcb4b8f43bef4d,209,Harvest maple syrup.
211,9a269a61e4257771,210,How to make the front of your DIY Viking Cardboard shield?
212,20820b954dcaaa56,211,how do you return a package to sender?
213,e514d4d2b77c5d33,212,To cure a hangover
214,5dd13b1438003777,213,What plants work best for upcycled kitchen planters?
215,7f3dab6ec159242d,214,Making mac and cheese.
216,e7ad8ea877494c85,215,How do I build a bike wall mount?
217,f983256a4a6d21d3,216,When doing sit-ups
218,0ae8bce47dd44996,217,spoons
219,9f8fba80dbf025bf,218,dish towel
220,c6409048865fe541,219,What do you need to make a knife rust-proof?
221,4f3fddf50c955311,220,To make honey chipotle marinade for chicken
222,c74aa477e90cef25,221,telescope
223,0fbd90178f5d1f47,222,To delete a folder in a windows laptop.
224,9f9e5dccbadbdf7d,223,How To Find a Stud in the Wall to Secure Workshop Cabinets
225,e25be9a6ee5e3308,224,penny
226,84a534abf9bcb20c,225,Remove oil based paints from painting tools and brushes.
227,ce639ddabad8ad77,226,Turn any cup into a travel cup
228,cd4d888fee58f29d,227,"To make a folder paper easier to mount to a wall, you can"
229,e3ee065ee548cabc,228,Hold a cheap ring.
230,86e6e49788936bc0,229,How can you spread butter if it is cool or too hard to spread?
231,3d4b403a0f1f6f4e,230,To use a readily available item as a pen to run electricity through for DIY metal etching.
232,3c75e2fcb0864b6c,231,How to cut out square on Styrofoam ice box.
233,f9a440506dd06805,232,Avoid frozen wiper blades.
234,8469bc3793e7e100,233,"To prevent a certain area of a piece of paper from being colored when applying dye, you can"
235,4b2daaf51cea8b94,234,Create a Mask Armature
236,84d5b624fd31d1bf,235,What type of shirt is best used when ranger rolling a shirt?
237,a2cc478005c5fe86,236,To shoot a nail gun.
238,9e21385a9515ebf5,237,How can I stop Eye strain and help prevent headaches?
239,43b0105f8c56cfac,238,How to remove a temporary tattoo.
240,31099f20c0097e9f,239,How to get water out of coconut.
241,6d91149c420d4038,240,how to hold a match for a fading flame
242,8b13914ed9ce9484,241,squinting
243,c3e7af78acfd01b2,242,What can I use to go to London the quickest
244,2c56900f9b1aa3a3,243,table
245,2240ae10f5e8027a,244,How to get people to come to the carnival.
246,111a9337ff095d58,245,To store your briquettes
247,f2e6c40021d70ac6,246,What supplies are needed to make a bird sculpture out of broken CDs?
248,098aef6cf2bf38b5,247,How to remove water stains from shower glass?
249,e4c20f3baef5815f,248,how do you use a chip on a debit card?
250,7bd52a46ca9b8138,249,To make dry shampoo
251,547378653921f3ed,250,"To add light to a project on a circuit board, you can"
252,3ecee370acc85029,251,How do I prevent my muscles from getting sore after lifting weights or exercise?
253,681dfa0d5444f6dd,252,How make design on leather ?
254,c6d090899fe2f1f0,253,How to Make Easy Apple Roses
255,b0eb19e44456455e,254,How to chill dough for ricotta tart.
256,c983f0150d57b1c3,255,To make steak tender.
257,6a478fe42d002dbe,256,how do you serenade someone?
258,ccb8ad5d0d0886e4,257,How can I make a funnel?
259,3cee9523abcf789b,258,how do you belt someone?
260,78002258237070a2,259,how to make bulgur with figs
261,91fb42194e676791,260,What knife is best to cut a watermelon?
262,8ddbe3ad1350ed65,261,how do you gain arm muscle?
263,b24289797e135b8b,262,How can I sweat less?
264,8a49de9eb9446eac,263,To remove excess grease from the cooked bacon for the zombie burger
265,cabd80f4466b9b6f,264,After baking the rollo cookies
266,cb2c798e2aa02c8e,265,What supplies are needed to make homemade butter?
267,560395c6a23c5188,266,How can I get the lumps out of gravy?
268,ebd905064848f43c,267,How do I prepare eggs for an easy omelet?
269,ddbecc8614105569,268,To keep jewelry organized when travelling.
270,f9b321ba2385b857,269,To follow a link in a task.
271,fc6f8fef37f025e2,270,peeler
272,0404fd99b77c280f,271,To prevent the bottoms of your shoes from touching your clothes in a suitcase.
273,8b7ecf9a32e5f9e9,272,To learn French.
274,dae6fcebc08828c4,273,How to make sun catchers in christmas (or other holiday) shapes
275,1f3becaf2fc71e3a,274,how do I remove a chocolate milk stain?
276,0dc59431a8f07dd3,275,How do I get a stain out of my curtains?
277,8e80588a0e49292f,276,How to format a USB drive.
278,dd7980e07ac765ba,277,To make hay.
279,ae24da4f5317f71e,278,Best way to pierce ears.
280,a546ef000c987005,279,how to get great cookies
281,c85301f76bd7a419,280,Clean dirty cup coaster.
282,113ed641977cd942,281,How to create scary halloween lights?
283,13c21fed2bd25a95,282,how to make asparagus omelet toast
284,e5ad95bad39e7849,283,How to make the caramel fudge?
285,f5e4ab66d46945a4,284,how do you use ice cubes?
286,19b9599084f28602,285,To dry stinging nettle leaves for future use.
287,c775eaa1e038e160,286,mold
288,1623203589b51dba,287,what is the best way to apply car wax?
289,6b177dbeadff1917,288,Jig Saw
290,c23e514d783ad839,289,how do you use a zipper?
291,2ccf44a8b0f6ae59,290,How would a person reattach a handle portion of a styrofoam foam board sword if it broke off?
292,0af008d1284dadbd,291,machete
293,3ed83f73b7c06a47,292,What is the best way to get rid of hiccups?
294,3373a2753efe3ccd,293,How to keep my child from knocking over my purse?
295,00e5b342b8164c17,294,How to apply suntan lotion
296,e41208b303cb70e7,295,"To make ensure your apartment has good cellphone service,"
297,9a41a635e32d2bfd,296,fruit
298,fbb95debea300417,297,bath tub
299,72114912f35a653c,298,To open a milk container.
300,178b0ac83f4cba12,299,Prepare clay for a kiln
301,80f8e1e8ce4ca7ac,300,cut an onion without crying
302,6c84a581dd14e4d9,301,"To cut a precise chunk out of a wood plank, you can"
303,1ad9a29e616b3ea7,302,how do you set the reward goal on mturk?
304,3da967cdc9ef0f11,303,Establish a health history for new puppy.
305,714118922a68e5dc,304,To mince a carrot
306,bf0941c4b9263d0d,305,How to underline text in OneNote
307,0132637dcb2002bd,306,How do I make a PB&J?
308,4aa009cf1bb4910e,307,How do you clean an aquarium filter?
309,86fff4185124f460,308,camera
310,2499531a20f45e28,309,To sew the bike inner tube fabric using a sewing machine.
311,66b5294c719a90f5,310,How do you blend out your eye shadow?
312,a6e4ea086b46e2d2,311,Mold and shape eyeglasses.
313,c5e238c6fe853fdb,312,How to keep ice from melting in the freezer?
314,7a5292b366841bc3,313,How to prevent a poached egg from losing its shape?
315,57b57c9ba1787d56,314,To make Belgian waffles
316,25e106922e6d4e7d,315,"To heat set a length of ribbon, you can"
317,b9ebd2fc10368fdc,316,How do I make a hanging lamp with Christmas lights?
318,0e188a6892a78076,317,toilet tissue
319,286c8c3ed23f96aa,318,how to make Dry Buttermilk Pancake Mix
320,a976ce46cedc62a4,319,how do you dial on a home phone?
321,173054c03dcbc1ae,320,Add more fluff to whip cream.
322,de34162090b1038f,321,Make a new sponge from an old plastic mesh bag.
323,51bac28b9ee6c8ea,322,Scrub tough grime off kitchen counter tops.
324,0ea816ddc8e4d82b,323,To repair a cracked cranberry cookie dough log while cutting
325,d60c7294d8b748a1,324,how do you put a stamp on a t-shirt?
326,131753e581888170,325,How to add water to soda bottle.
327,2a8eeb411a32534f,326,How to make hot chocolate
328,1454021de2b703c4,327,How to teach a child to be responsible?
329,dc9b7ea758c236b2,328,lipstick
330,c4e08606bbe8b948,329,How do you tell if a water bottle has been opened?
331,487db609d0d2048f,330,How to ensure all parts of the wall are insulated.
332,70eae0e6109320af,331,How to tie shoes.
333,f2fa10e502daa02a,332,How to make a rabbit cage physically cozy for the rabbits?
334,6d4883dc21ad3efc,333,To protect yourself while deep frying a turkey
335,1856d4f6dd9e84aa,334,How to beautify a hanging basket.
336,947ca106d617b359,335,To cook the leeks before adding rest of Skyrim tomato soup ingredients.
337,74f21421d6950350,336,Make a glass vase.
338,21b0da5bf06966f7,337,To save plants from rot root.
339,a39700970ca721c0,338,How to reuse old kitchen jars?
340,9760cb40eec3e9a9,339,To make cake mix used for cupcakes more dense.
341,d6bc78b9bbb7127d,340,plastic wrap
342,90cce0d6278e868d,341,How do you make sugar cubes?
343,7f74d76c8802cf08,342,One seeks to shield themselves from the rain via easy DIY methods.
344,123f078f06dcb985,343,Avoid being under powered during trips.
345,a182c96ac4a123e0,344,To wash clothes in a washing machine.
346,a30f2d61c7ec56a6,345,To prevent the jars from breaking when they are filled and processed with homemade dog food
347,318d3e6a12dcaad8,346,how do you save a contact in your phone?
348,27f3e8de36714a2c,347,How can I organize waste in my car?
349,ec8a10d6d908244b,348,How to create a shape out of duct tape?
350,32e3336ae4c31fd7,349,To cut the bacon for the zombie burger
351,3923b8f616eb9e51,350,How to use an earth magnet to find a stud in the wall.
352,095a731f268c34bd,351,Cut out pages from a book
353,f8b36f93f775a631,352,To get the clay flower pot bread flower pot out of the coals
354,f4a2fd02fbe1d31a,353,To prevent birds from pooping on your car.
355,bbd35a0c69517ebb,354,How to make tuna salad.
356,221b90fde407bf05,355,compactor
357,b4415a2492ab0c55,356,How can I fill dents and rough areas on the surface of a wooden table I am building?
358,8e7197dec1cc6581,357,A nice canvas
359,d1d28063bbed88f6,358,How can I neatly store my headphones?
360,1283480f0b1c460f,359,How can you you ensure that wood planks do not split when drilling holes in them?
361,694841eadea9c6b4,360,To cut radiant foils to be used to cover the attics.
362,df2b6ab17ddd91a7,361,To make the monkeys mouth on the monkey cupcake
363,1570625d8907d85a,362,How do I get fish for my aquarium?
364,c909538695012637,363,"To keep the sun out of your face while outside on a sunny day,"
365,2e7757f50e61bb1c,364,"To glue the pieces together,"
366,9be49c17512a4e69,365,wire
367,30915e3d4a9031d1,366,how do you use dumbbell bars?
368,7db2b00f355970ef,367,"When following a recipe that calls for a baking pan, how do you know whether you should use a gl"
369,d1f28b83fdb4863d,368,How to easily leave a note in invisible ink?
370,d47e019c2f041946,369,how do you take soap off of clean dishes?
371,daafad0df8d548d7,370,how do you customize a phone case?
372,777df81ec1af71c5,371,"To make a decorative pencil holder,"
373,a487fda3fcb538fa,372,"To roast an eggplant, you can"
374,6f0d6bb308310b6b,373,How do I clean the deck of my lawn mower?
375,4dcef04e5189aac1,374,How do you separate the yolk from the egg white?
376,00388889d7cff627,375,How should I use a sumatriptan injector?
377,2d9159e44dc7730f,376,sofa
378,db053a285f85f8a6,377,Treat a dry nose.
379,dff92db9b13e1491,378,how do you cook a cookie?
380,29d26bfbdf7c8d73,379,"To cut a length of PVC to size, you can"
381,1e648958f9b8a4ec,380,how do you turn on an iphone?
382,978d849771af6255,381,What supplies are needed to make flubber soap?
383,8330e8c2b32be35c,382,How to quickly cool down a bottled water drink?
384,1970bab56b47f0eb,383,paperweight
385,c46fe7fb7ad165f0,384,Increase chances of lost phone return.
386,0fa25702a40f0933,385,Stop stones from slipping while gluing together
387,ff158682076b940a,386,To grow herbs in homemade pot.
388,976fdfb5483df8c3,387,"To keep sweat out of your eyes while exercising,"
389,99cf6be985fe6636,388,"To absorb moisture in a closet, to preserve clothing,"
390,18fffd12c4b19fcb,389,"To avoid dripping juices in the oven while roasting,"
391,09591ecf1d98025e,390,How to mail a letter.
392,3b8cdd6105de2c7f,391,To keep from making a mess when putting holes in drywall.
393,88fa6cd2a0876b95,392,how do you dispense of something?
394,ce8d3f5ef80d9e7e,393,How to make the dough for your peppermint candy?
395,e3bec2584e0dc64f,394,How should I drill the hole in the back of the frame?
396,c2ea3c070bfbe0fa,395,hands
397,dd304b9283c0f881,396,How can I make glow sticks last longer?
398,2c477b44b15e7e3f,397,"To prevent egg shells in your cookie dough,"
399,64fbea9eb273803c,398,"When working on the electrical components inside a lamp, you should"
400,2dff423539d1dbcc,399,What size fish tank should I buy for my Betta fish?
401,3931ab5d878bb2ab,400,sofa
402,562c127328b4ea27,401,How do I start getting clean in the shower?
403,a5abcb2ffd4f9a73,402,"To easily disburse pancake mix on a pan,"
404,8f22df6b064ad1d8,403,Boil potatoes
405,9f82d9671eeb1687,404,"To prevent a door from latching shut,"
406,686ccec142f0455e,405,How to cut out your base?
407,749328f3e5ad565e,406,Prevent bottles from rolling in fridge.
408,02bd2501d9e1c23a,407,how do you sail a ship?
409,4d9ecb0d7a06bd9e,408,gun
410,a061887a1940a24d,409,To store old beer bottle tops to use for crafts later.
411,1c28b767103c1825,410,how do you check something in the stove without opening the door?
412,d90995c0b4b8e364,411,How to sharpen a pencil without a pencil sharpener?
413,d4307fc87e97ea8b,412,How to clean a hairbrush.
414,611a5e1b6580203d,413,how to add feet to a coaster.
415,7e304fff233198c3,414,how to find the surface area of a cube
416,e660363818cb68a6,415,What ingredient is left out of fluffy slime that is normally in regular slime?
417,0a6c158c59ea0f20,416,Easy way to maintain a shopping list for groceries.
418,052902e7f2bedd04,417,"To create an orange pigment with paint you already have, you can"
419,b5e7e0e6d8de9432,418,How do I keep the contents of a cooler cool without using ice?
420,b7e08299f0841238,419,How to prepare fishing line.
421,7cdf4bb8c16b5949,420,How do you make maracas?
422,24050470945386fe,421,hands
423,7167844ce7eb1ce5,422,"To make the binding for a book, you can"
424,a9295bff3cf5da41,423,Deep clean coffee grinder.
425,aba284c140cc31ce,424,To ensure your wood screws don't go all the way through the wood.
426,1adb4791f9c929e7,425,To protect a dish while it's in the fridge
427,f92caadf510c41bc,426,a brush
428,90e0980319d3017e,427,shirt
429,b32bdb5741533629,428,Avoid wasting power in fridge.
430,29af0a4463cf05f5,429,To make a wine rack.
431,db6e8fbe764e9d91,430,To attach 2 pieces of fabric together
432,54b01128108c54eb,431,How to Make Peach Puree
433,14b48f48fa4adcff,432,How can I get wood filler into a small crack?
434,708be7656efd3bf6,433,old shirt
435,349d7cbf50ec4dfb,434,How to remove milk from car seat upholstery
436,71bd08e87f8a7cab,435,"To help clear out breathing ways when you're congested,"
437,78a5a34b5f2439b4,436,To separate egg whiles from the yolk using a water bottle.
438,7d4fd9022b9db657,437,how to make basic risotto
439,679b60fd98e32f19,438,To prepare frappucino bottles to be repurposed as spice storage bottles.
440,2405483bd8a99664,439,hook
441,a0ced568b2d06e53,440,How do I preserve a 63-year-old bomber jacket that my father wore in WWII?
442,e8c88df8099a4d80,441,To turn heavy cream into whipping cream without equipment.
443,c5b83d817fd652e2,442,How do you grill fish without it falling apart?
444,9ff10361155a6347,443,How do you organize dirty clothes?
445,3b8cbe1a825ba542,444,Removing small scratches in the finish of wooden furniture.
446,a08eb39b4bdfc63e,445,To quiet and noisy box fan.
447,013ca7ff4926f7e6,446,spear
448,2ed01acef555ff3e,447,how to bulk up thin soup?
449,75b3fa837667a25f,448,To mend hems quickly without sewing.
450,627fb66da90602b5,449,Make extra money using my house this year.
451,2645f33adfff416b,450,To cover the slide portion of a child's wooden slide
452,8cb67699d2ee7b39,451,Supplement a possible bad gift.
453,fcbe16cc6ce031be,452,"To get a rebound in a basketball game,"
454,7123b4e444da0152,453,to taser someone
455,eab4ebbe31919085,454,Prevent rugs from moving.
456,27abc4f5a493ce7c,455,"How to heat a knife to cut thru plastic, rope and other hard materials"
457,2b2a471db5069d1d,456,How can I sneeze when I feel like I want to sneeze but can't?
458,f7c4a9a90831396d,457,How to keep brown sugar from going hard?
459,5a266100dd8c0e26,458,How do you clean inside windows?
460,d7f0b2f5b2a3b150,459,How do you replace fabric in something with a hole?
461,752d88878d19021a,460,How to create a golf ball pendant?
462,a78c2be597af3973,461,how do you blame someone?
463,6fc2860fa9cf9917,462,The best nail to use at every crossing of a roofing job
464,bd237412c8653cb5,463,Freshen up breath.
465,b4f840de419b8572,464,Get enough rest before a trip.
466,8924652cdb4d7dbf,465,"To clean an engagement ring,"
467,af254b5c10677491,466,Hammers
468,180ddfe18a633bce,467,desktop keyboard
469,12e8af157e946819,468,Melt marshmallows and butter for Rice crispie treats
470,def35e82fd4e07f1,469,two forks
471,84cf5701d38b8ad8,470,to make popcorn without a microwave.
472,e969998d544f4b9e,471,"To keep your entertainment center safe from children,"
473,d4a39f5bbaa702ec,472,How to seal off small damage on a plastic surface?
474,51281fc2715a3940,473,soap
475,a01215deb84808f9,474,Use peroxide to lighten hair
476,b751048334a1779e,475,How can I remove wrinkles from clothing?
477,3f85de136fbbbb6f,476,To add a cinnamon swirl into your loaf of bread
478,6c2b64f22c2d78c1,477,how to clean road salt off of leather shoes
479,b2ab5b1249986f18,478,How to thicken barbecue sauce.
480,4fa7a330fd69254a,479,basket
481,0ed5f12c5bb2f98f,480,"To flatten a woven rug so it doesn't bunch up, you can"
482,840880755db2f1b5,481,To keep berry and granola layers intact when making Granola Crunch Berry Yogurt Popsicle.
483,57a318f578a0b701,482,dresser
484,c597a83aa4f4ce82,483,How to open an electronic gadget's case
485,c8173e7c61bf6232,484,To hang a picture frame up.
486,72f0b1fdf9dbd5ef,485,Cut the sleeves off the shirt
487,d827667af14e7130,486,cotton ball
488,210f9e58897d44fe,487,To fully cook the mac and cheese in the oven
489,7c0a22daa8f65512,488,"To make seat belt metal cool on a hot day,"
490,72dae7f1b11dd09d,489,comb
491,bc38414c476cc92d,490,"my eggs are almost expired, do I have to toss them?"
492,b9cc650d31200df4,491,Make a candy cane ornament out of beads and a pipe cleaner
493,4d211f05e3ab8df6,492,To attach wefts of synthetic hair to one another.
494,b0b1814d1813ab3e,493,watering can
495,2405e17ac6eedc1e,494,"crisp, textured layers in crust"
496,05f6e7a103eed357,495,"To mark lines in a piece of dough, you can"
497,5b1830811c1720a2,496,How to infuse coffee flavor into cream?
498,7778f03e875e1129,497,radio
499,f7101e2115305a9e,498,"To make an effective piece of origami,"
500,b3afbd6d8ede69b1,499,"To insert a G-Tube into a stoma,"
501,0af15d65a421dfcb,500,How to stop a pie crust from burning while it bakes.
502,2e816d05c36ff751,501,How to entice picky fish to eat food treated with medications?
503,120c8927847fd316,502,To drive in a screw at an angle.
504,7375fab345bb7183,503,To serve the microwave brownies
505,bb120aa233ecd5b9,504,Organize tiny office supplies.
506,67843d501d640719,505,how do you fry a corn tortilla?
507,990df5263f5cb169,506,folder
508,af5661ca33c28efb,507,Fall asleep easily.
509,dee2b737c8ad3cdd,508,How do I open a water bottle if I can't do it with my hands
510,46bf44c3b74274b2,509,Cut a book cleanly in half.
511,8c4d7c1412faabff,510,What tool can I use to deburr a copper pipe when working on a plumbing soldering project?
512,18151ecbb2576b49,511,how to make slow-cooker polenta
513,9842fabcc96f7bcb,512,To make caramel popcorn.
514,1986afb495614c7d,513,"To reduce the volume of the sounds that can be heard through a wall,"
515,ab4b1f17b5faa6ee,514,How to wear a wide brimmed hat?
516,c7aa25d1985b52e3,515,How do you cut a circle ruffle?
517,a3b61cf7afc8617d,516,How do I attach a screen to the top of a trash can?
518,ec335e59f3d46c64,517,To iron small spaces in between buttons on a shirt.
519,388588155ba9cbe5,518,To create the perfect white russian.
520,1e3bb1f1142be99b,519,"To clean stainless steel pots,"
521,84f06dfea416ce97,520,how to allow more drainage in a pot for palnts when repotting
522,6eba698782c1aa1a,521,how do you calm down anxiety?
523,a69a824a40c6f12f,522,Sift flower for a recipe without a sifter
524,313558eace8093f9,523,What flavoring do I need to make indian kheer?
525,2490167ece46c6fb,524,Avoid getting burned by hot seat belt buckle.
526,2662540963688440,525,"To make a simple chili recipe, a cook would need to have,"
527,eb885b6c2513d50d,526,how do you squat in an apartment?
528,9d635883e164fad5,527,how do you cheese something?
529,86f679d5313f3867,528,Prevent cake from sticking to pan.
530,7599258f041e806c,529,How to prepare to patch a bicycle tube?
531,5832d139c128a84b,530,How do you dry herbs when making homemade herb oil?
532,ff6f36055f276476,531,How do I get the weeds to stop coming back in my garden?
533,db9c672bce962975,532,how to make the color orange with paint?
534,484ef0feb004c747,533,Organize small item supplies.
535,4b6f88024bbd6ef1,534,To thicken syrup made with berries.
536,dfdc0c33d6a37e85,535,to attract blue banded bees to the homemade insect hotel
537,073302bd35d2e1a8,536,how to remove collar stains
538,856251a2ab030ac2,537,How to make Cran Apple Tarts at home.
539,b7d2b26bb64bf4b5,538,How do you dry out a wet honeybee?
540,a6bc273051431b79,539,how do you declaw a cat?
541,c97968077cb57986,540,"To engage in activism in order to combat climate change,"
542,35501e3f801ac006,541,"To treat superficial frostbite,"
543,dad3da7b320d860f,542,pen
544,18b9308997d9d742,543,crayon
545,86b264e722b307c5,544,How to download an app on an iphone
546,a1524d75fe2018c4,545,Put a layer of light heat protection between fabric and wood.
547,fcfb39a58b9a969f,546,"To make your way to the front of a concert audience,"
548,d7567c55f11b7076,547,blade
549,f2b65d2fb55d1542,548,Keep cutting board in place.
550,ad10029f6273a886,549,Remove corn husk easily.
551,7542a71a24891635,550,Ingredients for strawberry glaze sauce.
552,00ee486c8679d025,551,How to remove a stuck light bulb.
553,ddc43389376b2917,552,bowl
554,708918cdfb8d1092,553,What can you do when your drapes in your hotel room won't stay closed?
555,10c633fd56e7e26d,554,"To measure oats into a measuring cup without making a mess,"
556,8ad7a7f5455f3199,555,How to hide scratches on leather furniture.
557,37ccd76a0d3ffa77,556,how to make chocolate vanilla wafers
558,80edf61aad4a66b2,557,A convenient way to store trash bags.
559,5b7f787a107df091,558,How to cut wood on a band saw.
560,7340444ffff86852,559,How to make shoes larger that are too tight now?
561,1c62287b9d0b3081,560,key
562,9c04574d5d37c851,561,Write a message with candles.
563,840f42286b8ab87f,562,How to make Chocolate Macadamia Ice cream at home without an Ice cream Freezer.
564,6655b721eb2f9f3e,563,how do you carve a pumpkin?
565,ed2c8d10515380f5,564,open jar
566,ec737f795498a9e9,565,What do I need to incubate chicken eggs?
567,f50b76cf0485fda3,566,make a back of earring
568,922856078ec0337d,567,"To make use out of coffee grounds,"
569,39de2e7177d7d423,568,toilet tissue
570,4ae488588c76bf4a,569,how to make sweet potato spoonbread
571,b4eef73606bf6193,570,How can you avoid being affected by Poison Ivy?
572,a2a5116cec8294b4,571,Remove tiny pieces of shells from cracked egg.
573,43e7952217025d0c,572,How to cut dragonfly wings out of metal.
574,905f3856b5e2ea10,573,fried pickles
575,091fdf38d322c67c,574,Prevent cold sore from spreading.
576,5c3801ba2a247281,575,how to make carne asada tacos
577,46ea8aa59cdb86d1,576,how to open a lock illegally?
578,21d2e0795959cde1,577,Remove sand from feet.
579,38bf2c52a397daa6,578,Treat muscle cramp.
580,c1845ee50f107c96,579,how do you stand a bike up by itself?
581,b6541b865541d79e,580,machete
582,5ff4b68724a9e7c7,581,How to Meditate
583,15cba565f0129e9d,582,How do you remove mortar from a brick to recycle it (the brick)?
584,811e1605bed12b90,583,How to keep herbs from wilting?
585,f987db26c0c73d6f,584,"To cook down chopped apples mixture,"
586,052a20e201f758e2,585,How do I clean plantain leaves before cooking?
587,95e79dc744e513ff,586,how do you chew your food?
588,67d02f89505fd298,587,Make homemade pasta from dough
589,ecb859729f99c320,588,to keep from ruining the walls when painting
590,03b7a8affd716d60,589,microscope
591,5260f8775ade5d1b,590,To know when your plaster mold is ready to break open
592,8583218045a12fc1,591,Remove smell from camping gear.
593,b47555647bd7fb20,592,Are nasturtiums easy to grow and are they beneficial to my vegetable garden?
594,afb70c2f9d1b528b,593,Speed up clothes ironing.
595,afce41256fc35af6,594,What can I drink wine out of if I don't have a wine glass?
596,d9dfad5830c28fbe,595,how do you mark something?
597,841f299d884f5ff7,596,how to wrap soap
598,f831b5cc93faa1ee,597,D.I.Y nail art.
599,ad96ead425bcfeb1,598,How can I cut pieces of wood down to the length that I need?
600,ca755149af1634d4,599,how do you use ketchup out of a ketchup bottle?
601,4ae977903bcb0f70,600,To use an Nintendo 64 rumble pak.
602,bf8661d7ddc555e2,601,"To increase the heat in a recipe using jalapenos, you can"
603,d3e5b4dcc65b85a9,602,Put wheels on the helicopter
604,1ee7f39d9b705ee0,603,How to grow a beard
605,a964f457617e47da,604,Spend a night in a parking lot without getting kicked out.
606,86116d49b947518d,605,How do I know if a bell pepper is full of seeds?
607,1b731d4c5bac7355,606,"To brighten the flavor of a fish taco,"
608,1b25e0076566a2bc,607,How to Transfer Words to Wood
609,025d7fa5a927dd45,608,"To attach splines to a wooden frame, you can"
610,52f1f9e25813b931,609,Easy bookshelf.
611,bd16fed3a39ff137,610,How can you make your stale bagel edible?
612,8d80937dfff12772,611,Paint your nails with polish.
613,ae64cecd1c21ef19,612,How to serve chicken for a family?
614,b54bc4e4c4065175,613,How to properly store kitchen knives?
615,6357178702377fb0,614,"To make as simple bread recipe,"
616,4aade7f2aed28464,615,how do you check your credit score?
617,474fb194a9d8cdd2,616,tape
618,ddbfd9ecff68ac74,617,listen
619,8738b842d144fea5,618,How can I soak up spills on concrete?
620,75d9989d097bc797,619,How can I get a stain out of my new hooded sweatshirt?
621,5f344ce876222a25,620,how do you scavenge for something?
622,d10ec43c9e57c734,621,"To see what a baby looks like before it is born,"
623,5eb3fba7bac7e1f5,622,What ingredients do I need to make raspberry bark>
624,3f35673700bd480a,623,Hardened ceilings
625,efb5b3a71f063b9a,624,To repair a dented automobile bumper at home.
626,5971737cf7e9565d,625,Make gourmet marshmallows.
627,48da9b675f255061,626,Butcher Shop
628,094590b0b11b02a7,627,How to cook meat on a fire pit without a grill?
629,b93810fc603f678d,628,machete
630,e6561b1c57921d44,629,how to strike a match
631,5d16cdf759fb0892,630,clothing
632,3f97a78ad13bad80,631,Is there a product that helps keep dirt and grime from sticking to my car?
633,421f4d2cfed331b4,632,What can you use to sound dampen your room?
634,b60ae78d132ac819,633,How to make a container for makeup brushes?
635,e439b25afd0106bd,634,how to store summer fruit for winter
636,ca706e90b3292e18,635,Remove musty smell from room.
637,a3bc09cfede1ba5d,636,How can I easily add decorative feathers to a dream catcher?
638,96fead831056ac07,637,To make the monkeys ears on the monkey cupcake
639,df7a4c630aa4e560,638,To shape the Popsicle sticks into a sunflower shape.
640,948804a28558da5c,639,"To allow dough to become firm, you can"
641,980b7abd3fab9564,640,make a bowling game in the yard.
642,ad0d2482bfa1c613,641,where is the constellaiton Octons located
643,20c486410ada9afe,642,To determine how much iodine needs to be added to test the water for drink-ability.
644,69206bf2d1ccd471,643,To clean the front grill of your refrigerator
645,7426e9ace70b232b,644,To keep skunks from coming onto your property.
646,2116e02cf8ead986,645,How to shower correctly
647,a09bdb69b425c8cf,646,peeler
648,bbb5313527fd54c9,647,how to make southern ham-pickle salad sandwich
649,bfcc8c1c366d13b7,648,Catch a mouse in a trap.
650,389f7ff0cc3d8fbe,649,What is one of the best aerobic exercizes?
651,df21181768f31630,650,How to make White Chocolate Mint-tini.
652,a8086decf5dc8837,651,To use pliers properly.
653,139faa6b52894ff2,652,How do you lodge a knife into a firewood log in order to split it with the knife?
654,ca51150f15627116,653,"To make a graham cracker crust, to turn graham crackers to crumbs, you can"
655,7be12082661276eb,654,How do you make jello shots?
656,bdedd846ff6e8096,655,how to let go of feelings?
657,fe752d252903d117,656,what is a great rub for chicken?
658,6203b1c0d133e363,657,To get wrinkles out of shirts or slacks.
659,56f381f8e123eb20,658,"To increase resistance on a metal spool that has a spring inside, you can"
660,bbef3a62348e81c7,659,Make antacid tablets into calcium carbonate in powder form.
661,df8f98234ab92f51,660,"To store food without a refrigerator,"
662,d3db3fcaf6c0ab4b,661,How to store bread so it does not go off?
663,dc5ec4af462d5f94,662,Create disposable door mats for rainy days.
664,e7d6b57b23c754ec,663,bowl
665,2306faf1fecce607,664,How to make a garden in the city
666,0662835905d2380c,665,What basic tools would be needed to work on electronics?
667,0fff56f05de2ad5d,666,how to keep a cake from drying out over several days?
668,813cbfee1321ca86,667,How to install hooks into a wall.
669,07e5ad3fbc4270ef,668,Prevent people from approaching you in public.
670,04664692c6e5aed5,669,"To attach two pieces of leather to each other, you can"
671,1816f39b74136092,670,How do you break down the leaves harvested from a Yucca plant in order to process it for fiber?
672,9785b0eaaeb22cda,671,To list the materials to carve wood
673,198cb6dbca7a967d,672,To cut a milk carton to make it into a wallet.
674,7fd0e2f5d8576581,673,How to finish wood table after pictures have been glued on.
675,abcd67e7a6f94f61,674,Where can I find good music to listen to
676,f50e3aa451a86e84,675,How to keep a car interior clean and tidy?
677,1e4bd06c95e99965,676,How can I make my keys easy to tell apart?
678,08963b844b700753,677,How do I mix in the flour for butter cookies?
679,3c3530158c7bf5cf,678,Is there a certain perfume or spray I can wear that smells nice and can keep away mosquitoes?
680,090cf6961fb13a73,679,how to make deviled eggs
681,ad2d4cb1571db1cc,680,how do you open a wrapped present?
682,4e47b9fba204409b,681,basket
683,7e2d6f747418818d,682,How can you get the smallest size drink at Starbuck's?
684,0952c57e7b6764c2,683,Learn a new way to take an interesting selfie.
685,4727c4239145fb03,684,how do you write down time?
686,f660b3fc8ded337c,685,"To make ice cream easier to scoop,"
687,8b8a51c5a5252204,686,Make paper bird feeder.
688,6b911507fa7ac1c3,687,How to make low fat Meringue baked clouds at home.
689,08ce993e46924058,688,piece of nylon pantyhose
690,2924939ae4a01c75,689,Remove hair from kitchen drain.
691,541955cfc0bc15aa,690,To keep plants watered while on vacation.
692,e3bd50277cf9adcb,691,sticks
693,a70d4fecbe2afb7c,692,"To charge a phone while out in public with only the charger,"
694,a28ea559b7a2b7a8,693,fertilizer
695,b8e054dbba7e3219,694,Make air freshener.
696,7ae198725778b6b5,695,How to wash your face?
697,f0f915f146dcead0,696,Set up a magazine holder.
698,97bc5def0cfa856c,697,hands
699,ff07fe4389a810a8,698,how do you pick up toys?
700,d486dd3e9161bde8,699,rope
701,b90651816b53c43c,700,how do you open a wine bottle?
702,1f54b12d7ee8c758,701,broom
703,8751c6040dc1047e,702,How to make spooky fantasy Blood Orange Fudge for Halloween at home.
704,72c723d3f039c217,703,to keep your word?
705,aeea7fb32cd32171,704,how do you use a siri suggestion?
706,e85c26d515968df8,705,How to dislike a video on Youtube
707,71f12d01fd908d39,706,Squeeze a lemon wedge into a drink.
708,8ed2c668977942dc,707,"To clean out your dishwasher,"
709,3a989ab318d555cf,708,"To make a ball of aluminum foil,"
710,9e1460cf01a1d543,709,repel flies
711,5d5f4fd67670ec0f,710,If you want to get money from an ATM or other cash cheaply with no fees what can you do?
712,89e62b03d44483df,711,Prevent drying paint.
713,a86536b8f830d6af,712,use baby wipes for hemorrhoids
714,01f098f925135c97,713,To prolong the life time of your flowers.
715,f5d3061ed02ac2fc,714,Keep cut spot on tape roll.
716,a3bf9edf08f81452,715,What kind of berries should I use in a Purple Goddess Salad Dressing?
717,244eb896854d7608,716,Treat a large cold sore.
718,572789992035f77d,717,Remove seeds from strawberries
719,c5055a1ff4d8c1a6,718,Increase pressure of vacuum cleaner.
720,b15cc06cc17f47e4,719,a knife
721,884b05faf95fdb9d,720,Add shine to microwave.
722,c674beeda38a8e59,721,how do you make soup?
723,38687a3d93802d0f,722,How to properly dry and clean a knife?
724,1921eb151064d791,723,marker
725,c700c84e0a58dd9f,724,How can I keep a bathroom mirror from fogging up?
726,289dabb60b1dc2c4,725,how do you sit a baby in a restaurant?
727,a6307631ede950c1,726,How do you get rid of Hiccups?
728,6bf4ef14e90fbddd,727,What color should I paint a cardboard Iron Throne cat bed?
729,4a69c7ad9e39ecbd,728,Moisturize skin without lotion.
730,b77f194f4a10eb37,729,to make it easier to push the reset button of the garbage disposable machine which is located un
731,d20e656df963ca17,730,"To more easily access popular rides at a theme park,"
732,6d04ce56c76926e3,731,To make an iPod waterproof for use when swimming laps.
733,0c3c32dff6792637,732,ice cream scoop
734,967d1f53d3d2f2f6,733,How to boil pasta
735,e2b899146f274456,734,how to clean a microwave
736,ee0de81ef3ea6f70,735,How can I get more gas for my money?
737,d75ac2dc27c28494,736,trees
738,6b68baa03922069b,737,How to make mashed potatoes.
739,5c9b93ce6595ab6c,738,how do you use concealer?
740,f0afdf2d97c8e0db,739,ice pick
741,284814c1a25f6e1a,740,"To make a BLT,"
742,afd4c04dca2c658a,741,Make vase structure (shell)
743,4f60ba4942709e45,742,Organize frozen food packages.
744,ce45be3320531bdc,743,How do you prepare mashed yams to be cooked?
745,ce43b7217488ebdf,744,",A knife"
746,f7c87cb6b58b6bda,745,To prevent headaches from eye strain.
747,5179a9b96e5f3ded,746,Guard mixer from splashes.
748,eb83017b57258b6e,747,adding scents to lotion bars
749,802b7ae2e5d647e7,748,How do I apply concealer?
750,4621408e84eaddb0,749,Decorate messy cords.
751,46dafe7d4eb45dc9,750,How can I keep mosquitoes away?
752,4049b266c7620e4f,751,To bang a gavel.
753,14345b09546d9076,752,how do you experiment with something?
754,dbbdcffd7141c785,753,To bend copper wire into a V-shape
755,22a618d343a07b5e,754,Make house smell like a bakery.
756,4978994e2952c709,755,"To smooth a wooden rod so that you can drill into it, you can"
757,618f0ea70a4b775b,756,tongs
758,8aebf5fd7d04ce8e,757,How can I remove the green tops off a strawberry in one easy step?
759,eccf3aa419b817df,758,To keep necklaces from getting tangled when traveling.
760,a4fe74a3725a4d13,759,How do I prepare my parchment paper when making pavlova cookies at home?
761,cd4ce675ae480d55,760,Save money on groceries?
762,18eb4b6800118168,761,"To get rid of a mouse infestation in a home,"
763,a62c4f163e8697ad,762,To make a rubber mallet when you need one for a project.
764,d9945b1ad5175288,763,How to finish the floor of the treehouse.
765,58a692d039cef977,764,"To prevent injuries when carving a stick with a knife,"
766,da7783bdb7c1f692,765,How do you make beaded hair sticks?
767,89c7eb73796bdcd9,766,how do I fix a squeaky window?
768,fc60ad5b7f1ac83d,767,How to apply sunscreen to the face?
769,d47187ea2e9cfb78,768,how to roast butternot squash
770,8f9b0ebfe9cf12cd,769,Remove sticky stain from coffee table.
771,370b39e5e0b567b1,770,"To build a heated floor for a shack,"
772,5b3601f1ed9d7b30,771,How to wash your windows without leaving streaks?
773,6ef98b08243dded2,772,"To harvest kale from the plant,"
774,352c6dc885c12200,773,"To remove the rust from a small garden tool,"
775,f8ebcdc138e072f4,774,marker
776,cc84df3194b781c6,775,How long will it take to cure countertops when redoing a kitchen?
777,1ad384d2cefa8463,776,make pineapple drink
778,279cadc1bfd5b557,777,Prevent lightbulbs from sticking to fixtures.
779,763aa4392f021fe8,778,How do you close off the balloon at the opening to make sure the beads do not fall out in a stre
780,f22837cf259380ff,779,How do I put fiberglass on my board so it will be stiffer ?
781,469bf95b891d6f62,780,How can I mark walls for hanging or placing something?
782,a48801a575feaeae,781,To grate butter for use in pastry without the butter melting.
783,cae8b93878570e2f,782,How can I safely melt the ice on my windows?
784,8558a7cbeb412fe4,783,How can you get a free pickle at Disney Land?
785,97489683e6ac50f6,784,Make organic air freshener.
786,71246f99bd5945a1,785,How to paint your go cart?
787,8c734f126a2200a0,786,How to clean a chicken for cooking?
788,536ecfe1e4e99512,787,how do you flex?
789,061b9d7e5fe4994a,788,How to serve chips directly from the bag?
790,2cdafd4ebed631ab,789,to shake your head?
791,ac4bc6bce6ac139b,790,To replace the battries in this flashlght.
792,247036c673e9b5a6,791,"To clean a toilet bowl,"
793,582a93c83cc5b33a,792,tub
794,3593ceb9a414d150,793,How to remove the frame from an old pop up camper?
795,37769de683bbde6a,794,how do you put a collar on a dog?
796,ad8f36a6b0d72a03,795,Reduce amount of food in diet.
797,5d3241075c67324c,796,How to Cool Burning Skin from Chili Peppers?
798,fa8fd994be099a12,797,Trick kids into taking powder medicine.
799,0a77bc7ea8bc423b,798,shot glass
800,01e2957cce866ae3,799,"To cut a rectangular strip out of cardboard, you can"
801,638e4713a3e16e96,800,How can I cut cake perfectly and NOT smudge the nice icing?
802,7ca9321ee41e1720,801,Make bean sprouts at home.
803,a9aa4935399d80c5,802,how do you cut a sandwhich in half?
804,0f00a10cccd34442,803,"To trick your teenager into cleaning their room,"
805,461701973aa9c1a3,804,Remove dust residue from chalk boards.
806,4e97ddbe109c7481,805,Prepared Potatoes for making Mashed Potatoes
807,f41437dad9cb8e5d,806,"To prepare a potato to roast in a campfire after you have washed it,"
808,f484c29423796329,807,how do you use a draw/erase board?
809,c51bf9ee6dd2de30,808,"To make a piece of wood darker in color,"
810,9634d43df050df14,809,sweat band
811,53a1d050b52af5b5,810,Attach tooth picks to a cork board to create a thread spool holder.
812,fbe32f9d0a12f751,811,How to flip chicken in a pan
813,732d89d5d50c9a01,812,How to Prepare Colored Pencils to Make Easy Pen Holder
814,84b27d1dca5dc2bf,813,How do you get rid of acne scars?
815,fa2f5fce77d8ba27,814,To mount a TV on a wall.
816,28d7a0a15b4732b2,815,Retain study notes in brain.
817,84dd83e6cb951476,816,Make clothes drawer dividers.
818,7f8457340b975b57,817,how to make grapefruit taste sweeter
819,d35de9a0670bbf25,818,How do I arrange fresh flowers in a vase?
820,11cebf11efe4ce4d,819,How to improve your jaw in boxing
821,a0965e97bcce95e6,820,"To cut through a plastic strip, you can"
822,954499548ada76df,821,"To clean inner tubes, you can"
823,d101d89d20c78476,822,"To remove a screw from a board,"
824,57be1c254189e7c7,823,How to brush your teeth
825,9df9b89d6b3802ee,824,"Stop a key from sticking in a lock, or from being difficult to put into a lock."
826,0c4941f9e999342b,825,How to make a wrist corsage.
827,77c4b88ae4460956,826,how do you stop a stomach from growling?
828,6dfd8911fc383c98,827,How to change to a new Wifi connection on Windows 10
829,a616dd20adf69b12,828,To chop parsley
830,2ac2cd54884796de,829,How to make Fresh Peach Ice Cream at home.
831,1a4e9c57d2f4fce0,830,Remove pantry smell.
832,f0aa9d86674d76fd,831,"To toast a hamburger bun, you can"
833,2202b15bd75cfa41,832,Dumpster dive.
834,ee105c639e05cb46,833,"To make a ball of ""yarn"" out of fabric from an old piece of knit clothing."
835,9d2dd55df9ebe473,834,How do you make your trash cans smell better?
836,01af0a5aaa6fa370,835,"Sift the flour, baking powder and salt."
837,d324e3f3eb89ad7d,836,How to attract hummingbirds to your garden?
838,ffbbd83e91a46f4c,837,"To remove ink from a sheet of copper if you make a mistake when applying a stamp to it, you can"
839,84805bd469713371,838,"For making leather earrings, how much leather would I need?"
840,d7dd43c85491c80b,839,"To organize the untitled music on your phone,"
841,be9bc49f9a3fc69d,840,mallet
842,0b8fe05947a38170,841,"To make the most of an exotic trip,"
843,cc02d71a29c34353,842,Make a quick tube dress for your daughter's barbie doll.
844,a480010548d1b3d5,843,how to make a salami with spinach sandwich
845,b6a56954d78f6bfc,844,How can I slice up a banana?
846,e72ae54d814915c3,845,How to clean a toilet.
847,dfc36926a1dc5dff,846,To create a template for a 3D papercraft project.
848,8c76c6c2814d52fd,847,One wishes to be more artistic with their smoking.
849,7704db50a52d2462,848,cans
850,2184c076a9723a21,849,To peel the shell off of a hard boiled egg.
851,531dd7acea7645ea,850,"To use a splash of vanilla extract,"
852,ef77ef1d0b76b127,851,Brush dust off eyebrows.
853,d12bd9167f4ee702,852,How to drain a bath tub.
854,fff92e96c7e0fb00,853,"To decrease the amount of car pollution in the atmostphere,"
855,40f32359705fdb77,854,how to make a watermelon shake
856,bfe39fbec69c43eb,855,sleeves
857,e9c7a7bfa930dce8,856,To prepare plums for filling.
858,f6eb39636f9131ff,857,gun
859,9e1cc625a93ef731,858,"To obtain water that is hot enough to clean jewelry, you can"
860,812608058ae0e983,859,To remove the seeds from a butternut squash
861,2446e33f4e70264b,860,To temper chocolate.
862,55693df4a4456b0f,861,"To attach strips of cardboard to a larger piece of cardboard, you can"
863,2827a022cb1a5d28,862,Dry out shoes quickly after rain.
864,8c34edf691c10d44,863,"To secure a bolt in place, you can"
865,b36d0ebeaec15c15,864,how to make smoked-trout salad
866,c7ee2075de01579c,865,how do you give a confession
867,7fee2dd1077ab7d4,866,How to finish your braided cord bracelet?
868,8ded8c49512452ec,867,What can you use for a fence for a DIY bird feeder?
869,d3f1dc45f2ae8150,868,Take pet hair off sofa.
870,b3120e8795a5b586,869,"To make a pretend knife for a cake, you can"
871,c7ac5cdcdacf76f4,870,how to easily collect produce scraps
872,9384b4357b62f019,871,How can I make a home amplifier cheaply for my I phone music?
873,eb305249e62ce146,872,how to render bacon fat?
874,abaa94ccf64b9551,873,"To increase the flavor intensity in a pot of soup,"
875,c6399e32ee988416,874,thimble
876,50c4a0c37a084c9c,875,To secure the thread when using your sewing machine.
877,7e45fe6deff275d1,876,To attach the wooden boards the LED lights will be attached to the wall.
878,dc4b7b982b1d4cf8,877,how do you buckle down on something?
879,67b86e21bcbdd95c,878,"To pour hot fudge over ice cream before serving,"
880,5eab6a25e4bcfb10,879,"To make extra money in your neighborhood,"
881,6dbcefa256304280,880,how do you clean the pumpkin seeds?
882,10c249e1a5a433bf,881,To prevent dust from getting into resin design while it dries.
883,d1d7a19097b0526b,882,How to make Beef Tallow (with a Slow Cooker).
884,e6b6ed22d44e1fd7,883,How do I get an airbrush painting onto the material surface?
885,3431ae3801970a5b,884,"To substitute for eggs in a banana bread recipe,"
886,b92a66d1ff95b39e,885,how do you save a message on snapchat?
887,3ed4141526cfe69e,886,To get carrots to grow in your garden.
888,8a758d50e392fd51,887,"To dry potatoes for frying,"
889,c57a430e9f72bd95,888,Wire Racks
890,ea5e3d0f7047319e,889,Prevent feet from sweating when wearing flats.
891,b79cf47d8ea3696f,890,"To start the bed bench project for your bed,"
892,d62ad0c2ed492d78,891,How do you ensure a potted succulent will drain well?
893,e23ab881062e141a,892,To make corn bread.
894,3a200c781a1162c8,893,Remove caked dust from plastic window blinds.
895,00fcf94f5ddc1d88,894,How do we patch the concrete cracks?
896,be1b6e887be07d13,895,wool
897,88d4a544bbb7527c,896,How to remove pesticides from fruit?
898,03ce60652820330e,897,How can you legally get a free donut at Krispy Kreme?
899,dd47679aac919296,898,Create your own templates for quilting.
900,952b40020e810714,899,a shovel
901,6260a1e0c3ba8212,900,"To rinse out an egg hair mask,"
902,ce69e67c44fe91ba,901,Remove tick from skin.
903,01c88b1d28dc3c8c,902,To replace vitamins expelled by body through frequent urination caused by diuretic alcohol.
904,9dbf9fcbed407e7e,903,How do you build a moss wall in your planted aquarium?
905,6a77b3ccf934e98b,904,"To seal an envelope,"
906,a05a45ba7176cac1,905,fist
907,869ffd0cdc6df158,906,To clean a thermos without putting it in the dishwasher.
908,26723ab764fd9b9e,907,What supplies are needed to make a vinyl record door curtain?
909,76ab58c1a1c4576c,908,How can I keep all my small bit organized?
910,46033cca0c41240b,909,How can I get rid of the ant problem in my bedroom?
911,05d32b08138f368c,910,How to puncture a hole in the bottom of a soda can.
912,f26e59cf911ef453,911,How to smooth edges of wooden leaves.
913,1ef3addc32d372e8,912,what materials do I need to paint an umbrella?
914,96bb0bb64b80ccd8,913,How can I charge my phone in a hotel room if I forgot my charger?
915,5b23d236e95c78ca,914,How do you make a snow ball?
916,93ce5187f95ceb5e,915,How can I make playdough that my child can eat?
917,703b724705ab4e6c,916,To tidy up the pancake making process
918,c08f6cee32dda2af,917,how do you put underwear on?
919,d7c0053b21e09116,918,"To store your seasonal items,"
920,fc4388040f8334c1,919,how do you check if you're pregnant?
921,a8ed16a854410217,920,Maek homemade chinese noodle soup in a jar
922,8b47278edc63fe9c,921,How to make Tropical Storm sauce at home.
923,d2ed6fa2a84208a2,922,How long do you let the dough rise for the bread?
924,2162e184cd89b898,923,Prevent soggy microwave pizza.
925,a58bc2f62b3a6c97,924,"To place a screw in a plastic lid, you can"
926,2de2c85a2ce531ae,925,What is the best way to apply nail polish to a professional result?
927,64931a61c0c5d52c,926,How to clean urine inside a toilet?
928,cfffe556c0b9b680,927,What can I use to draw
929,d010089068fc72fc,928,blanch asparagus
930,2e76330f5057953d,929,How to ensure the rice for a horchata drink has a smoky flavor?
931,b2b6d2ecced4a5a9,930,Use healthy sandwich alternative for mayo.
932,a33cc848fc84f6af,931,straw
933,356145110db8fe88,932,To make a gnome's body filled with lavender flowers.
934,0da215629a424bda,933,How to make spiced Orange tea.
935,56a1a6412f3312f2,934,quick cook fresh broccoli
936,58e51cb6106422a8,935,Make food display shine.
937,d489e6923e00877a,936,Choose the right fish for your tank.
938,d48da097a1abf6bd,937,How can I keep my garbage disposal blades sharp and in good repair?
939,444ecf31cedf2b2a,938,How to make Oh Henry Candy bar Ice cream at home.
940,5537bab478aeb460,939,Write a children's book
941,9d76d2cc9cdc0540,940,push pin
942,bdfc3bbf281f92f5,941,How to dye yarn.
943,edaf579826a1fa8d,942,How to make hole in tin can.
944,4cd6f2420cab25fb,943,"Increase chances of winning Rock, Paper, Scissors."
945,d9ba12ffca1dc953,944,"When working with foam that contains hazardous chemicals, to remove the chemicals, you could"
946,2d64d52de78b4fc9,945,How can I fix a nail polish smudge?
947,e1d8eee54aac8941,946,How can I pull/push my child in the swing while sitting down and resting?
948,ca1c75471e60b246,947,Cranberry Honey Barbecue Sauce
949,13a498cc3b316e1b,948,floor
950,87ac6bc4312ac600,949,"To increase the power of a vacuum,"
951,f64dacf7ae7561e2,950,how to make mixed grains with dates
952,5ffe3ce9ae87dc85,951,How to hang a painting on the wall.
953,b55802acb13f564a,952,filters
954,b448894ea73fa9c8,953,Yarn-Wrapped Painted Jars
955,78bb611fba9ee426,954,How do you reduce wear and tear on the nonstick finish of muffin pans?
956,74c20d7caf016dea,955,"To crack an egg without any special tools,"
957,cbf71622c872f4c4,956,how to store fresh herbs
958,7a5223563e5e9f35,957,Cutting and Gluing the Cardboard
959,5a974c8ab5ba1d4e,958,pliers
960,1b74bb84a3247469,959,How to open a jar with a stuck lid?
961,60b8f9cc215a5f81,960,How do you undo a clasp on a bracelet?
962,83d342cf7d776788,961,"To quickly cook broccoli when making rice,"
963,6fba2a08c04c0d1d,962,Is investing in the stock market a good choice?
964,2a93b525b1e66328,963,how do you prepare flowers for a vase?
965,e42e4a1565583069,964,To attach the PVC pipe wire holder to the studs behind the dry wall.
966,d1b46576b5a92100,965,how do you use parenthesis using a laptop keyboard?
967,85a3ead1f34c8d85,966,how to make a black forest beer
968,61427e7f49fea188,967,How to string leaves together.
969,bf109973f24bf7e2,968,"To cut a specific notch in a piece of wood, you can"
970,fb74472739f140c4,969,When is the best time to go to a very popular theme park?
971,eec7e588a0332f5f,970,What surface can I use to properly iron a shirt?
972,967d38ea9cd3c07a,971,One seeks to have a decorative portrait appear to move.
973,4b59771b71f2e6f6,972,To perfectly fry potatoes to create french fries.
974,46e8110a469514e6,973,To make bath bombs.
975,53a6005c8f9fa2ab,974,make a clear broth
976,3206e7835c96853b,975,Picking out the right seeds to grow in the bottle.
977,310548bb6113dcdc,976,How to make Vanilla Root beer Ice cream at home.
978,c896f0127f0f455a,977,Discharge fire extinguisher
979,1a60a77bb38b42e9,978,how do you get rid of bags under your eyes?
980,f45a06dc95593122,979,How do you remove the center seed pack?
981,6bee4f6a937a2147,980,how to shine cloudy glasses
982,b2d9a2a63dab7167,981,"To smooth the texture of plywood,"
983,2fa527c7fa448979,982,Do I need baking powder or baking soda to make pancakes?
984,e4935454ce080317,983,"To prevent a tile coaster from scratching table tops, you can"
985,1fbd3f5e6cf49176,984,To get a stain out of clothes.
986,5107add05dcb0e6d,985,how to pit cherries without a pitter
987,1fe88af2d6b5d89d,986,How do you finish wood veneer in a natural color?
988,5f5fa428e3637199,987,How can i make my own ranch seasoning?
989,ad12f85107c76ea5,988,How to ensure that the seesaw is well balanced?
990,64b6fe9af7306a48,989,how do you sample something?
991,a7d6c11a775feb39,990,"To make your own pop up card,"
992,40271376ed8dae91,991,What's a great way to find free wood that's usable for building?
993,273a4b512dfe71cb,992,To stuff Hawaiian Burger Bacon Balls with cheese.
994,6eaf92a5da055798,993,How to make a simple camping lantern.
995,ef29076738b8e0fe,994,How to dye an egg.
996,56f7c4c73da56ff2,995,"To stir cookies into frosting, you can"
997,97f2f6aa48ec1004,996,Work for xlab
998,aac241f5f1fd344f,997,Organize the pantry
999,5418ac2a8658e81b,998,"To solve a Rubik's cube,"
1000,d96cc9c92527784c,999,How to make Hershey's Gold Vanilla Ice Cream at home.
1001,be5daa7c008a1ef7,1000,how do you take pills?
1002,af995946cf018abb,1001,To cut the rolled out poptart pie dough
1003,60228a8d14fa4678,1002,How to place the mounting pole for your hose reel?
1004,de28fdb8587d5d9c,1003,glasses
1005,94a64da6f7541c86,1004,Plastic wrap
1006,608d09364771dd28,1005,Draw a circle.
1007,c73d7a9697a0e688,1006,"To indicate where to cut on a wooden block, you can"
1008,d91439307ddc4108,1007,Remove a brand sticker from a two liter plastic pop bottle
1009,d7e35ceae863493f,1008,To make holes in the sides of a plastic soda bottle.
1010,b7a7d17415403e00,1009,What else should I add to a peanut butter sandwich?
1011,ea8ac1f48ad32e60,1010,"How do you say ""I love you"" in Swedish?"
1012,55a14a638e4657fc,1011,how do you trip on something?
1013,7ae4ef6c8c2766ab,1012,How to make a dust pan
1014,ba83a12c78df7286,1013,"To allow a pie to cool, you can"
1015,b96a60c727266990,1014,To heal paper cuts and stop the pain immediately.
1016,65216bd5d7860879,1015,how do you crumple a paper?
1017,6f07889f8dfd75a0,1016,To create a bight with congruent ends for the Lanyard Knot.
1018,e0ff91296e4e8279,1017,How to replace your exhaust manifold.
1019,299a4f5bc54bdf7a,1018,rag
1020,09521fd678eda75a,1019,Bend a piece of thin steel in half to make a loop
1021,53bad6172dff7e29,1020,how to sanitize a toothbrush
1022,077c2228acf09188,1021,To make a wallet out of cartoon paper.
1023,bddfec4a0410793b,1022,Make emergency car cup holder.
1024,de7a6481deed374f,1023,How do I get the window of my van clean?
1025,76a8cf0b1e105dad,1024,how to keep earbuds from tangling?
1026,1536ec57660960c7,1025,mouth
1027,567efcf36369ac71,1026,stand
1028,3dd20545f47bd335,1027,Clean sharpie permanent marker from a tile wall.
1029,df466fa70f92cdb0,1028,clean bottles for storing water
1030,7c01777964d5aeb7,1029,To make sure the chicken is fried evenly
1031,d5cd9edb9ff276cf,1030,How do you melt crayons in silicone molds?
1032,e98fa2aba4d04679,1031,Bathe a large dog.
1033,2b83d80565294a40,1032,How to sand the wood block.
1034,726e6636bb33dfe0,1033,"To prepare the cream for baking,"
1035,9e8e1a107022b307,1034,A spit
1036,316c2067e6967715,1035,how to make cheesy spinach salad
1037,2567e5e8c0092da0,1036,How to bend a metal coat hanger
1038,cb83a0d6d8183565,1037,how to master the quick pickle
1039,10406a994cedd081,1038,How to make your jeans into a shirt?
1040,5326e4ff98e47aac,1039,Make SOS signal.
1041,a366fad7308a0121,1040,"To wash your hands,"
1042,908674bf0d79b7de,1041,To make whipped cream ahead of time without it getting runny in the fridge.
1043,c2c26aff8937da19,1042,"what to use in a dirty martini, in place of olive brine?"
1044,815e69b32c0cb0c4,1043,How to attach a torn off lace into a handbag?
1045,d1b816478d111525,1044,"To pit whole olives,"
1046,ccd2a3c22288faba,1045,How do you get a waterstone of fine grit to produce slurry?
1047,c27e41ccaf02db03,1046,how to easily remove the pith and peel of an orange
1048,c9a5873cad51cb78,1047,roller
1049,f1fca49877b84656,1048,How do you prepare paint to repaint a house?
1050,35924403da4a49fc,1049,To regulate a fan speed.
1051,10936ff6ab467736,1050,How can I keep a piece of paper from sliding around on a table?
1052,6a23fb1f5009e3fa,1051,mallet
1053,3a7337002d802325,1052,How can I get debris off of my couch?
1054,82318228d1ba5f9a,1053,How can I tell if my apples are genetically grown (or altered)
1055,d0625ce2c3f04cf2,1054,What tools do you need to make a suncatcher?
1056,056ef7c1889e088f,1055,hat
1057,221654f10cafa6dc,1056,How to make a pencil holder with toilet paper rolls.
1058,8f74fa45ec49df1b,1057,What do you need to shape the macarons?
1059,f7eb95d6a6db419a,1058,Make pickled eggs.
1060,ff2dc40e820fb52b,1059,Make a toy for baby.
1061,a8299f62c5fc3af8,1060,How do you kick a soccer ball?
1062,9866218a693da566,1061,how do you marinade meat?
1063,f5e5bc6b9ff82fad,1062,How can you hold drawers together while the glue dries?
1064,29e4f625cf685fd7,1063,how do you cure a dry face?
1065,773218613591bc91,1064,How much salt should be added to a brine for smoking food?
1066,e8de0cc8373e59a5,1065,"To dig a hole to begin a garden, you can"
1067,69c47a44ba19a825,1066,how do you spike a ball?
1068,472971f5017dbe05,1067,How can I get the marker stain out of my t shirt?
1069,a371766a044e4b79,1068,chip clip
1070,7ab03582352cfd84,1069,How long do you need to wait until the glue gun heats up?
1071,6e371bd7e9714994,1070,heater
1072,933d20b99a55ae01,1071,Once you have put melted HDPE plastic in a mold what should you do next?
1073,50cf57a92ecfcc92,1072,Create a wonderful Fried Chicken dish from scratch.
1074,fcfe2f3a739b4991,1073,How do you sharpen a knife?
1075,954a8829ead89782,1074,How can I keep a basement from smelling like mildew?
1076,578b638e6b40c600,1075,how do you suck on something?
1077,ebe935a4706d2b5c,1076,"To hold metal still while you're cutting it, you can"
1078,77ac370ca8874aad,1077,how do you check if chicken is cooked?
1079,7cb6455ad40e339c,1078,how to remove a tick
1080,cdac57649088cbcc,1079,How can you decorate an old shirt to give it new life?
1081,bec2814bc03327cd,1080,how do you fill up a bag?
1082,ec5fe58c4453f95f,1081,floss
1083,7db3ba1bdf14984d,1082,Make a mini hiking kit.
1084,98a7f52b9cf814e5,1083,how do you walk?
1085,e1c1a446e38186b6,1084,How to start a fire in a fireplace at home?
1086,6ffb063fef1f5dd9,1085,"To allow yourself to make edits, while writing by hand."
1087,3c23fbbadd18466f,1086,To easily thread rope through a bag to act as a drawstring.
1088,97f5b012565f37a2,1087,Concrete
1089,2c43b20fe7937e97,1088,How to get to sleep quickly
1090,809d3a51ced4a1a1,1089,how do you terminate something?
1091,d892a9b11e6e02d5,1090,How do I attached a rubber foot to wood?
1092,fba0d2e17ce03163,1091,Organize restaurant delivery menus.
1093,8e556b8f4f6d9624,1092,"To use tights that have been ruined by a run,"
1094,a0c42e1fe9de3408,1093,how do I peel garlic without a kinfe
1095,140994ab99d3e39c,1094,how do you prepare for surgery?
1096,8ed688d8fe6a1c4c,1095,Dye lace with koolaid.
1097,3d5d2397320da35d,1096,how to increase shelf life of nuts?
1098,986d20f59155bba8,1097,How to make Special Dark chocolate Bar Chocolate Ice cream at home.
1099,32fddc7c91dd4c8d,1098,"To make housebreaking your puppy easier,"
1100,99132956ebd7c1dd,1099,how do I locate Circinus constellation
1101,cb65ff43b7b2e8cd,1100,To fit the crust to the pie.
1102,e23e49ca59600627,1101,pitcher
1103,e015e5a194bcd7f7,1102,"To attach a set of LEDs together so that they are functional, you can"
1104,8b6717e965ef2e6b,1103,how do you stomp something
1105,d363d27dfbb0a041,1104,To cook the carrots for the shepards pie
1106,5ef5e2c870f811f6,1105,How do you build arm muscles?
1107,70059532e6c6c54a,1106,To additional sweet flavor to homemade condensed milk
1108,ede2f13c262d9d51,1107,earring back
1109,7323b3cfac03e526,1108,To draw a design on a lawn mower blade to prepare to turn it into a spearhead.
1110,309bbdffc506f44b,1109,To help screw in the nuts and bolts.
1111,a918cc5ccc0d07f0,1110,how to make middle eastern egg salad toast
1112,2e39d27b12dd7a66,1111,water
1113,c6ab764cdf9ec4ac,1112,How to make Vanilla Confetti Fantasy fudge at home.
1114,4aea177f085d5fab,1113,To remove price tags stickers off of an item.
1115,65ba7f63cdbf0f97,1114,What is the best way to cut narrow metal bars to size?
1116,7359422002e9efae,1115,knives
1117,da3e5ab17db0df3e,1116,blankets
1118,9a6f604c401fb7d2,1117,"To get good clean windows,"
1119,eb93cbeb1a9f8557,1118,How to make homemade mac n cheese?
1120,a41a5f838375df32,1119,To shake hands with someone
1121,0699bf916e8e2370,1120,How high should you hang sound dampeners in a recording room?
1122,e305d4611f011cbc,1121,sofa
1123,2c62e8b084150f86,1122,water
1124,05f922a8d39a51f2,1123,can you use any oil for frying foods?
1125,2e073b802f0e1578,1124,Create a frosting piping bag.
1126,7846b0fd8b250c72,1125,How can I clean the grate of a bird cage?
1127,5ace350fd754f130,1126,"To store spices at home using recycled materials, you can use"
1128,b3cf2e5ee4cb571f,1127,How to know when to buy and sell stocks?
1129,3cf2a5de4f8ad4fa,1128,"To restart a wall mounted heater unit,"
1130,3f10b9ea0af00f4e,1129,How to cut PVC pipe?
1131,bc0821512a1cde91,1130,Absorb car spills without napkins.
1132,89dc2115a19f1236,1131,Remove hair from hair brush.
1133,a5ef94606904a07c,1132,ice pick
1134,c12996aed360c8f3,1133,How can I make my trash can smell better?
1135,c918d1903349e8eb,1134,sunbathing
1136,ec7c8a8418fe084d,1135,television
1137,ef619b56d8276c9e,1136,How to change your car's fans.
1138,0d1cc28a0a6e15c5,1137,Reduce chances of vomiting.
1139,76d2add39e3c54d9,1138,To smooth the edge of the bar stool seat.
1140,e4659bbebfc9ed33,1139,"To get a rest when you're swimming in open water,"
1141,e38c9cd3cec32b54,1140,how to open a paint can
1142,649b1eb57fc09907,1141,rolling pin
1143,282094d917773ae8,1142,To have at least a small influence in politics in any country.
1144,877ba3d90af867c4,1143,How to delete email from android phone.
1145,4856fdcc4f41a1f0,1144,To remove wrinkles from clothes
1146,b203606438036d59,1145,How to make a payment with a card chip
1147,f214884c77a19902,1146,How would you sew together the separate panels of fabric to make a doctor who 4th doctor look-al
1148,3146d14c24ed0997,1147,How can I add walnuts to a chocolate chip cookie recipe?
1149,34e28df345f6c40a,1148,"To make a phone call from a land line phone,"
1150,c6dabeacaf843b31,1149,tack
1151,d6e714a113ea619f,1150,aluminum foil
1152,d5773bbe1c72a19c,1151,Why do some people get tongue tied?
1153,c1edd666a3fe05c4,1152,how do you make pots and pans easier to clean?
1154,90a9b0432b0b43ee,1153,To melt the chocolate for the pot brownies
1155,88c1a2bf27641cbb,1154,"To clean steel before sealing,"
1156,006b0d71bab8acca,1155,How do you make sliced bananas?
1157,c0a3c9504c6bd829,1156,What can I put in the bottom of a flower bed to hold moisture in?
1158,966aa7d2d50ca88f,1157,How to search in Yahoo
1159,654dc78f9dd114bd,1158,"To affix wooden doors to a frame without using nails or screws, you can"
1160,0781f295ce3324ad,1159,Mango Float in a Jar
1161,363bbc8f02bbec84,1160,how to identify poison oak
1162,e861ad85ac757a8d,1161,"To make a framed chalkboard, what should I do with the plywood after I've cut it to fit in the f"
1163,f6c00b044e6a2831,1162,To make a cake look like it was frosted by a professional.
1164,481a96bc4f9a9045,1163,How much rhubarb do I need for making rhubarb strawberry pie?
1165,29c7089b598c089f,1164,"To feel more comfortable when out in public,"
1166,1065bfc18e04687e,1165,How can I make a bed for a small dog?
1167,d7b38192b1ad7f03,1166,How can you keep your taco shell crispy when building your tacos?
1168,04d5f24683409467,1167,how do you put on false lashes?
1169,193adfe6db4e2329,1168,To use herbs for flavoring when infusing water.
1170,4598c870fbe6ae75,1169,What is a good inner-garment for a lady to wear with a strapless dress?
1171,c48e750d4114a11c,1170,candy dish
1172,a1301153c461fd9a,1171,"To combine flour and baking powder together, you can"
1173,c600ce547bf9eb27,1172,How to install a carseat into the car.
1174,0f0a1cd2c0f0c391,1173,mirror
1175,b1ec6197bbfc084e,1174,How hot should my green house be for optimum plant health and growth?
1176,8943b6fd35dcdba7,1175,Make a mini terrarium.
1177,4e8e691a9ef1c72b,1176,remove paint from skin
1178,9a5846869a29a6c6,1177,How do I pack dirty laundry in a suitcase for the way home?
1179,b15dfa85fd787b09,1178,To delint your couch pillows.
1180,cc98d2ab8aad2a32,1179,an axe
1181,541010f372dd8710,1180,screwdriver
1182,b4615dc2ac1004ec,1181,Help food digestion after eating.
1183,e37dcae5eb86002c,1182,baby powder
1184,2ecf2a25ebcddba3,1183,How to brush your dog?
1185,d81cc6c211cbe777,1184,Reheat rice
1186,893a70b0aa85d5ff,1185,Roughen up the smooth surface of a hanger
1187,f1f5ea95d0748a95,1186,to repel bugs
1188,99ac012e2ddc51e1,1187,How do you pour metal safely into molds?
1189,b437ab21df9df10d,1188,To make a wire stem of a beaded flower
1190,cdaa6de2a9915edd,1189,"To mix other oil paints to create orange,"
1191,3cac078be3bc08af,1190,Make cauliflower cheese casserole
1192,f5648f7a0069c7d5,1191,How to untangle extension cords.
1193,65775122c80e25d3,1192,sky writer airplane
1194,8b5bf5a2ee24fb9b,1193,how to make a creole cocktail
1195,4605c8b077e14c7c,1194,How can I make a unique jewelry holder?
1196,d3df0c1bdd6cea31,1195,To make an ice pack that won't drip when it melts.
1197,f37eff8c7ce14065,1196,"To prepare carrots for kimchi,"
1198,5af8fab4c3f0e0ba,1197,how do you meaasure something?
1199,fb3b79c206d64951,1198,To remove lint balls from fabric
1200,bbd15244731c75ff,1199,wash veggies
1201,abae52fe676bb784,1200,How can you use a brick if you have extras when you're done?
1202,62fee86da19a4be2,1201,To make homemade mustard creamier.
1203,8b2c8c8d2be3d23a,1202,Making nutella cheesecake
1204,5828c97025abf446,1203,How do I dry boiled potatoes?
1205,4e1678426eb3d2ae,1204,Keep your teeth white.
1206,1612c699fdb8bbd1,1205,"To conserve electricity,"
1207,193c745ddebe9462,1206,What type of saw is needed to make a hardwood headphones stand?
1208,e9099ea05f0a4ba6,1207,to clean shoelaces
1209,05a5c968387ded56,1208,How to make a basic sled?
1210,de32a3ada0f18ea8,1209,fist
1211,ffddf9247cacc1fc,1210,Remove hair from bathroom drain.
1212,0d6d9f127371a868,1211,how do you stack boxes?
1213,ca841bc413e2a9a7,1212,Make your own area rug.
1214,ec9206e8d99e348f,1213,How to prepare a cast iron skillet if stains won't come free?
1215,c691d5e0b39e5228,1214,how to make coconut-almond truffles
1216,48fa9fec0748e208,1215,"To assemble furniture,"
1217,26bfbfb748530403,1216,How to whip up a batch of body butter.
1218,eb514a839b84f52e,1217,To create a wick holder for lantern made out of tin can.
1219,1408b15ddf4b794a,1218,How to add the change pockets to your card wallet?
1220,2983d336690a1074,1219,how to make fava bean-mint toast
1221,eb9d5d10de6d3ce3,1220,What do you use to propery smooth cement before it dries?
1222,62cb0d4567ab205e,1221,Baby proof a shopping cart.
1223,81072da0dad6fb63,1222,What ingredients are needed to make English Breakfast Muffins?
1224,5f1027001cc2796a,1223,What supplies are needed to make a bath mat from cork?
1225,b32aac2251832305,1224,"To reduce the pain of a sore through with a natural substance,"
1226,1cdb78cb69fd621d,1225,How to best carve out a wooden clamp for picture frames?
1227,7cea7b89ee08aea2,1226,To decorate a cup just like a fancy starbucks drink.
1228,c5bd4d02ee660b16,1227,how do you use the and symbol on a laptop keyboard?
1229,df051aa4dc5c08ed,1228,chopsticks
1230,14806330ab8f56ba,1229,How to Make Dipping Sauce for Onion Rings
1231,0aa9f59804590e54,1230,how to melt beeswax
1232,bece9c89716f94f6,1231,"What do you need to make homemade ""Blackhead Pore Strips""?"
1233,33ef98fd3b55b5f5,1232,How to prevent a padlock from freezing.
1234,bba3f93b2afbae9e,1233,skateboard
1235,f570b5480cca1e30,1234,How do I prep my eye glasses if I wanted to paint the frames a different color?
1236,291520bfb5813fec,1235,How to fix a water damaged book.
1237,f91c9a472b9e7022,1236,Cool down body temperature.
1238,1eb2473c09962e82,1237,How can you improve the chance you will remember something?
1239,abe8138441afe0c8,1238,To swipe a card.
1240,e781062946920f76,1239,"To create squares from a plank of wood, you can"
1241,7bf2f7eeb1a59cf7,1240,What 4 items do you need to make slime at home?
1242,8e7b8b52b9e75c05,1241,colander
1243,d712fee012cd3491,1242,To cover a print with masking tape before spray painting it.
1244,2e2c6a79193d8013,1243,How do I make the lollypop handles round?
1245,1ef6b24787320271,1244,"To lose weight while still eating a lot of food every day,"
1246,118b00b18913f28c,1245,how do you toast something?
1247,d92ed92d6b5c3574,1246,How to boil barbecue sauce.
1248,788c2d9cfcde977a,1247,Add traction to outside floors.
1249,94ee780328ddb56c,1248,how to cut acidic marinara sauce
1250,a1b4d4dbacd1c2c5,1249,fingernail
1251,aceee1e0ff708005,1250,how do you hop?
1252,02723ef87f43adc1,1251,"To reduce the amount of bubbles in concrete, you can"
1253,141bc9b247bd3c01,1252,How do you cut a baked polymer clay stick in order to make clay sprinkles?
1254,b0db43e8b35be348,1253,What do you use to make a DIY lotion bar smell good?
1255,b9283ef8f92d825d,1254,What can I make fake eyeballs out of for my scarecrow?
1256,e5a1b56fc5354f41,1255,how to choose a watermelon
1257,5d2bac415dc714e4,1256,"To cook lemon curd, you can"
1258,a66590f5be1e0308,1257,How can I make sure a pitcher of lemonade doesn't get watered down?
1259,220884dcfe19f2f3,1258,How to pry pallet apart.
1260,f0dfad09e5cb9f50,1259,What is an easy object to use for the eyes of a squid costume?
1261,7351e5ec266a2286,1260,What is the best way to feel at least a bit happier every day?
1262,1ef5bdbbc0dcbf2b,1261,cave
1263,91163b379af26570,1262,How do you make glow water?
1264,e968d17c9101ce1c,1263,How to make garlic bread.
1265,0af8830f384584af,1264,tissues
1266,1e0cb406cb4416d5,1265,two wooden mixing spoons
1267,daecba36b72db4ac,1266,To remotely control your computer.
1268,2672957c2f170e5e,1267,How can I draw a circle on paper?
1269,3f571d34e0d5f5d5,1268,How to bookmark a website on Chrome
1270,0915d3387b1c4334,1269,container
1271,aedacabad996f69d,1270,To keep your pizza crust from getting chewy when you microwave it
1272,1aa2cca01772e34c,1271,How can you neatly cut a cake?
1273,49cf09bc0cd65fe8,1272,What can you do to the mold if you want to remove gummies easily later?
1274,cd21a294a47f0849,1273,How to make Fennel Fig tarts at home.
1275,8d2e716a839b1b26,1274,How to make sure your pet is healthy?
1276,c9b5e1d4f02cdcef,1275,"To joint the edges of a metal frame, you can"
1277,e4fe46d48636034d,1276,How can I blow up my air mattress with a shop vac?
1278,f6b784bb61b4d105,1277,How to flat a tortilla without a tortilla press?
1279,f6d484080b882321,1278,"To catch people who break into your car,"
1280,59122736c55d5b1c,1279,How to fix a saw on to a table?
1281,77e7bc06ac651d67,1280,To perform an update on your phone.
1282,b7f156ab945efa9b,1281,Deodorize an item.
1283,ce02d51d1d5bc242,1282,Boil water for a cup of tea using a stove.
1284,09c41f239436af67,1283,How to ignite a gas stove with a tricky igniter?
1285,b3df72bda4b11d8e,1284,One wants to watch free public broadcasts.
1286,0ce4121feb05d661,1285,How to remove garlic odor from hands?
1287,477588aac801f45b,1286,make a grilled cheese
1288,8d754c81bf9635cb,1287,How do you find the area of a triangle?
1289,fba1bedb9351f538,1288,Deadhead flowers
1290,42942450118e3796,1289,binder clip
1291,f0d506409816d1c3,1290,Restore dull wicker furniture.
1292,c3d44a8fa6d2e338,1291,Remove algae from garden paths.
1293,1b39e891242c7b31,1292,To use greenhouse space effectively.
1294,2d44961d011f0911,1293,How do you ship live aquatic snails in the mail?
1295,3b3bc4c18c0f7384,1294,"To make a bong out of a soda bottle,"
1296,16feab26800a89fa,1295,how do you share your location on the facebook app?
1297,a5951d6e279cdebc,1296,to depress someone?
1298,0b726fb95032c49a,1297,To keep edges of strapping from continuing to fray inconspicuously.
1299,0b9d351571cbffeb,1298,how do you flush something?
1300,7edbac16d2b16406,1299,How to quickly dry a towel?
1301,f9a7afd226130b19,1300,"To become more mindful during activities,"
1302,95f647e4e4b67b64,1301,strainer
1303,0cdf43633c114b0a,1302,how do you use the depo birth control shot?
1304,bf6024103165068c,1303,"To make a refreshing apple iced tea,"
1305,4e7aabb7b0c7d20f,1304,Make DIY lash growth oil
1306,4d00591a3dfea519,1305,How to start a small flame without wood or a candle?
1307,df246880faaba827,1306,blanket
1308,0fa2e7a6caca6301,1307,How do I slice a vanilla bean when making ice cream?
1309,1fb9770a0a3871c1,1308,Prevent baby from dropping sippy cup.
1310,43d37b7d8a22e350,1309,How do I choose good apples at the grocery store?
1311,a8a98c9daf1d0e6a,1310,"To make sugar syrup, you can"
1312,049a2c3f0c93cfca,1311,"To scramble eggs once cooking in a pan,"
1313,ed0fbd4afbda4934,1312,smoke
1314,d5dcbe4b6faaa8d0,1313,"When making blueberry muffins or cupcakes, how do I keep the blueberries from turning the muffin"
1315,69f49b4b4842500a,1314,How do I garnish kheer after it has cooked?
1316,b26734066527151c,1315,how to make a pureed based tea
1317,5950e74d278afc45,1316,"To tell when cabbage is done cooking, you should"
1318,51673776325c8374,1317,shampoo
1319,1db76c60d6c2c70f,1318,serrated knife
1320,268fb9bd180339a8,1319,How to clean sneaker soles
1321,4574081e882e52ec,1320,Learn to quilt by hand.
1322,b26c34af26d03697,1321,Make a piano fountain.
1323,3bb64ab587d60e3b,1322,how do you test if pasta is fully cooked.?
1324,63504debb956bd93,1323,How do we make the paper earrings dome shaped?
1325,8b05ea67a4a0d8f5,1324,To ensure you put the caps on the keyboard back in the right places after dissembling them.
1326,ef09e58a2eabd9c7,1325,how do you do something quickly?
1327,b33a6be71bf88799,1326,Tie a string knot very tight
1328,c1bb293e6de51fb2,1327,To clean a knitted blanket.
1329,2763ff734a1a9789,1328,how do you recline?
1330,fe62172470f003da,1329,How can I drain excess oil from fried foods?
1331,2da9ef3005b791d4,1330,How to chill trifle dessert
1332,1db05e493536bd95,1331,mop
1333,8809c8542f3e27f2,1332,How to make the potion have a pink glare to it?
1334,d3685d3c6b0503db,1333,how do you stir liquid?
1335,0f71e04eb6e143b8,1334,How do you write with a pencil?
1336,e0d6c25ddd9722df,1335,Increase smoothness of hair.
1337,5945624fc1b5d16f,1336,How can I make a cool hanging shelf?
1338,6869bd7738eee97c,1337,"To decorate a lemon cake naturally,"
1339,90fef35a19a549be,1338,How can I lose more weight?
1340,f7d873f6922f5ff8,1339,"To pry a nail out of a board,"
1341,885f29f4f04baade,1340,How to paint a wall
1342,0a0d2d3c5cb49d8b,1341,how do you go home on the instagram app?
1343,b23cc623ea672c8b,1342,Mixing the ingredients
1344,0dcf318042f6ec26,1343,How do you talk into a mic without causing distortion.
1345,f506f6d5d66baef2,1344,To attach a comic panel to a piece of wood
1346,42943089ba40ab6d,1345,sharpen a crayon without something sharp
1347,b039782a29150aaa,1346,how do you prepare someone?
1348,bf6624e41aacb2e0,1347,hot pad
1349,d1daeb0fd7ae37b0,1348,How to attach a necklace when you've lost your clasp?
1350,76a6636308a73d0b,1349,Keep Sliced Fruit From Browning
1351,bc7df3e8271c5bcc,1350,Create a filtering net.
1352,63206d09e7af4829,1351,Make the best tasting lemonade you've ever tried.
1353,c855b8aa7781b964,1352,how do you tip someone at a bar?
1354,59f4d856347127b6,1353,make a Caribbean coco drink
1355,eb2c03216dad9949,1354,Is it better to use large scissors or small scissors?
1356,93a79367c0e62487,1355,To keep homemade apple juice from turning brown.
1357,4c43520c4fa05e21,1356,How do you steep tea?
1358,47d3941972b39ec1,1357,To make the spinach ricotta filling.
1359,9ffa0868e96e96de,1358,how to slice meat easier
1360,ee7da00a2c2b1784,1359,Make earring holder.
1361,07b004dc9da2ea79,1360,How to make macaroni and cheese.
1362,4ae24a6ae0234eea,1361,how to make cream cheese-veggie toast
1363,01c75d4a3d7fd3b0,1362,how do you play scrabble?
1364,683b8aeebdfe3190,1363,Make oatmeal.
1365,ca4938105dda4b82,1364,"To attach rope to latex, you can"
1366,7807c3dbf512d4df,1365,"To raise the boiling point of water, you can"
1367,df1fa06728a898dd,1366,ziplock bag
1368,db60a6c4099cbace,1367,How do you tie-die fabric?
1369,426321e5042cf764,1368,how do you prepay a pizza delivery order?
1370,d11b19dcde27ed58,1369,Is there a best way to blow up party balloons?
1371,659274e91884d18e,1370,Avoid static in clothes without dryer sheets.
1372,845814898dbfc22e,1371,how do you poke around in a building?
1373,057d4818196ed925,1372,mold
1374,75eaf5c6802e6778,1373,How do I prepare my dry ingredients when making garlic naan?
1375,511a7f656ea13f31,1374,Increase acid content of plants.
1376,98a3e24829bb1dca,1375,Buy name brand clothing inexpensively.
1377,6bc4abd08f8bb4b7,1376,how do I make butterscothcies
1378,0cad676626cb1a87,1377,straw
1379,06acfa0b7339407f,1378,How to put a Windows 10 PC to sleep
1380,44850b3daeb5ad49,1379,how to start a blog
1381,c2611a8591472be4,1380,How to make Sound Waves on a Speaker: Goo Dance Party
1382,2623fe666e3cfdce,1381,How do I tweet something
1383,f2ee3a6ea2bd159a,1382,Clean candle wax.
1384,f8c8475bb4aeb245,1383,Attract deer and rabbits to your back yard.
1385,d4d073f4d4f4a582,1384,To make an alcohol watermelon.
1386,6e890b60c0804d02,1385,To knock out a stone fireplace for a renovation
1387,f05bdc102fd8e1b4,1386,How to Build a Generic Air Cannon.
1388,0f9638e09ddc76ef,1387,How can I keep beads for projects organized?
1389,74c50cc3277b541f,1388,Protect dishes from chipping.
1390,572074bfc3861f24,1389,To easily prep garlic.
1391,3ec4d12aebad1a3c,1390,How to swing a swinging ball?
1392,39c6672897cc1923,1391,How to tell when chicken is cooked?
1393,9ba3f9ca7d490523,1392,To make a chalkboard out of wooden pallet planks.
1394,897614bdc0fda93d,1393,When making a bottle cap dragon how are the caps fastened?
1395,450251fa28771e99,1394,Mark hunting trails.
1396,397d2c83694c6b4b,1395,How can you bind PVC pipe together?
1397,ad59c9ff4dc5529b,1396,Make flat iron holder.
1398,b03fa00d5b63aec9,1397,To bend shapes in wire
1399,9876307500f6eb5a,1398,"How do you spread cold, hard butter without ripping your toast to shreds?"
1400,3c80c114a452d127,1399,Sanitize second hand toys.
1401,b6d8548a65ffc1f3,1400,How to thicken a soup quickly?
1402,8a41bff3b9646bd1,1401,how do you shield someone?
1403,e9815b337bc03633,1402,To prevent the bread bone dough from sticking to the cooking pan
1404,fa2a996333a743b9,1403,Make stick arms for Frozen Olaf Cake Topper.
1405,86caff702327135b,1404,Knowing how much water to add to a homemade self watering system.
1406,5ce0dcc6971d58f3,1405,How can you prevent early waking when you have been drinking alcohol late?
1407,2c5bfeae3370c28a,1406,How can I avoid cracking wood when adding screws?
1408,90ccaf984540f631,1407,Hold hair pins near tub.
1409,b6766aef9f16ffc6,1408,To make Langos more Vegan friendly.
1410,25c06f3489a11bef,1409,To preserve pancakes for a week.
1411,e4d21ac379d0153e,1410,toilet
1412,499c8b72ed3c8301,1411,How can you save money when buying chicken nuggets at McDonalds?
1413,8aa8ac595194cbac,1412,How to make fried ice cream
1414,0f146eb19fffe29c,1413,Mix a screwdriver drink
1415,1673d78a3136ad5f,1414,Get a babysitting job.
1416,28c99ab6610317c3,1415,under arm
1417,f3165357d8228c81,1416,how to easily cut bacon and pancetta.
1418,e2906266bd1d75a4,1417,How to make an overhead stand for pictures?
1419,a8ae99a7141b2a36,1418,Remove an ant colony.
1420,abc1ae8899785550,1419,forks
1421,35a0fdda4b8230a2,1420,How can I sand dry wall without making a mess?
1422,c06a3ab7492f470b,1421,Prevent balloon from popping easily.
1423,7bc6e2e619e3b0f1,1422,"To protect a workstation when working with paint, you can"
1424,6f7c472f3a51692e,1423,To dust your ceiling fan
1425,9607d66aff3ff849,1424,How to eat a grapefruit.
1426,68cdb5fb32bf6bca,1425,What are some items I would need to store fresh greens?
1427,392e3bbb56b8ae8e,1426,What ingredients are needed to make French Toast Bites?
1428,b11937030af848ec,1427,How should I start the assembling process?
1429,6f2b4a32569445d3,1428,make zoodles
1430,f1d5bb924d089f01,1429,Add seed identifiers to new plants.
1431,5e7d03f7b152533a,1430,chip clip
1432,c4022b4091ffbe0b,1431,How can I quickly and easily remove strawberry stems?
1433,a752414194b670ef,1432,Paint rocks for hiding
1434,52ff753864b2a004,1433,How to make a Wild Blackberry cobbler at home.
1435,a3f901e7c5a7d442,1434,What is the best thing to brush onto your skillet to season it?
1436,3638458ae197768f,1435,How to make rice crispy treats.
1437,052bde205c2bf191,1436,How can you preserve your shower curtain and stop it from molding?
1438,3e30355276253629,1437,How do you clean a sponge?
1439,7ec4eba5ae63d302,1438,how do you use the touch bar on a macbook?
1440,85e96bba9b5c1d6c,1439,Avoid corrosion on metal light fixture.
1441,4d99454186bc8fc3,1440,What is a dish one could make for someone with a Gluten allergy?
1442,b525d7d24852f0a3,1441,How to get a ring unstuck from your finger?
1443,9479a9c71a281aad,1442,baskets
1444,052ba1e81f12f139,1443,how do you close a backpack?
1445,0718cfe9a13c1b47,1444,How do I bake the puff pastry when making strawberry napoleons?
1446,7cdd928662063fa4,1445,"To prevent children from locking themselves in a children's bathroom,"
1447,0a74b5fa2f6ae4cd,1446,how to grill boneless chicken?
1448,b990764b96a29e44,1447,how do you cover the lens of a nikon b500 when it's off?
1449,e489cdf4b32e13da,1448,How to remove stains from a leather wallet?
1450,22a07ee656aa70ce,1449,how do you ask a question on paper?
1451,e604456a39f7b6f2,1450,How do I decorate a green paper Christmas tree cone?
1452,f1cf23bbf19a8ab3,1451,how to thread a needle
1453,8a9bc8636ed21f4c,1452,Pick up broken glass.
1454,83c4006f491abab9,1453,How to sweep a porch
1455,227ad3356c8a4519,1454,how do you butter toast?
1456,5a2a9c0596d4f33b,1455,pot and lid
1457,d240c82215e2ccaf,1456,How do you store root vegetables?
1458,cb7a9a54553bc05f,1457,What supplies are needed to make a 'The Neverending Story' book box?
1459,3aa2be0dd38bc7c0,1458,How can I clean the outside glass of a fish tank?
1460,bc9435e3be8182ff,1459,To deodorize a diaper pail using household products.
1461,8e1f2320293ef15a,1460,Save money on gas.
1462,8bb3870d799971a5,1461,how to find the lateral surface area of a triangle
1463,29037ca2ac004791,1462,Keep the ducks off the beach.
1464,08b5960d6824ed8f,1463,"To keep fruits and vegetables fresher, longer in the fridge."
1465,6acc6801da62a7dc,1464,toothpaste
1466,a91b43a4d9d15158,1465,"To freshen up an old sponge,"
1467,7ca974e65e0fee2b,1466,pan
1468,c4ff81cbae40ece4,1467,how do you hang something?
1469,9821f4164708e45a,1468,Add ventilation to a room.
1470,f1298b7e54c5c763,1469,liquid
1471,a8d21c951297448a,1470,How do I turn on a desktop computer?
1472,cba51b4db313cbcd,1471,How to safely change a light bulb.
1473,2b69cb1c7fd98971,1472,how do you win a debate?
1474,83ab418e4f59dab9,1473,chalk
1475,b095503f145942ab,1474,how to make spiced rum balls
1476,289dd1963822516a,1475,To prepare the hotdog base for the hotdog burger
1477,d4a9eae3b088f7cd,1476,How do I make glow-in-the-dark planters?
1478,110ef0468c62c1cd,1477,How to Get Smooth Legs
1479,4cf4a70d3de555a5,1478,What ingredients are needed to make decorative lotion bar?
1480,083924028da4a5c2,1479,How do you make a lip scrub?
1481,0ee1e244f7ad1108,1480,To help prevent tangles in dog fur
1482,ecf7385be4182ad7,1481,Keep paint from drying.
1483,03d7987c867b36f7,1482,Make a healthy veggie side dish.
1484,4d5d77603a6930a8,1483,How to clean dentures.
1485,a4fc3e7970e2abd0,1484,how do you open a diaper?
1486,ad9e880881bca465,1485,Make a glass piggy bank.
1487,61b25829b8f6ad21,1486,"To help calm down a sore throat with a natural solution,"
1488,8683b19ffe96ff5f,1487,to do a thorough job?
1489,5c7c5e4b983728d6,1488,how to remove coffee stains from fabric
1490,0020d7c1a975cb16,1489,How do I create a white sauce for goat cheese pasta?
1491,f82faf1ce03acf9b,1490,How do I know what to do if a service dog comes up to me without their owner?
1492,a10ebea4dd0ebabb,1491,To plant a seed.
1493,ca6ef10a458e6dc1,1492,See designs of all t-shirt designs at once.
1494,e3014e8b0b5412f3,1493,To reshape a steel buckle.
1495,c3dab29875ecfd7c,1494,How to make an Oil and Ice Density Experiment
1496,ebdb980ef7e19c7b,1495,How to easily fish from a pier?
1497,11da1c2bf38da724,1496,how do you walk a dog?
1498,097ce99f9f5536ad,1497,"To prevent a child from falling into a window well,"
1499,bae596f749b1d649,1498,how do you throw something away?
1500,3e5272b59b489e55,1499,Clean eggs from your chickens.
1501,6be42a1166af689a,1500,Protect garden from ice frost.
1502,40c78773fa458ef3,1501,To make a flakey pie crust.
1503,41f46f5826b76c80,1502,Keep laptop from overheating.
1504,afb73751129c1988,1503,icing
1505,d27767cfcbfce41f,1504,reed mat
1506,e086b7b24bdb425c,1505,How can I melt beeswax?
1507,6e82076e5f05bd1b,1506,bobby pin
1508,78b2b556bdb2ce3a,1507,how do you inflate a tire?
1509,4e3147cede0795bd,1508,How to fuse the end of your bracelet?
1510,29d68dfc45422361,1509,how to keep plastic wrap from folding on itself
1511,0a5d1796621187d6,1510,Prevent cold chills in rooms.
1512,b2a636b8f5a30b9a,1511,To make stuffed pizza crust
1513,3293cd260056429d,1512,"To tell when liquid is about to boil, you can"
1514,4836dbb2d8ffc094,1513,"When making a window greenhouse, what can I use to seal the gaps between the plastic bin and the"
1515,4257f4d8f924ba8a,1514,To prevent dough from sticking to your hands while you knead it
1516,7fc5ad12f6008ac2,1515,"To cut a shape out of wood, you can"
1517,e68a644c922e96a2,1516,How to make a small but cheap home easily?
1518,af95623b0e21015a,1517,chip clip
1519,47c920d681235df3,1518,Get rid of flies indoors.
1520,a5fd004c54996cbe,1519,How do you use banana peels on your face?
1521,8fec54bae3699a5a,1520,How to dissolve iron
1522,dc7486645d9e6743,1521,How to dry tomato seeds without them sticking together?
1523,6fa357515c63acb9,1522,How can I clean off my bedroom door it I don't have cleaner?
1524,69121b72f4e2c973,1523,"To continue using your phone while eon an airplane,"
1525,a1a7f185df4a978b,1524,Make desktop resting spot for cat.
1526,b987502e5d955312,1525,Remove odor from microwave
1527,bb3ec8b07628c9cb,1526,How to make tiny cake pops.
1528,0b05348a38e25e3f,1527,"To melt chocolate, you can"
1529,a718b97ae52a90f5,1528,how do you stream a movie?
1530,3fd598c010027be3,1529,One wants to make a musical instrument out of a bottle cap.
1531,e28ecde1bdad88df,1530,To make a double boiler
1532,d2ed68474da171cf,1531,To clean off the blinds in your home.
1533,359e0e7bde1fb36f,1532,slow cooker
1534,c6cf8f9117a66751,1533,How can I marinate venison steaks?
1535,b7f87e98a180c525,1534,"To remove seeds from cubed watermelon, you can"
1536,83e5d7210d580967,1535,To prevent killing the yeast when adding the butter to the spanish bread
1537,6eaa8ced7c47d7a4,1536,"To remove a wine bottle cork screw without a corkscrew,"
1538,cf3cbcc6be40ac6f,1537,Seal a sucking chest wound.
1539,970f49c69a8fccde,1538,how make a fire ring
1540,3a7a7105ddacf47a,1539,"When allowing chicken to marinate, you can"
1541,8d387debfd6546a0,1540,How can I get shiny hair?
1542,7259adf771b8c155,1541,how do you clean a kcup machine?
1543,be3b17eadd4ce4f6,1542,How do I take the best group selfie on your phone.
1544,370fbf06f7f9664f,1543,"how do you show you're married, with jewelry?"
1545,2ecaf8c2fbd3d404,1544,To decorate the top of the cheesecake you made in an interesting fashion?
1546,f1c3613ea691acf5,1545,How to make a vodka and soda?
1547,61eeffc54ec8d5ca,1546,crayon
1548,ff1add9906f25860,1547,foot
1549,b1a42a0370ff4bf5,1548,To give a screw a firm fitting in a wall.
1550,3a0248a54da3de43,1549,laser
1551,502690747c515fee,1550,"To get a pinch of salt,"
1552,647443788589114c,1551,How can I remove a nail from wood?
1553,e71b5ac2facbcb6c,1552,To finish your typing project without running to the store when you are typing and your white ou
1554,a495c0fe82e0ee0e,1553,how do you spoon someone?
1555,95d8f31b11c2098a,1554,how to clarify butter
1556,6f52838268fae10b,1555,How can I get something sweet even when I am not eating sugar?
1557,b7877ccc8f6babee,1556,Remove pieces of egg shell from batter.
1558,05a9be70d128dc17,1557,Make a fluffy ball from the fabric and fluff
1559,f7c5c59b90a9126f,1558,"To repair a torn fingernail,"
1560,8503c5c12cb8e5ce,1559,How do you make pants into shorts?
1561,33ba34468348eee5,1560,how do you power through something?
1562,2fd7b6359e96e453,1561,q-tip
1563,95e9e2ed09a409d4,1562,If your muffins look to be getting overcooked you should
1564,1db6e2c71d6d05a9,1563,How can I check and see if cupcakes are done?
1565,46f59d7c3b523450,1564,To stretch tight shoes.
1566,17ca2933a54f7560,1565,How do you add olive oil to a small saucepan?
1567,67d4695558609194,1566,"How can I make money, at home, easily?"
1568,4e5a68347832a158,1567,How can you reuse old lip balm containers?
1569,531ee165d5a8d1f2,1568,"To assemble cardboard together to make a shelf, you can"
1570,d12b039cefe82953,1569,"How can I clean a playpen, if I dont have a bathtub?"
1571,07239933b9896175,1570,How to fix a tire on to a car?
1572,97d8e1222cc59467,1571,"how to tell if my steak is done, without cutting into it?"
1573,cda9edeb8b134f9b,1572,cheese cloth
1574,57d1dc22f78c5b6f,1573,To make sure ingredients don't spray out of the blender.
1575,c8f9140ee6095bba,1574,"To play youtube videos on your phone,"
1576,8947ffe9a4cccf45,1575,"To improve engine efficiency,"
1577,4186daba8437f356,1576,Prevent spiders from entering house.
1578,316563b5bc383f9d,1577,Carry multiple luggage.
1579,4fac45b33bf3d6bb,1578,washcloth
1580,e6adca73cee220ec,1579,How to make Skor Bar Ice Cream at home.
1581,dd12c4bf56f21a8a,1580,"To extend the lifespan of a wooden project, you can"
1582,e0e080ea02a0b3d8,1581,Place a hole in a water bottle lid to make a squirt gun
1583,e27c4895bca49d60,1582,"To join pieces of plastic straws together for curved, polygonal art."
1584,3bdc1e68e78d4ac5,1583,how do you crisp something
1585,9ed7978ceee06384,1584,How do I cut the dough when making garlic naan?
1586,786f48faf021cdf1,1585,"I think I have too much mint growing in my garden, should I get rid of it all?"
1587,4165980b8ea6f1e6,1586,"To attach a peg board to a frame, you can"
1588,44b8e9b82979ad59,1587,stainless steel bucket
1589,e13e6eba82a0ca56,1588,"To make a day seem easier,"
1590,2e0ccd313ac04d51,1589,to cool down a cast iron pan after baking
1591,60c05c120bebf4e4,1590,whisk
1592,7bb4ca1fc0a169b3,1591,Create paper microwave cover.
1593,420004c3668eabe7,1592,How to keep flour from going everywhere when using a mixer.
1594,b6d0f6b383c6a388,1593,Brown sausages.
1595,92d7828c52bfb4bb,1594,Will rising prices correct a recession?
1596,2a0138422e24cb79,1595,how do you scan an ar code in a store?
1597,468bb41476c42bbf,1596,Prevent lipstick on teeth.
1598,8703951c579d9dc0,1597,Identify a one way mirror.
1599,9a30c21192397187,1598,"To substitute for potatoes in a dish, you can"
1600,80910a3b3674e6e2,1599,how do you dispose of razors?
1601,9f81efbd3d4388bb,1600,Bring a mat for outdoor concerts.
1602,4147e64e7740cdb0,1601,how to make pancake cones
1603,7f670fee6dd3bc77,1602,How do I fuse glass for an art pendant?
1604,8154e228e8eaa2c8,1603,To make a cheap terrarium for gecko.
1605,34b0857e156d509f,1604,Clean soap scum off bathroom tiles.
1606,b6d8b147813219de,1605,"To coat veggies with flour and seasoning, you can"
1607,3a91ee3a8299a84f,1606,how to properly season a dish
1608,3cc8c4f49734e246,1607,How to Tell if an Avocado is Bad
1609,c662b9377af80e00,1608,blanket
1610,5d9565e52ff8a325,1609,To keep taco fillings from spilling out.
1611,b5e4057a5c8f2f58,1610,How can I make paper look older?
1612,dc0fb2fefae4e1ca,1611,hose
1613,480f1922a74e5984,1612,How do I cut a cake horizontally?
1614,febb948b850220f4,1613,easiest way to pick up shards of broken glass
1615,c300cfeeab43d41b,1614,make chedddar beer rice
1616,b5f74264387c30a6,1615,How d I keep the Chicken Cordon Bleu rolled up?
1617,57ce08fa0f26c04e,1616,what pan to use for frying eggs
1618,baa9a1c5f3c083a1,1617,how do you switch profiles on instagram?
1619,2b3bc6c5a3338d64,1618,Upholster a piece of padded wooden furniture.
1620,7f2782364151c80e,1619,how to make corn succotash
1621,326f0ea179bb4f93,1620,wood
1622,8fa2395ad163bd77,1621,fingers
1623,c38863c3ffd8265a,1622,Break the goal down into smaller pieces.
1624,5efa1999e35c4803,1623,To load cylinder containers to a truck.
1625,545cd39754ae0f8c,1624,How to read a comic book
1626,662fd3ae635ba77b,1625,How long should the caulk dry when sealing a concrete countertop mold?
1627,9f2fb2e936233ce9,1626,Clean kitchen tiles.
1628,dd0ceb52c85c6d28,1627,toilet tissue
1629,d0e9fb86a47d2bbb,1628,how do you deal with nausea?
1630,ed2d2c08526b15e1,1629,How do I cool the cheese roll ?
1631,1e3eb5a3125a1b88,1630,Make your own Raisins.
1632,9e1d1a91a54b4733,1631,how to give pastry's a glossy appearance
1633,d17bf32941aab289,1632,How to take your bust measurement to help find your bra size.
1634,57066c97f031ce0e,1633,floss
1635,53c0c688510ba4d8,1634,how to keep pressed flowers with color
1636,d87b69275b2e1ab9,1635,Remove stench from baseball cap.
1637,69f93d484f598f86,1636,How to prep bread.
1638,a4a7ed4d94d536e9,1637,Improve running form.
1639,57e8c483affd6f0c,1638,how do you go to your facebook profile from the home page?
1640,1cc270ed859907b1,1639,how do you get a dog to fetch?
1641,dbc6e28043247dbc,1640,How do you harvest chicken eggs?
1642,a7e992ac5422c4ea,1641,To learn how to ride a bike.
1643,9315c84b611d6f4f,1642,Save time at baggae claim.
1644,9883a72ca3ba617e,1643,how to make more room in a closet
1645,aadb83b3db93b44b,1644,"To remove a zipper from a leather bag, you can"
1646,40b94e54a8795cd6,1645,"To check your breath in a short amount of time,"
1647,f7eb7ad81b19b9a1,1646,basket
1648,a456465c775e9423,1647,How can I clean my toenails of debris?
1649,e8a8b566fdec27f1,1648,Prevent water waste in toilet.
1650,2bc9e39da1a90cc6,1649,How to Make a Banana and Oatmeal Facial Peel
1651,0a390e93f4d18231,1650,to make a portable bidet for a bed ridden person inexpensively
1652,1a782f7ac2a04560,1651,"To become frightened of a movie again after seeing it before,"
1653,cd8712467df14c76,1652,To open up bolts.
1654,d16039bf0d5a1e57,1653,What is a good alternative to sandpaper when removing varnish from wood?
1655,7931b9a4d32c61c2,1654,how do you exchange an item?
1656,60deb2e21df3621f,1655,Cure a headache with a drink.
1657,4b759f0cd2228eb3,1656,Protect wooden surface from moisture.
1658,2c75e463781145f8,1657,How long do I bake the semolina-coconut mixture when making a basbousa?
1659,777017665e961f4d,1658,How can I keep buttons from falling off my clothes?
1660,c2fdb3a614c5b489,1659,clamp
1661,8207566153dd3d5a,1660,How should I open jump rings when making earrings?
1662,8b5a5c352a2fb352,1661,How can I clean my tennis shoes?
1663,545efd2fa150287e,1662,how to make pasta
1664,a665393c52395a12,1663,handkerchief
1665,e9969e344b577ea3,1664,how do you call the fuzz
1666,14cc57a24d1d51a6,1665,Make Peach Lemonade
1667,fbdf12fa776ff174,1666,What materials would be needed to make a fall wreath?
1668,0a2b06f764269167,1667,What if you have the nagging feeling you haven't installed your new car seat right?
1669,e3bf751b5076acfb,1668,"To sharpen the end of a nail, you can"
1670,b7015fd0203c01fe,1669,To add fragrance to glycerin for making soap.
1671,dd73dceef67aefb5,1670,How do you snuff a candle?
1672,5b6cc9cb0e108663,1671,"To save money on storage bags,"
1673,9f2eea2a14e0ab41,1672,How to make lemon Cooler cookie Ice cream at home.
1674,62c4b87fde787ba8,1673,To rub spices onto pork
1675,b481b6c2ecf245e3,1674,How can I get rid of dark circles under my eyes?
1676,e950ea02d6274342,1675,To remove permanent marker from clothes
1677,6064945214124ab8,1676,Prevent slammed doors from injuring kids' fingers.
1678,e698c14669a7b6dd,1677,Dry small clothes without a dryer machine.
1679,8522b327383c4a68,1678,how do you 'spread peace?
1680,b3d27c0f3c0c0d65,1679,to cut the fabric for the patchwork rug fast
1681,93f0200d9ed75fcd,1680,napkin
1682,dac4c15548ac957f,1681,To thicken a mixture
1683,b531cc6492b00767,1682,"To make a good Thank giving food basket for low income people,"
1684,c7914483c8c172b4,1683,Sharpen a pencil with a knife.
1685,a34b51f4bad00efa,1684,shears
1686,74167d214c441b73,1685,phone
1687,b6bf63d0def9781d,1686,how to clean a cast iron skillet
1688,ea8cb7bcefb7fcff,1687,Pay the mortgage payment.
1689,dd26253fdb8f47a3,1688,"When making a modern planter box, what type of wood should I get?"
1690,4dc5effedd77f847,1689,"To smoke tobacco with a coke can,"
1691,56dae021a5334080,1690,How do I organize a neighborhood cleanup
1692,87fce3647af87ce0,1691,how to make nut brittle
1693,21f733a29ceb4641,1692,"To anneal a metal file, you can"
1694,38fa66a609ed3771,1693,how do you edit an order at a drive thru?
1695,bde57913f536c2ca,1694,What materials are needed to make a dancing waterfall decoration?
1696,84887a959b5e9d3b,1695,What should I keep in my glove compartment?
1697,2219e382f675ef69,1696,How to fill up mason jar with water.
1698,46e3163c2f024765,1697,How to Prepare Bottles To Make a Liquid Hourglass
1699,cd7e3b6d036768b2,1698,How can I clean out a fish bowl?
1700,70b39aacc2531e22,1699,how do you stack something?
1701,b378dd3c85d9a97a,1700,how do you omitt the truth?
1702,c4328ad4aeabd8c8,1701,How to clean a mirror
1703,3c31165fcf5ad76e,1702,How to add an additional compartment to your backpack?
1704,b9452bb7160be358,1703,how do you use the flash on a nikon b500?
1705,dc3e210f402db7e9,1704,How to cook cookie dough.
1706,f41e88393ef095ca,1705,How do I make scrambled eggs with spinach?
1707,8a6b8ba99740aa2f,1706,Microphone
1708,a2dcda33ce160c41,1707,How do you leach acorns via cold process?
1709,fcb0623b54156429,1708,To clean a hairbrush.
1710,ce6bc36c3fe43ad4,1709,Make a small animal trap.
1711,13accac300fd6591,1710,how to identify a square
1712,8dbf0b594816a023,1711,sharpen a pencil
1713,f64d0d42a7c1c954,1712,how do you use a diving board?
1714,a41b009481b87c32,1713,how do you type in lowercase letters on a macbook pro?
1715,4714813b36bc5d8e,1714,soap
1716,1e9db5dac506ab45,1715,How to Figure Out the Area of a Parallelogram
1717,c4586a9f775964c3,1716,how to blow a bubble
1718,8d46d5c0774c7b38,1717,How to make Orange Nut fudge at home.
1719,caa9388d6cd39738,1718,How to clean your computer keyboard keys?
1720,923e0a380b814052,1719,How to disembowel a giant teddy bear.
1721,efafb261923a8245,1720,Choosing Better Food for Healthy diet
1722,626f3cd2f731e88b,1721,protractor
1723,0e2af8b04225390c,1722,To cut circles out of dough without a cookie cutter.
1724,ebca4ce2c45f8546,1723,drone
1725,6974757cd849099f,1724,"To safely sleep with your baby in your bed,"
1726,6eb77daf0e2174c7,1725,Where should I plant lily bulbs for the best results?
1727,95e00c755a160d38,1726,How to Keep the Breading from Falling Off Chicken
1728,56a4d0a788820ff3,1727,"To carefully cut a slot into a piece of wood, you can"
1729,603c1f7f32fd4e13,1728,Shovel
1730,c93d792b7a013637,1729,To remove an avocado from the shell
1731,d73823e83f5ea730,1730,How to make a poncho hood tent?
1732,6742e0eb0ec8353d,1731,fridge
1733,bec9cb1c54b5934e,1732,What can I get to make sure I can make a fire if going on a rafting trip?
1734,e6c264c5d5b79606,1733,How to make a normal glass of whiskey cold?
1735,354c17472ec477bd,1734,A good way to cut a wooden panel in half.
1736,d51e1b1d082d2a61,1735,How to clean grime on a stove top?
1737,cdfa5251ff2d0e66,1736,How do you boil sweet potatoes?
1738,084e9df1343ad173,1737,What is the main purpose of a minimalist wallet?
1739,386cf9342374956f,1738,Prevent rust ring from metal shaving cream can.
1740,7d56710b007970b0,1739,toast sliced almonds
1741,223dab8cb49e3db6,1740,How can I get hand prints off of my car windows?
1742,5fca828003a81de9,1741,Sharpie dried out?
1743,cdce2a0da1e8b533,1742,Learn to write poetry.
1744,c91ba4f26fda6a91,1743,How to increase the heat in a coal fire?
1745,4e16ae31cebfddf9,1744,When can I see the moon
1746,aa7342b595da3612,1745,"When making rhubarb strawberry pie, what options can I add?"
1747,ae5074fcce26055f,1746,"To add a sweet taste to the chicken I just made.,"
1748,ce026d5f9cc4ade8,1747,How to make Perfect California Wild Blackberry Ice cream at home.
1749,a6124bdd22f24e20,1748,bat
1750,8cbd76bae9e3f008,1749,To inspect your mattress for damage
1751,66b7b2eacd6da00a,1750,"To keep your grass short,"
1752,f15c5ed3a53a4174,1751,how do you cook chicken?
1753,e894293efc80e5e1,1752,how do we eat dragonfruit?
1754,0cbb7bf3f2a3f928,1753,How to Make Easy Workshop Cabinets
1755,438dfecbfd99ad74,1754,How to increase the water content of a piece of meat.
1756,e2cbd6bc1c99b6f9,1755,How to clean a fish globe?
1757,8bb1a67b576e3edc,1756,"To be safe when working with lye, you can"
1758,7dbf025b01af1700,1757,To get rid of under eye bags.
1759,551bc86208b4aa51,1758,Purchasing a used car?
1760,a2e47adbb41a19af,1759,"To prepare the false eyelashes for application,"
1761,e3d5a84dce1aecd0,1760,How can you cure hiccups at home?
1762,e59220e7cd664a07,1761,Remove greasy prints from walls.
1763,1ad36202e0926957,1762,How to make Tropical Pineapple Tarts at home.
1764,0fa8e1cd03b2cb71,1763,folder
1765,89d32ad38850b6d5,1764,Eat a well balanced diet
1766,c8b1590a587373c4,1765,Deter mosquitoes from camp fire.
1767,11bb08e388903f2b,1766,"To protect your car from scratches in your garage,"
1768,7030e60778b1f2d5,1767,hot mitts
1769,d94ee4dd02a65331,1768,How to saute onion.
1770,1d006f95ca89bc34,1769,how do you file down a dogs teeth?
1771,ce26bb8bd6e0383d,1770,how to avoid paint spill when adding paint to your brush
1772,430cd7c26841806e,1771,Flour
1773,75309d966cd09445,1772,how to measure liquids
1774,1af79a11eaa7dc32,1773,"To make a pastry crispier after it has gone soft,"
1775,d591f5a8698d96c3,1774,slicer
1776,c521ada9b46d8564,1775,stapler
1777,89801202d9c087ca,1776,How can I avoid nailing my thumb when starting a nail with a hammer?
1778,10cca2692f885e91,1777,"To quickly peel tomato skins off of tomatoes,"
1779,526654574777dea7,1778,Refresh old sand paper on an electric hand sander without spending additional money.
1780,e1b1ff508a44fdbb,1779,What materials are needed to make ganache?
1781,b5f6ad8568bdb77f,1780,"To start chip carving,"
1782,b93c656a9f2f71c2,1781,Find a substitute for Rosemary for baking and cooking.
1783,4161f718a9e27f71,1782,how to make a jicama-mango slaw
1784,349a54a5fb5a4db6,1783,Remove stains from eye glasses.
1785,4b6b6d9975ad410b,1784,How can I keep bathroom mirrors from fogging up?
1786,8eb191c9521f0baf,1785,"To make a photocopy of a page in a book,"
1787,bf71bf0fd707ea15,1786,How can I tell if a watermelon will be watery?
1788,91db1da91ce2080e,1787,How do you make a buttermilk substitute for pancakes?
1789,b397aa86af611c44,1788,Create extra compartment in handbag.
1790,6a07faddf8e59b7c,1789,"To clean your glasses easily,"
1791,8097c76a7e87e1a0,1790,Excavator
1792,92cb6354710cd239,1791,"To attach batting to a wooden chair, you can"
1793,d6363bbe3b1ef03c,1792,how do you shut off the wifi?
1794,b1a2a444a0695ea0,1793,How do you crack hardwood floor?
1795,0c301d6e42632ac8,1794,a rumor
1796,23d27da2411fcdeb,1795,To make cucumber ribbons for salmon rolls.
1797,fed68198998daebb,1796,How to secure two pieces of wood together.
1798,a6174bf16eb4365c,1797,garage
1799,a71a872f8d260af1,1798,"To force a turnover in football,"
1800,0766320e2831ce30,1799,"To comfort a homesick child while they're away at camp,"
1801,f39c3cd9b24fd654,1800,books
1802,ed31cfba6fb58a1b,1801,"To mix salt and sugar together, you can"
1803,7b79b85d3e9f846f,1802,To eliminate the chance of sparks when cutting an aerosol can.
1804,c3044919879b803b,1803,a shelf
1805,d6892b5f368394d4,1804,Acetone
1806,982ba497eb8f47b7,1805,Prepare a wall to have a frameless mirror attached
1807,843f0c01f15a87ea,1806,What size box should I use to make a lego batman costume?
1808,a9eaeabb77fb7be6,1807,Add moisture to air.
1809,06b76d56c2572f89,1808,metal bar
1810,3acabf0b65667476,1809,How do you dry nails fast after painting them?
1811,e35eb70e6b4d2892,1810,spray paint
1812,07c100510413bc9f,1811,How do I open my garage
1813,543b87d5df682468,1812,Carve words into wooden boards.
1814,97f1b4391ad6e08d,1813,ornament
1815,36cef205b3b7ecb5,1814,container
1816,3039cc858e6761dc,1815,how do you eat boiled egg?
1817,a8a93eb933c8b491,1816,Cut a piece of screen to cover a car window
1818,525855599c57e890,1817,how to make a greek cucumber salad
1819,7bf3844cdb41b337,1818,Remove paper cover from a book.
1820,de43e8137919ee4e,1819,To clean AirPods
1821,150c58cec3f0535c,1820,Remove dents from carpet.
1822,5d7a3a98a3e7b6d0,1821,how do you tip a hat?
1823,d9ad2a9bea836a19,1822,How do you light a match?
1824,9530c3f8af5b4b2a,1823,How to make Strawberry Kiwi Sauce at home.
1825,bf73048baeb4213d,1824,magazine
1826,3d56cf10555900a3,1825,how do you make a copy of a key?
1827,e79c08a43f420d95,1826,to store cast iron pans so they stay dry
1828,e9a6d8f30c45f83e,1827,a sponge
1829,a8cd28020030d100,1828,How do you prepare paper for papier mache pulp?
1830,5418e139668f9f55,1829,How many legs do you need for a coffee table.
1831,e6e8a2ca184678d8,1830,To design a exercise routine for the lower body you can do at home.
1832,a9552726915f9b14,1831,Learn to make my own condiment buffet for BBQ's.
1833,a25b026bb92f81c0,1832,How can I easily carry clothes on hangers when I move?
1834,5285e12be78f3efd,1833,To add chocolate and caramel to hot milk and cream.
1835,813145529a02ae81,1834,To make orange pulp from oranges.
1836,c87e668443d68a57,1835,Roast marshmallows.
1837,9cd01eeeef14d4aa,1836,A power washer
1838,8f747ff2a4fdf94e,1837,Where can I buy a tennis ball
