atlas_idx,item_id,split_index,question
1,eb5b8dc2e5dc73c8,0,Tracy didn't go home that evening and resisted Riley's attacks. What does Tracy need to do befor
2,7bf5f31eb1241b5e,1,Sydney walked past a homeless woman asking for change but did not have any money they could give
3,305047c81ae8e0fd,2,Sasha protected the patients' rights by making new laws regarding cancer drug trials. What will 
4,a900427ae4428133,3,Jordan was in charge of taking the food on the camping trip and left all the food at home. How w
5,d396783457a93398,4,Kendall opened their mouth to speak and what came out shocked everyone. How would you describe K
6,751910d54209462b,5,Aubrey never told Riley the answer and Riley was angry. How would you describe Aubrey?
7,fb77498809e7a559,6,Kendall's dog was overweight so they walked it five miles. Why did Kendall do this?
8,9387debb71138297,7,Kendall got a new sports car and could not wait to show friends. What will Kendall want to do ne
9,16c581af28e6428f,8,Riley layered down their arms with a blanket to keep warm. What does Riley need to do before thi
10,b409474702f6cf3e,9,Austin knew Quinn intimately and they slept together many times. Why did Austin do this?
11,5ced79c066bb9d3d,10,Carson kissed Alex gently on the cheek and asked to go to dinner. What will happen to Carson?
12,7aa4b88d21d24c12,11,Alex walked Robin towards the execution chamber for her last meal. Why did Alex do this?
13,d0edc0f3a038e485,12,Carson was excited to wake up to attend school. Why did Carson do this?
14,f884ec2a83d73a0a,13,Taylor proved Carson's point about who was the stronger wrestler of them all. What will Taylor w
15,f075765445ea5af0,14,Sydney went trick or treating and the others joined him happily. What will Others want to do nex
16,adedc54c27ba6d02,15,Sasha set their trash on fire to get rid of it quickly. How would you describe Sasha?
17,64321e758f958874,16,Robin dried up the paper and lit it on fire and it blew away. How would Robin feel afterwards?
18,f99cb9fcba5c18ff,17,Skylar went camping with friends and found the best campsite. What does Skylar need to do before
19,3d119a437a6feef7,18,"Due to his car breaking down, Robin decided to ride with Jan's friends to school. What will Robi"
20,7895ec91f6081c5a,19,Cameron took Kai's compliment seriously after the ballgame ended. How would you describe Cameron
21,4e78bb710a5cafbf,20,Jordan taught art in elementary schools and was really great with his students. How would the pa
22,653d3f474c58dd41,21,Riley and the others were the best of friends and always supported each other. What will happen 
23,c8f602137b2ad4b1,22,Taylor gave help to a friend who was having trouble keeping up with their bills. What will their
24,159485e455ac77bc,23,Riley had twisted their leg and began to hurt so bad that they could not walk. What does Riley n
25,f4acf6c96d5080d0,24,Carson was at a friend's house but suddenly announced they needed to go home. Why did Carson do 
26,fbef384b8fdd3cf5,25,Taylor taught math in the schools after studying to be a teacher for four years. What does Taylo
27,6de26aeed3c38353,26,Tracy led their army and fought hard in the war until they sat upon the throne. How would you de
28,b04ccae13196d3bf,27,Kendall watched baseball with his friends after working hard all week at his job. What will Kend
29,0bb3f7ef0d8c59c9,28,kai was bored and had nothing to do so he played card games. What will Kai want to do next?
30,c7199ab648df28d6,29,"Robin changed Aubrey into clean clothes, so they can both go to the big play. What will Robin wa"
31,b16a79c167eac1a3,30,Kendall wrapped string around my neck to measure the collar of a shirt. What will Others want to
32,517659e04fc1178c,31,Aubrey gave it to Kai's friend. Kai had thought for sure and hoped that she would get it instead
33,4771c7f37ed99dd2,32,jan took them to NYC so that they could experience the city for the first time. What will Others
34,e0741a7033cb76fc,33,Tracy threw a fit on the couch while watching the history channel because they got a lot of deta
35,20b4bac97ccea84a,34,carson hated lee and his family so he took the risk to injure lee. How would you describe Carson
36,0974d3ecb241bf2b,35,Robin stayed outside and tried to finish the game of volleyball she was playing. How would Robin
37,5c17413f7adc6592,36,Carson returned to Robin's house after previously storming out during a huge fight. How would Ca
38,085465a4ddf29167,37,Robin didn't know why she was having bad luck but found the answer. How would Robin feel afterwa
39,cf4d65cd016498c1,38,Jordan's son was growing out of their shoes. Jordan took their son to the shoe store. How would 
40,25d4879233a27fc8,39,ash was cut short even though everyone wanted to hear what ash had to say. What will happen to O
41,61bfe9297e883594,40,Jordan was talking to a group of friends. Jordan talked behind Ash's back to fit in. What will h
42,876ad40c4479af5f,41,jordan wanted to be nice to a girl so he took her to the shoe store. What does Jordan need to do
43,df2c8178fcbdf0d4,42,Aubrey understood Remy better and met his needs more efficiently as his nurse. How would Remy fe
44,1a74cef29b9dba01,43,Aubrey kept the baby up at night to watch for a concussion. What will happen to Aubrey?
45,07202928dae361d1,44,Robin shut Riley's eyes to the fact that he didn't want her to see the sex scene from the movie.
46,4927a853c28f979b,45,Quinn wrapped their arms around Jordan before pulling out the gift that they had been hiding. Wh
47,7d2654b0a1ca1ce8,46,Bailey passed Jesse on his driving examination after he passed with flying colors. What does Bai
48,03a0b757f85bcb04,47,Austin was taking a test and found it difficult at first. How would you describe Austin?
49,868d87302ebfc49c,48,"Quinn was playing and froliking in the snow, making snow angels and snowballs. How would you des"
50,a034d1c8f6674344,49,Tracy gave money to my friend who needed it but failed to by it back as they promised. What will
51,6902de3848e5e47f,50,Camerson was grading Bailey's research paper. Cameron felt satisfied with Bailey's work. How wou
52,bdbcd6584b752961,51,"Skylar was pushed by the bully in the lunch line, so Skylar poured milk over their head. What wi"
53,74c1a25198e7af24,52,"Remy gave you Skylar account for netflix, so you wouldn't have to pay for your own account. How "
54,7cef7ea6c060ac74,53,Skylar was on the phone while at the national park. They lent little attention to the view. What
55,827855c90862eee4,54,"Sydney works as a preschool teacher, and helped trace Robin's fingers. Why did Sydney do this?"
56,4d297d403dbcd138,55,Jan was pregnant and she gave birth to a beautiful baby daughter. How would you describe Jan?
57,ea8b0d563344371e,56,Kendall was really into house plants and often pour water in to jars so the fluoride would evapo
58,131006781382a225,57,"Knowing skylar would want to go too, Kendall took Skylar into account. Why did Kendall do this?"
59,61f95cc04fc7f299,58,Aubrey was a police officer. She pulled Casey over for speeding in a construction zone. What wil
60,4988bcba5c303a92,59,Riley granted Jan the highest title of the kingdom and celebrated with a feast. What will Jan wa
61,b346ad0bad4d1d63,60,"After being kicked out of the house by his parents, Jordan needed a place to live. How would you"
62,f6e9c1428a1bb5f2,61,Remy gave birth to a baby girl on a Saturday afternoon. What does Remy need to do before this?
63,aea1fc05a535467e,62,Alex was no longer raising Sasha but she did give birth to Sasha. What will Alex want to do next
64,2b701ec1d4ce12f5,63,Jordan gave Robin advice about a job interview as Jordan already worked at the company and knew 
65,b0fc714fb6c4bcce,64,Cameron went out of her way to buy food for the homeless. How would Cameron feel afterwards?
66,eee50704023f8a8b,65,Sydney played Kendall's heart when she pretended to be interested in him at the party. What will
67,55be125778e275d7,66,Cameron's parents told them to do well at school or they would be grounded. Cameron took their w
68,5ba4a11ac3afd6c7,67,Jan took me to NYC to celebrate my birthday before the baby was born. What will Others want to d
69,3d0c85adf53dba59,68,It was a pretty sunny day outside. Quinn walked instead. What does Quinn need to do before this?
70,049d49914abf0d80,69,Kai was grounded after wrecking his mother's car so he handed back the keys. What will Kai want 
71,e7c0e7a2d4fa7a65,70,Jordan got his leg bitten off by a shark while he was surfing. Jordan made light of the handicap
72,3d769ecc9c2453ff,71,Kendall knew that Skylar has a difficult work schedule and needed to accomodate that when planni
73,a508d5cd3c4435e0,72,But she didn't want to be on the team so walked off the court. Why did Aubrey do this?
74,2233cf07490da7c3,73,Carson was at a friend's house across town from where he lived playing video games. How would Ca
75,05978de208f22370,74,Kendall took their dog to the new dog park in the neighborhood. What will Kendall want to do nex
76,829cdee1436c613c,75,"Robin's brother was hungry, too, so Robin cut the sandwich in half. How would Robin feel afterwa"
77,6f652d12f71e9ef9,76,Addison regarded every girl as somebody who should be treated by their actions. How would Others
78,fdc5ee4135c46207,77,Remy challenged them to a game and then beat them so much. How would they feel as a result?
79,0ccbfdeb3cc45b1b,78,Casey gave some money to Jesse so she could go to the movie. How would you describe Casey?
80,7cdacfa612626dd1,79,Lee gave birth to ten babies over a span of ten years. How would you describe Lee?
81,72d6b3c74fdf6014,80,Cameron wore some very heavy clothes even thought it was hot outside and he would sweat heavily 
82,81a8f76c591e44aa,81,Remy understood every mystery because she was a famous mystery writer. What will Others want to 
83,5f60eed81480b870,82,"Kendall persisted after being told no, and eventually had a positive effect on Lee. What will Le"
84,9a0dd8796211734c,83,Alex worshiped Jesus in their way even though everyone said it was the wrong way to do it. What 
85,dbdc40ed5bd077d0,84,Cameron got a new video game and wanted to spend the night playing it. How would Cameron feel af
86,3462e565ef18c235,85,Alex grew closer to their significant other after they vacationed together. How would Alex feel 
87,4b195de8df7ae1b7,86,Aubrey got gas at the station and got some snacks for the drive. Why did Aubrey do this?
88,730847bf5e13e5c2,87,Riley regarded Jesse with observant eyes then smiled after they ate the last cookie. How would y
89,548ecdb3dcfb9e22,88,Aubrey fed Tracy's kids spaghetti after the baseball practice. How would Tracy feel as a result?
90,e981577c43e7d1e5,89,Quinn cried their eyes out and ate a whole carton of icecream over her breakup. What will Quinn 
91,1d07e5f5e5bb56c6,90,remy had a good talk with aubrey so aubrey understood remy better now. How would Remy feel as a 
92,ad15e074ec12637f,91,Alex took care of the children after school so that their parents could continue to work. What w
93,a3ad437023e02a46,92,Taylor taught math in the schools where underprivileged children studied. How would Taylor feel 
94,4bbf325032b20099,93,"Jan fastened the anniversary necklace around Sydney's neck, amid her tears of joy and exclamatio"
95,3cfce3a7cbb49b09,94,Kendall didn't get the job despite the interviewer telling her she was qualified. How would the 
96,f7c955b9eeab1588,95,Riley talked to their friends about what they should do that night. Why did Riley do this?
97,909630dd43769013,96,Remy went into town and found a fun place to get treats and ate some ice cream. What does Remy n
98,e4236733a930c0fd,97,Carson was at a friend's house playing video games to get away from his arguing parents. What do
99,ff9769d88085b70e,98,Taylor taught math in the schools and got a lot of praise for his style of teaching. Why did Tay
100,1c825c0006d88091,99,Robin pulled Carson over for speeding and then didnt write him a ticket. Why did Robin do this?
101,8dd123d8c6576667,100,Robin left food out for the animals in her backyard to come and enjoy. What will Robin want to d
102,4181711a812e6cd3,101,Alex spent a minute thinking and finally decided to take action over it. Why did Alex do this?
103,b06a5fc2f7a40d84,102,Bailey was not doing well at work but wanted to change the perspective to feel better. How would
104,f69dea01a8c20a01,103,Sydney is a fan of Hillary Clinton. One day she found a biography of Hillary Clinton. Sydney wan
105,cfa90275dcb1efea,104,Cameron left the Halloween party early and drove home as fast as they could. Why did Cameron do 
106,bc66538ae48bf342,105,Kendall lost their shirt and walked around topless. How would you describe Kendall?
107,ff723b3a1b028ed0,106,Taylor got louder as they raised their voice because of the altercation. Why did Taylor do this?
108,a472b329104ec110,107,Kai knew that things were getting out of control and managed to keep his temper in check. How wo
109,d741fd52278ffd66,108,Tom gave Sydney a red scarf. Sydney set it on fire. How would you describe Sydney?
110,85687d15477a7abe,109,Austin built a mall on the site where the ruins were found. What does Austin need to do before t
111,eccbc69f0c0a470b,110,aubrey helped sasha move because they were good friends and sasha needed help. How would Sasha f
112,556149507249b16c,111,Cameron arrived at the restaurant and sat at their table. What will Cameron want to do next?
113,609a4cc7404a2c90,112,Alex and his brother didn't have much in common. They went on a camping trip and Alex grew close
114,9e690b5ae7364045,113,"Remy, their partner Joe and family were out for dinner when Joe suddenly asked Remy to marry the"
115,64cbaa4024585a32,114,Riley was in pain. How would Riley feel afterwards?
116,095e04a457951dec,115,Jesse is patient and hardworking and hungry in the morning. How would you describe Jesse?
117,7469cc6354dac8d2,116,Ash and Sasha have been dating for a long time. Why did Ash do this?
118,a083f0c62f81e384,117,Tracy understood Casey's mood better once they sat down and talked it out together. What will Ca
119,d24eae561376e77d,118,Robin took a very long time to make up their mind of what to wear on their date that night. What
120,5a492041612a264e,119,Bailey was a new student at the local high school in town. How would Others feel as a result?
121,b9d8555506a7e661,120,Skylar ate too much sweets and chocolate and drank too much sugary juice and the dentist told he
122,020666e3109076d9,121,Aubrey fed Tracey's kids ice cream after Tracey said the kids were allergic. What will happen to
123,2820880adef410f7,122,Quinn cried their eyes out because no one loved them at all. How would Quinn feel afterwards?
124,dd1f6dc8ea47bea1,123,Riley had a lot of friends. What will happen to Riley?
125,721990979027d450,124,Sasha grabbed Robins head and gave it a good shake. Why did Sasha do this?
126,9c3b26d6a6adf135,125,Jesse wanted to get fresh apples and went apple picking at the local farm. How would you describ
127,0b36a89d42576e14,126,Bailey asked Sasha's grandma if they could eat the cookies now. Why did Bailey do this?
128,a019483908a7baa6,127,Jesse hired Bailey to impersonate to take the SATs. What does Bailey need to do before this?
129,8dfb094ecdcd1405,128,"Skylar was getting close to the deadline, so Skylar put their mind to the task. Why did Skylar d"
130,b8bc04c3caf200dd,129,"Cameron and Aubrey were dancing at a friend's wedding, then the music changed to a slow song and"
131,d9ee2d233ac7edf7,130,Riley laid down their arms and issued a long but effective peace treaty to be signed. What will 
132,26719adc72930b8a,131,"There was a fire, Sasha grabbed the extinguisher and saved the home from destruction. How would "
133,2e442813d209553e,132,Remy told Kai that they wanted to go out with them on a serious date. How would you describe Rem
134,77304464173cef4e,133,Skylar wasn't very good at the game and ended up losing their character. What will Skylar want t
135,5b0b506d3ccf6a57,134,Addison could not find a coupon to IHOP. They felt bad about it. What will Addison want to do ne
136,af72a03df01e970c,135,Jordan shared their experience with the party. He lost 3 levels doing so. What will happen to hi
137,5f3a67bd009b63b0,136,"Jordan wanted to tell Tracy a secret, so Jordan leaned towards Tracy. Why did Jordan do this?"
138,6c03017673cad759,137,Jordan paid his debt to society by completing several hours of community service. What does Jord
139,25c2891ec3f0c25e,138,Skylar put their mind to the task because it was complicated and required full attention. What w
140,869ec94adf9bafc7,139,Aubrey met a creepy stranger at the park who was trying to get Aubrey to go home with them. What
141,5324be530859f229,140,Addison threw a pie on the character to make the play more humorous. Why did Addison do this?
142,686f89e8f03c6257,141,Jan lit a fire under her coworkers because they wanted to start a fight. What will Jan want to d
143,276bd653eadd62b8,142,Alex rendered Sasha's service and was pleased with her attention to detail. What will Alex want 
144,03ff72df93ebee8d,143,Casey ordered a package with priority shipping but two weeks passed and Casey never received the
145,4f189009b99f29e1,144,Sasha got revenge on her friends for the trick they played on her. How would Others feel as a re
146,77bff564b9205dd8,145,Skylar got a cast on her leg because they were in a car accident. What will Skylar want to do ne
147,19aa5dce532291ee,146,Carson shook Jan's head again after she was very angry at him. Why did Carson do this?
148,05058e4cc19fd6ce,147,Remy left their money on a foreign bank account that was overseas. Why did Remy do this?
149,140d4e8a24d61050,148,Casey wrapped Sasha's hands around him because they are in a romantic relationship. How would yo
150,3e3f0230e6d4bb21,149,Kai was only trying to make fun of Cameron although Cameron took Kai's compliment seriously. How
151,5217fc6b2cad0269,150,Kendall showed off her new car to all of their friends. How would their friends feel as a result
152,92a5f322cc0a941f,151,Taylor gave Kai a lot to think about. What will happen to Taylor?
153,a094a0d74ae47f3d,152,Riley required every detail of the new project but he only received a partial specification. How
154,168c8f247938713c,153,Riley was coming home from work and suddenly began to hurt all over. How would you describe Rile
155,7d5b12976a1959b2,154,Carson tried to fight Robin last night because Robin hurt Carson a lot. What will Carson want to
156,4bc2808255f7dee1,155,remy trusted the bank with his money so he left the money on an account. How would Others feel a
157,57b2aaa3eb8a7646,156,Kai made a career out of his hobby of crafting wood furniture by hand. How would you describe Ka
158,a791a002a87539bb,157,Jordan left their book in the library after studying all day. What will Jordan want to do next?
159,ba51d2c0ca2928c7,158,Jesse showed off her brand new car to Sydney's friends to make the jealous. How would you descri
160,47dfce57f63da0be,159,Taylor decided to take the bus based on their experience with the traffic. How would you describ
161,840349c1fae3694f,160,Sydney gave Aubrey an estimate for how much their house is worth. What will Aubrey want to do ne
162,00c9c525642a6ec0,161,Quinn knew Ash well enough that they broken into and stole a jacket from Ash's locker. How would
163,b3c573471805a1b7,162,Cameron picked Robin up from the airport after Robin spent many years living in oversea. Why did
164,4cf7cce23d7bcdc7,163,Alex paid money to get some expert advice on all of the details. Why did Alex do this?
165,92734cadbfbe9f11,164,Aubrey was a police officer that pulled a driver over for speeding down the highway one day. Wha
166,43349b29b074300f,165,Jordan took their mother to the shoe store to buy new shoes for running. How would Jordan feel a
167,079f1609a5ae20e1,166,The beat was so funky and so fresh that Austin moved their body to the music. Why did Austin do 
168,6faaf333665c5cd2,167,Austin just got a big bonus from the company. What will happen to Others?
169,0b47839b13902576,168,"After the first solution failed, Robin had to brainstorm a better idea. What will Others want to"
170,6782999195bfe880,169,"Jan went out with Quinn's friends, but left because they had work in the morning. Why did Jan do"
171,02ef8fc2d3307db7,170,Taylor made a cake that was their mother's favorite. It was their mother's birthday. How would y
172,cff86a607a6e7146,171,Jesse made some bad decisions in life and Lee stopped talking to them. How would Lee feel as a r
173,01235be46c6cfdad,172,Riley was Jesse's girlfriend and had just found out Jesse was cheating on them. What will happen
174,3fa2b6bda36e7f24,173,"Austin gave birth on Sunday, and was home with the new baby my Tuesday. What does Austin need to"
175,0cb2e0989526705e,174,Remy was a hard worker at an insurance company. They were working late. Why did Remy do this?
176,687566700eeebe4d,175,Remy saved the town from destruction after the tornado had hit. How would Others feel as a resul
177,afe026e02d3001c3,176,"An old woman dropped her groceries outside of the store, Cameron went out of her way to help the"
178,e5560384303f8afb,177,"After graduating high school and being accepted to college, Casey decided to study philosophy, b"
179,bf5d5a8f2fa1fc25,178,Rylie is teaching Sasha how to swim. Riley told Sasha to hold her breath. How would Riley feel a
180,1dc1f07e104a8ec6,179,Aubrey was practicing singing and they sound really good. What will Aubrey want to do next?
181,2a9e1423ddb8d08b,180,kendall was a hard worker so she kept the ball rolling on the project. Why did Kendall do this?
182,f9e760900edddfc6,181,Jordan took their son to the shoe store to get some soccer shoes. What does Jordan need to do be
183,38b4d8a6b5bd3205,182,"After Bailey went to bed, Carson crept into the kitchen and ate Bailey's candy. Why did Carson d"
184,1f67ba68c4f9fb56,183,Quinn moved into a new house after their old one burned down in a fire. How would Quinn feel aft
185,c08c8bdb7633c481,184,Kai decided to stay at the beach house an extra week. Why did Kai do this?
186,4894566fff9655fe,185,Remy understood every word of what their teacher was teaching. How would you describe Remy?
187,1ff386dd3d7a7ce7,186,"Feeling a bit bored and tired, Kai watched anything. What will Kai want to do next?"
188,1dc1f07e104a8ec6,187,Aubrey was practicing singing and they sound really good. What will Aubrey want to do next?
189,26ef0c9c1214f586,188,Riley was the best of friends with the boy and the others were relieved they had someone to lean
190,7d3f3360c2eb9e34,189,Skylar was sick and had to cancel concert plans with Sydney. What will Sydney want to do next?
191,4556ee60f24e16b3,190,Jan lit a fire under her coworkers for slacking off a lot. How would Jan feel afterwards?
192,0724de8341bc425b,191,Sydney was writing the story creatively and wanted to give the reader Riley's perspective. Why d
193,5bee08ad3eba353d,192,Quinn knew what was going on after seeing the cashier stealing from the till. What will Quinn wa
194,411f299c6fab04e5,193,Skylar entered the classroom at school and made fun of everyone for being there on time. What wi
195,1b4cb5d53e480dbd,194,Jan gave Sydney a necktie and Sydney put it on and it looked really good. What does Jan need to 
196,cf6c7e8e54673013,195,Addison went fishing and brought her brother with her. What will Addison want to do next?
197,716790b5b06f702f,196,Jordan taught the children nutrition and brought new foods for them to try which affected the ch
198,a61b34a4a2f408e4,197,Tracy wanted something to do over the weekend. Tracy went camping during the weekend. Why did Tr
199,1d0422015b2678fc,198,Sydney is Addison's boyfriend at the local high school. What will happen to Addison?
200,5c1b3740a9fb4b0f,199,Riley was on the beach near some birds that just flew away. They went after them. What does Rile
201,e5df52509efe0045,200,"As usual, Aubrey went to the park but this morning, he met a stranger at the park who jogged wit"
202,7f7ab208c4ad15e8,201,Jesse stood Cameron up instead of backing the person who was accusing him of stealing money. How
203,9e85ca7f82a7be6a,202,Jesse is very angry with Riley and says some pretty awful things. Riley looks at Jesse with hurt
204,0874644ccde38aae,203,Remy answered the question that was intended for someone else. How would someone else feel as a 
205,c8a3d7c74a825c2e,204,Austin predicted cancer rates in patients would continue to go down due to the new breakthrough 
206,892d2dda02ae56f8,205,Kendall altered Lee's course of action after seeing a grave mistake in his plans. How would Kend
207,aec2261373602109,206,Quinn was spending the day in the park with their friends. What will Quinn want to do next?
208,42ce85561ab13405,207,Bailey felt bad when she saw the homeless lady and gave her twenty dollars. How would you descri
209,e89441e89be1a1a2,208,Taylor asked the one officer for help in unlocking their car. How would you describe Taylor?
210,d94d952dcff563ce,209,Carson was not exhibiting proper behavior in the military. Austin went ahead and discharged Cars
211,66417ad9789acb9b,210,Tracy gave it to their friend because they weren't going to need it anymore. What does Tracy nee
212,c7057f57df779e66,211,Alex grew closer to their cousin and spent less time with the others. How would Others feel as a
213,c53adac9b67e5343,212,Jan wanted to help some low income kids go to summer camp. Jan raised money to help. How would J
214,2dad1219ad1d33c0,213,Taylor had not had contact with this friend for ten years and wonder how their life was going. H
215,9ae2c4be6c10b035,214,Tracy heard a faint buzzing noise and immediately ran for her life. How would you describe Tracy
216,3c20a02880fb934c,215,"While reading a story about animal abuse, Quinn felt a lot of pain. How would you describe Quinn"
217,6e76b2054bdb61f6,216,Alex saw Taylor talking to another guy at the dance that night. What will Alex want to do next?
218,b25548a8bb835033,217,Robin was too embarrassed to explain so she let Carson explain why it happened. What will happen
219,624b8f22c0270a69,218,"Riley and Sydney are best friends, Riley sold Sydney's painting to the bidder after she stole it"
220,b179d4c8c3c9a3ff,219,Taylor's friend was grieving the loss of his grandfather last week. What will happen to Taylor?
221,9678e23d14fb0b9b,220,Jesse showed Sydney's friends how to bake a cake but it was left in the oven too long and burned
222,23dd36501d1a81f5,221,Sasha had gotten a tutor to help her with history. Sasha started to improve slowly. What does Sa
223,fb6b1aab2316d3a8,222,"Tracy brought the kids to their dentist appointment, but it was scheduled during the school day."
224,ac5f2b02cd10e6b7,223,Jan wanted to make friends so she exchanged phone numbers with people she met. How would Jan fee
225,ee06f28c5d11cde3,224,Sasha and others noticed Bob didnt have money for lunch. Sasha gave Bob some french fries. What 
226,6132ec7e1c4845cb,225,Casey's mother called Casey to tell her that she sent her a package by mail. What does Casey nee
227,ae22961541efc367,226,Kai sold their clothes to the bidder at an auction when they didn't fit. What will Kai want to d
228,6bb9bfaf03b9ddd9,227,Casey paid Jesse for the items they bought from them. What will Casey want to do next?
229,f49c3b3ce3dfad34,228,Aubrey was walking in the park one day. Aubrey met a stranger at the park when she stopped at th
230,d232655a39157b6a,229,Alex helped Casey escape from the jail cell. What will happen to Casey?
231,f50d3207af153a28,230,Carson tried to fight Robin last night while they were at a bar. How would Carson feel afterward
232,f73736503cbac1df,231,Carson ate Bailey's candy and took a nice long nap after eating the candy. What will happen to C
233,b11a4ae91581407c,232,Kendall grabbed Jordan's hands because Jordan was going to cross the street without looking. Wha
234,4b96e6bb9734b897,233,Quinn was starting to get the strength back in his legs after months of physical therapy. How wo
235,45159c6cc123430f,234,Jordan felt bad after vandalizing a building so they paid their debt to society by cleaning up e
236,a630fbd40a7cc973,235,Jan and their partner were going to a big new year's party at a bar downtown. Jan decided to lea
237,a30c5ec9d2bf1491,236,Tracy saw a robbery so he ran for his life to the police station where he was asked to fill out 
238,1f3c47ba4286c461,237,"Kendall's shirt was very expensive, and they lost it over there. How would Kendall feel afterwar"
239,4cab396e7d83db8e,238,Lee challenged her to a fight by pointing his sword in her direction. What will she want to do n
240,1c1363e7d4000884,239,Alex had been caught up in many crimes so one day Alex escaped to Mexico. What will Others want 
241,eb2537d50d82957a,240,"Sydney appeared wounded, on the ground, so Kia Crowded around Sydney to assess the damage. What "
242,6f9ed236066d3752,241,"Taylor wanted to break up Kai's romance with Tom, and spread rumors. What will happen to Kai?"
243,8af456d1fc57f254,242,Robin let Carson explain to their parents what had happened at school. What does Robin need to d
244,96f074e8dc5cfff6,243,Sasha heard a rumor and acted on it and saved their company from destruction. Why did Sasha do t
245,df720c8a97ab0c0f,244,"Riley sold Sydney's painting to the bidder, but they didn't have enough money. What will Riley w"
246,1794cf6fee68bd9b,245,Casey's children were playing in a park next to Jesse's house. Where will Casey take the childre
247,30a5369e017d9667,246,"Sydney went to our family farm, taking the trash with her, and set it on fire on the ground. How"
248,646191bb4b46c67b,247,Austin was having a great day and felt wonderful. What will Austin want to do next?
249,92a3284e9e1a211d,248,Austin just proved a way to predict cancer rates irrefutably. What will Others want to do next?
250,43d3eb174414620e,249,Carson dropped the whole pizza on the floor. Carson was at a friend's house. How would Carson fe
251,34373e5faaf0315e,250,Robin has been sick in the ER and Alex has been right there by her side but he had to leave to g
252,affaf20efaf85d40,251,Robin called up Jan's friends for a girl's night out and went out. How would you describe Robin?
253,455c3ae93d33343c,252,"Quinn was slicing ham at the deli, so Quinn turned the scale on. What does Quinn need to do befo"
254,729b65adaf3e3cea,253,Quinn returned the tools back to the rightful owner. What will Others want to do next?
255,189823481cd7a054,254,Sasha's team was playing terrible so took it upon herself to take over. How would Others feel as
256,cd6456b237bede5e,255,Bailey was at his friends house one day when the house next door caught on fire. What will happe
257,b75ad81516e4742e,256,Ash was moving out of his apartment. Taylor came over to help Ash move. What will happen to Tayl
258,921aa9ad83870105,257,Quinn climbed into bed because she had a bad headache. How would Quinn feel afterwards?
259,b7a1573e584c9db7,258,There was a thunderstorm and Skylar's kids were scared. She made them hot chocolate and read the
260,f4be3b715e42b29d,259,Quinn got two jobs and finally moved to a new house. How would you describe Quinn?
261,8a3bfdfef54eac17,260,Aubrey wanted to go for an evening run since they were off from work. How would Others feel as a
262,b19a73dd9bf82bf0,261,Jordan left early from wrok in the summer while it was still sunny out. What will Jordan want to
263,1d4c24ae210c54f5,262,Riley was the best of friends with the boy next door. How would Riley feel afterwards?
264,9703c33fba327cdf,263,The man commented inappropriately on the outfit that Sasha was wearing that day. What will Sasha
265,f609ac5fef3c2be1,264,Carson collected baseball cards and eventually sold the collection for a large sum of money. How
266,bad2303d9c9aca48,265,Alex was checking for breast cancer so they grasped both of their breasts firmly. What will Alex
267,b8249018d789f451,266,Remy got a ride from their friends to school this morning. Why did Remy do this?
268,7d8b93ab3c9a0644,267,Jordan gave Casey the runaround when Casey asked them what they were doing. What will happen to 
269,5b01679c2ed93b57,268,Tracy understood Casey's mood better than any of the other girls in the school. Why did Tracy do
270,a6ac4ca2a37ffb20,269,Riley had just turned 14 and spent at least two hours in the bathroom getting ready every day. I
271,ef2818c010cd023e,270,Lee spent the whole night trying to beat the boss on level 4. What will Lee want to do next?
272,48062bc5ff832c9d,271,Kendall kept the ball rolling on the project and was rewarded with a big bonus by the boss. How 
273,963cab982932ba6e,272,Jordan took their mother to the shoe store that she did not like going to. What will happen to t
274,627311e048744bed,273,"Taylor loved to read to their child every night, and having read so many books over the years, T"
275,ebb4c5049785aea9,274,Tracy put her jacket in the laundry and it hadn't been washed yet. Tracy wore Sydney's jacket to
276,2c23466014d7bb5d,275,Jordan took the man to the shoe store late Saturday afternoon. What does Jordan need to do befor
277,35e252fee73eed69,276,Sydney played to Kendall's heart with the song they wrote for them. How would Sydney feel afterw
278,c9190f17bcad4ca1,277,Robin took the Math test at face value because it was based on logic. How would Robin feel after
279,733084ac23906fec,278,Remy carried their orders into execution after being convicted of murdering their partner in col
280,3958904f52068dbf,279,Taylor is baby on the train. The train got stuck in a tunnel and Taylor began crying. As time we
281,64ccde7bb9ab110c,280,"Ash wanted his kids to understand why they were in trouble, so he got to the point. What does As"
282,ab4579e813b14e9d,281,"Jordan had to walk home, but it was cold, so he walked home fast. What does Jordan need to do be"
283,e3dc4baaead57ca3,282,tracy held a baby for 9 months and then gave birth to addison. What will happen to Tracy?
284,e159df4a5a9a5a09,283,tracy heard the news so she shook jan's head sadly. How would Tracy feel afterwards?
285,6230a16307981038,284,"Aubrey lived in Carson's environment, which was uncomfortable and filthy and something to be avo"
286,8eccf8a4200fbbcc,285,"While at a Christmas party, Jan went into labor and gave birth to a daughter that day. What will"
287,431c86685490b8f4,286,Austin always ate steak whenever he went out to a restaurant for food. How would you describe Au
288,2c5a4416e9831ef5,287,Quinn colored their hair and it turned out very nice as a result. Why did Quinn do this?
289,8b8afbe7606774e4,288,"Skylar always arrives 15 minutes early for class, takes extensive notes, and studies hard before"
290,d1ca871cc88be7e8,289,Austin got to warm to wear his sweater and decided to take it off. Why did Austin do this?
291,36dc2191e5139015,290,"Alex started going into labor, so she went to the hospital where she gave birth to Sasha. What w"
292,eb2442214154b227,291,Alex called my parents to inform them that I was safe at their house. How would you describe Ale
293,972f07fab1f8baea,292,Jordan was mentioned in Casey's chapter but the description of her wasn't very flattering. What 
294,6ab9205f4f01110d,293,Sydney went trick or treating and went to every house in the neighborhood. What will happen to S
295,16ec504b698067e0,294,"Remy was not supposed to do it, but he gave you Skylar's netflix account and pretended it was hi"
296,f30754f6d5d5efe7,295,Carson was wrongfully convicted for a crime. Taylor proved Carson's point last night and the jud
297,1a6005df2097e902,296,Skylar got a cast on their arm after they went to the doctor. What will Skylar want to do next?
298,2cb813aa2a48612a,297,"Austin spent all of their money trying to win big at the casino, now they are hungry and don't h"
299,008d479e45ae072b,298,Bailey held Aubrey's breath until she stopped breathing. What will Bailey want to do next?
300,2bd1fcf30997317b,299,Addison liked to go and pick apples. They got apples the other day. How would you describe Addis
301,6aa4101c32f0a3a4,300,Kendall grabbed Jordan's hands tightly after Jordan proposed marriage to Kendall. How would Kend
302,86f1913e091be1c1,301,Alex knocked on wood after seeing a cat walk past him. How would Alex feel afterwards?
303,20f5ba9a3183c6fd,302,Cameron's friends were running outside and Cameron got out of their way. Why did Cameron do this
304,39a66c4dee2a933b,303,Jordan wanted to try something new to pass the time so he went to a baseball card shop. Why did 
305,598c3092c2822e66,304,Jordan's smoking had negative affects on the health of the children. What will Others want to do
306,a70f69e7782650e5,305,Lee saved Kai's car from destruction by preventing a car accident. How would Lee feel afterwards
307,9372309e77fdb6ad,306,Bailey passed Jesse's examination because they knew they were fine. What will Bailey want to do 
308,3a387309dc97b117,307,Addison regarded every comment very seriously and listened to all the instructions. How would yo
309,fca95603bb85938a,308,Bailey worked very hard on the company project and got a promotion at work. What would Bailey's 
310,6fceaa6578f0f163,309,Sasha gave Robin their number after meeting them at the bar. How would you describe Sasha?
311,669f1ff755a52a1a,310,"Sasha had a plane to catch, so Sasha left the house within hours of waking up. Why did Sasha do "
312,3a188e7733ae4c5b,311,"Sydney takes their school work very seriously, they have just heard about a big test. What will "
313,563c4f1a1f25a2f0,312,Skylar gave Austin some pills because Austin had a severe headache and did not have any pills. H
314,5c1ad63540d90657,313,Casey went Jesse's way home. He knew not to argue with Jesse. Why did Casey do this?
315,a01a4a2b3aee7a6c,314,Kendall altered Lee's course. Lee was off on the wrong path at a young age. Why did Kendall do t
316,3a288db6624ae79b,315,"Aubrey was stressed about losing out on the promotion. To relax, Aubrey swam in the pool. How wo"
317,6c90bce35fa45f27,316,Sydney asked mom if Ash could have a dollar to buy candy for herself. What will Ash want to do n
318,fba2a0aaac8598df,317,Aubrey wanted to go in the pool but she was full of dirt. Robin went and changed Aubrey's clothe
319,a9b8bf99a41e982c,318,Bailey agreed to a date with their boss then had second thoughts and decided not to show up. How
320,89b7d9524d3ceb0f,319,Tracy took Jesse's students on a field trip and covered the expenses for everyone. How would you
321,53aa113e19fb96b3,320,Jesse stood Cameron up at the restaurant on their date. Why did Jesse do this?
322,86e6d0393a36cbb9,321,Lee left a mess upon Ash and had to clean the mess for a few hours. What will happen to Ash?
323,5fd09b9e1666ede1,322,Bailey expressed their thoughts in words. He was always very expressive. What does Bailey need t
324,43833aba5b93f454,323,Jordan watched Alex's every look at the party he went to for school graduation. Why did Jordan d
325,e9b5a136ca84e1f2,324,"Jesse had been sick for several weeks, but after taking new medication, Jesse was feeling much b"
326,6f5c5d8127603846,325,"Skylar sold homemade sculptures, and her family and friends bought them to be supportive. In a w"
327,c5e73e6ec1fdaadf,326,kai was scared so he sat in austin's lap. What does Kai need to do before this?
328,35deef0cb3a5d815,327,Alex was wondering how to send the document to Bailey. Bailey told Alex to send the pdf. How wou
329,6ba95c96d18cc71c,328,Jan came over one night and searched the house because she was scared a robber could their. Why 
330,4b00317895b6cf3d,329,Taylor is going to go hiking in the woods. What will Taylor want to do next?
331,c0471d20512e7a0d,330,"Kai gave Sydney a push, after Sydney was too slow getting out of the way. How would you describe"
332,ab225a3529648b28,331,Alex wanted to learn how to play the guitar on his own and set the plans into motion. What will 
333,6aa0bd8f332a0a35,332,Remy saved the apartment from destruction by holding a protest on the steps. How would Others fe
334,8f78a4071af8e002,333,Remy gave birth to a baby girl even though Remy thought they would have a boy. How would Others 
335,1678ce5f1c29dd4f,334,Sydney put on their clothes and the boys got ready for school. Why did Sydney do this?
336,36b8896c6eac3b17,335,Tracy had the world by the tail after she managed to do everything at work. How would Tracy feel
337,e1ee240fcb5e7206,336,A big dog started chasing Tracy in the park so Tracy ran for their life to their car and jumped 
338,b41a16b0d0f1074d,337,Jan made friends with Taylor. Jan now goes to Taylor´s house everyday to play video games. What 
339,df2412f80d9d3ac4,338,Ash tried to redeem himself after he missed an open shot in the game. How would Ash feel afterwa
340,6e86406c4414d393,339,Taylor taught math in the schools every day as a vocation to make money. What will Others want t
341,0392c295f8fd819c,340,Jordan was being loud and kept Carson up all night. How would you describe Jordan?
342,432c245f7eebcceb,341,Sasha broke Kai's violin bow and tried to hide it from her. What will Kai want to do next?
343,0744b7e1b5479622,342,Sasha works at the doctor's office. She protected the patient's information. What will happen to
344,b7a1573e584c9db7,343,There was a thunderstorm and Skylar's kids were scared. She made them hot chocolate and read the
345,eafa78f59aa5d1c9,344,Addison kept their kids well behaved and taught them good manors. What will Others want to do ne
346,6678b6c4fa705786,345,Addison believed in the goodness of each person and regarded every person as a friend. What does
347,0ec562d577d4705d,346,Alex paid extra money to get more secret details about the game strategy. What will Alex want to
348,ec4eb89aacb53ddd,347,Bailey told Aubrey she saw the thief taking candy in the aisle. How would you describe Bailey?
349,fffc94ab622410a9,348,Sasha was working hard for a long time and wanted a break. They spent a weekend traveling. Why d
350,81a61a8239c10300,349,Austin had a rough day at work and decided to go to the bar. Austin had a drink that night. Why 
351,b467136326fab5c5,350,"Since Kai was feeling confused while trying to present problems in front of the class, Kai makes"
352,bc7c789e69f7a5fe,351,Jordan was so good at painting portraits that they made it their career. Why did Jordan do this?
353,48be1cd7a9163585,352,Addison was at the shop and picked up groceries the other day then drove them back home and put 
354,98b9f6cb9cdbe0f0,353,Skylar had tooth pain and found out they needed a root canal. How would you describe Skylar?
355,eecfb435a94f6dff,354,skylar went shopping with friends in order to buy expensive clothes even though their friends we
356,56259335cae3004c,355,Riley began to hurt inside. How would Riley feel afterwards?
357,071ce1c90572e24e,356,Tracy gave video games to my friend when they were done with them. How would Tracy feel as a res
358,6871c9aab8dc8e72,357,Riley played a role in the revolution because he gaved the army weapons and suppliles. What does
359,9e55e622f1e3846a,358,Cameron had a tooth that was bothering him. Cameron phoned the dentist about it. What does Camer
360,cdb251047d44acc1,359,Sasha improved Jordan's status when they were seen together. How would Sasha feel afterwards?
361,3b90bfb08c7d1d19,360,Remy joined a band who needed a talented drummer. What will rest of the band want to do next?
362,72bf2ef016bd5207,361,Skylar offered Riley resistance after Riley wanted to take Skylar out to a new bar. How would Ri
363,594c8af350f7dffd,362,Taylor based it on their experience of being kidnapped and held for ransom. How would Taylor fee
364,2b49593b2ecea2f8,363,Riley's ex was secretly cheating on them and Aubrey knew but never told Riley. Aubrey was glad w
365,7de1c241583df244,364,Alex listened to a lecture before a big test. Alex paid attention to the details and got an A. H
366,157af8217024c479,365,Carson's mother does not allow them to play video games. Carson's mother found out that Carson w
367,f4c5afffba7fcab9,366,Kai had some choice words to say but she decided to keep the language in check. How would you de
368,14e302414da7c32f,367,Alex rendered Sasha's car washing service despite the rain that was soon to come. How would Sash
369,d9c21347230d25f2,368,Remy did not have a ride to the fair and called all her friends bugging them to give her a ride.
370,7837bdf87473beed,369,Tracy gave birth to Addison and was very proud of her new child that day. What will Tracy want t
371,070f5f4269ea6ccc,370,"Carson was home alone for a while listening to his music, when he saw that his mom had come home"
372,c03f2cf8e72f683c,371,Skylar knew they were nervous and he wanted to ease their minds. What does Skylar need to do bef
373,e82e931554451a7c,372,Remy got very dark after drinking by himself all night long. How would you describe Remy?
374,5bdd8d3d2f3c31e4,373,Aubrey ignored the call that she got from Riley that was about the upcoming party. What will Ril
375,f5789dca3d42ce80,374,Robin went with Jan's friends to the park to play some games for hours. What will Jan want to do
376,2963e7ae66a9decb,375,Sydney is Alex's mother and personal caregiver after Alex was paralyzed from the neck down. They
377,e95fb610df52a153,376,Taylor attended their father's concert and was very impressed that their father performed so wel
378,853ad8142022dfde,377,Addison and their friends were playing hide and seek at recess. Addison ran away to go find a hi
379,13ab6f60fcaa9177,378,Bailey was a good basketball player who had a special shot in their arsenal. What does Bailey ne
380,29f3730602b9c55f,379,Bailey studied the book carefully in preparation for the end of course exam. What will Bailey wa
381,0a9b9c02383c6a85,380,Cameron interpreted science in terms of objectiveness and rules. What will Cameron want to do ne
382,e5350b94c34f9680,381,Sydney set Skylar's phone on edge just a small hairline over falling over the desk. How would yo
383,95ee168219ef7638,382,Kai talked about politics with their friends to try and stay informed. Why did Kai do this?
384,6d6ed8553a7469aa,383,Sydney made some friends at their new place that they were working. What will Sydney want to do 
385,92ca13e369bff5ef,384,Tracy the bus driver took Jesse's students on a field trip to a remote location. How would Tracy
386,bac4a5ad1db36268,385,Alex loved to watch tv so he spent most of his time up in his room with it on. Why did Alex do t
387,e118217ce9caecff,386,Addison was listening to music very loudly. They turned their music down. How would Addison feel
388,39a66c4dee2a933b,387,Jordan wanted to try something new to pass the time so he went to a baseball card shop. Why did 
389,1981e59cd5b848c3,388,Jan said walk back to the students who were being disruptive and loud. How would you describe Ja
390,d07633f03e0c2946,389,Austin had things to do after school and always ate late. Why did Austin do this?
391,5a64078cde54be1b,390,"Growing up, Sydney had always wanted to be a lawyer. So, when she got to college, she took schoo"
392,f80bd1ebbd1f4330,391,"Skylar heard a commotion from a room no students are supposed to be in, he entered the room and "
393,af73c91a7acb9c79,392,Sydney woke up and was ready to start the day. They put on their clothes. What will Sydney want 
394,eb3b2a23a2900fc5,393,Casey was hungry so they put food into the oven to cook. How would Others feel as a result?
395,b461829ca65f7dd1,394,Aubrey asked Sydney to estimate the cost of the damage to her car. Why did Sydney do this?
396,bb7368ab25d26ca6,395,"Remy gave Skylar, the concierge, her account so that she could check into the hotel. What will R"
397,024a52c0b06239d0,396,Kendall walked their dog home in the pouring rain and thunder and lightning. How would you descr
398,794f2024a0d89d7b,397,Skylar found a child standing in the airport alone and tried to find their parents. Why did Skyl
399,6c486d19809d912d,398,Aubrey and Ted was on a fishing trip when a shark hit the boat and Aubrey fell out of it. What d
400,cde5893350eb8b0f,399,"Riley regarded Jesse, but Jesse was annoyed that they were being watched. What will happen to Ri"
401,85ffbe3fa89a803e,400,"While everyone else stood around trying to figure out the instructions by themselves, Taylor gav"
402,2ad03a3e42cf3b1c,401,Sydney rubbed Addison's head because she had a horrible headache. What will happen to Sydney?
403,456019781f18900f,402,Kai watched videos on youtube and there was one they really liked. How would you describe Kai?
404,0e3cf298898c1f29,403,Robin put their hand on Addison's wrist to keep Addison from shaking uncontrollably. What will A
405,d92c5681527e1b0d,404,"Quinn climbed into bed after a full, busy day of work. Why did Quinn do this?"
406,2d51b6c47fcfd3fb,405,Bailey destroyed the enemy's weapons when playing a video game with friends. How would Bailey fe
407,7b653231462bdc8f,406,Casey decided that he would be better off if he broke up with his girlfriend. What does Casey ne
408,ed1518fef9fa4db1,407,Alex answered Riley's question about the math problem for homework that night. What will happen 
409,2c9939aa4ff3c955,408,cameron was challenged to a dual so he had to put up or shut up. How would you describe Cameron?
410,c32f60012ab18181,409,Quinn went to work the next day after they went on vacation over the weekend. Why did Quinn do t
411,af9c449e2e9fcd26,410,Riley got dressed up for a night out. Riley went out with some friends dancing. What does Riley 
412,dca88e9d93009cf2,411,Addison had taken Casey's money without her permission. Addison knew she may get in trouble for 
413,27355d2f22bc62a6,412,"Carson was a week away from finals, but went over his friends every day to play video game. How "
414,95eeb0b38980fad8,413,Taylor gave her friend a present for their birthday that year. What will happen to Taylor?
415,e0754eff37913cd0,414,Remy challenged them to a game of racquetball at the local YMCA gym. Why did Remy do this?
416,6432f69a349c7725,415,"Remy and their friends were playing hide and seek in Remy's house. When they finished playing, i"
417,ce6ce7aa943da3e3,416,Riley wanted to ask their friends advice about what to do for a job. What will Others want to do
418,46bd88d035903de5,417,Aubrey kept the baby up at night but was ready to put her down for a nap now. What will Aubrey w
419,79d558a08c8a02b0,418,Jan decided on Friday to light a fire under the brush in her pit in the backyard. What will Jan 
420,327175eaffe73d23,419,Riley regarded Jesse with gentle eyes before asking him out. What will happen to Jesse?
421,c1918448772b58ec,420,"Jesse was taking a class and he really admired his professor. To impress them, Jesse studied a l"
422,afc986374250ed5f,421,Sasha got revenge on the people who had stolen the car from her. How would Others feel as a resu
423,ed1d8eceb5624c3e,422,"It had been a very long 9 months but it was finally time, Jan gave birth to a daughter that day."
424,c5eb397db2122a7d,423,Kai showed Jan how to do her job properly so she didn't get in trouble. Why did Kai do this?
425,881aa109d492d14a,424,Skylar got a cast on her leg after she broke it while skateboarding. How would you describe Skyl
426,71d9f3bdc0e5a4ef,425,Tracy took Jesse's students on a field trip because Jesse was not feeling well. What will Tracy 
427,238cbc9b57713a9d,426,Alex was saving up for a new car. Alex sold books on amazon. What will Alex want to do next?
428,545a339ef981e3d4,427,Robin and Casey were trying to come up with a plan. Casey did not like any ideas. Robin proposed
429,7f984c3edecb5241,428,Remy gave birth to a healthy baby girl at the hospital just earlier today. How would you describ
430,1f8a8cc8c8d0480b,429,Riley gave Jesse a scornful look after Jesse mishaved. How would you describe Riley?
431,353cdb4b64d7b626,430,Aubrey met a friend at the park and they decided to go play baseball. What will happen to Others
432,f603ceb217a7d2fb,431,Riley was a cop and therefore regarded Jesse with observant eyes. Why did Riley do this?
433,e58dbf5022f67787,432,Bailey moved the goalposts so they could make a field goal from farther. What will Bailey want t
434,eeaeca44ccc89c82,433,"Kai was not happy with how things were going, and Cameron took Kai's complaint seriously. How wo"
435,9835690aa4895f1f,434,Robin put their hand on Addison's wrist so Addison could not escape the situation. What will hap
436,303e560bb9b2ee04,435,Remy paid her taxes and her friend asked her why she did that. Why did Remy do this?
437,7eff74c7adde5254,436,Lee came up with an idea to solve the issue of dehydration worldwide. How would you describe Lee
438,79a1ad78477210dc,437,Bailey forgot to bring the present to a birthday party. What will Others want to do next?
439,855573ba3d289738,438,kai was an outrageous fool so he stole carson's tools. How would Carson feel as a result?
440,7eedc94891d901a5,439,"Teaching the anatomy class, Lee touched a nerve to demonstrate. What will Others want to do next"
441,2cb80f1ad6ea79a0,440,Kendall increased to Skylar's rate and felt that Skylar was too expensive and wanted to charge l
442,241a120ddc0c74b6,441,Riley turned the stove off every time she finish cooking. How would you describe Riley?
443,7f1ff47693e31c1a,442,Tracy wore Sydney's jacket to school because it was very cold outside that day. How would Tracy 
444,4f91068d64a26bda,443,Skylar has been working every day at getting her blackbelt and finally joined Sasha as having on
445,bb1bf105a988a40d,444,Jordan brought a bag of food for their school lunch period today. Why did Jordan do this?
446,d735b9309e56fd8a,445,Alex was Sydney's coworker. Sydney was lazy and gave Alex a command. How would Sydney feel as a 
447,a5a7749f6d1711e3,446,Casey went on Jesse's way and then told them that they love them very much. What does Casey need
448,55b3a83877ce811b,447,Taylor attended their father's concert and was very proud of him. How would Others feel as a res
449,3a7396cb9a878263,448,"Ash decided to meal prep on Sunday to save time. So, Ash had sandwiches to eat every day of the "
450,a2ab22e22ba6093f,449,Addison was playing a game of poker and noticed Austin standing in the background watching on bu
451,920e70afeddbb51d,450,Taylor repeated the Lord's request so that everyone would know what to do. How would Others feel
452,bf7c91340f83b224,451,Jesse needed to call his mom to pick him up and realized he lost his phone. What will Jesse want
453,85e4a826f90273a0,452,Ash redeemed themselves after retaking the test they failed. How will Ash feel as a result?
454,cb68530c63667ff9,453,Kendall won the competition easily because of her performance that day. How would Others feel as
455,eb646ae0998e6486,454,"The security guard tried to tackle Riley, but Riley got free of the guard. What will Riley want "
456,e57327c71e598690,455,Quinn got into a fight with a friend bringing up the past and rubbed salt in the wound. How woul
457,7f89622012fdbbed,456,Tracy threw doubts on the history that was taught in books. What does Tracy need to do before th
458,2e44985bbce510bd,457,Remy prevented them from engaging by keeping them away from each other. What will Remy want to d
459,197d91ddb23e2968,458,Kendall didn't get the job because of footage that was caught of them shoplifting. How would Ken
460,de7b859c7d775c07,459,"Carson is a dedicated man of his trade that likes building things with his hand. His son, Kai, o"
461,b74e0a5aaa6f3cd0,460,Carson gave their friend some milk when they were thirsty. How would Carson feel afterwards?
462,204d349c3bdeb5e2,461,Alex bought a new watch for their friend that they loved a lot and wanted to see happy. What doe
463,371a5f468be683fc,462,Robin swings the car door open after they arrive to the new mall in town. What does Robin need t
464,8d53cdc177904c67,463,Cameron made out of the store like a bandit with the items that they lifted. How would you descr
465,06736702b14cfdfc,464,Kai decided to stay at the hotel for another week. What does Kai need to do before this?
466,e65c3e7c8074c49c,465,"The baseball game was intense, but in the end, Sasha saved their team from destruction. How woul"
467,4afbf97e7dedadd6,466,Cameron knew what he wanted to do this weekend since he loved being outside so much. How would y
468,5d66e51731c84cac,467,Remy gave Casey's version of the story and Casey expressed gratitude before taking questions. Wh
469,94f5bb2d7a23e3a2,468,Remy made hay getting home from school on Friday the 13th. Why did Remy do this?
470,41dba0c791d5a0a5,469,Sasha hated her neighbours dog as it barked all day and night so after going to the shop and buy
471,8d58eb35449a96cb,470,After starting the bar fight Kai told Riley that he had better go quickly. How would you describ
472,4a44b204e3d999f1,471,Riley regarded Jesse's test paper with observant eyes to ensure accurate grading. What will Jess
473,1062cd6e6f0a5a98,472,Skylar worked night shift and had just finished and driven home so when they got there they lay 
474,03c3fd031c514116,473,Casey looked a lot like her mother because they had similar facial features and the same hair. H
475,83f8072f7ca29810,474,Ash wore a dress to his friends costume party. What will Ash want to do next?
476,1313dd8140bb6321,475,Sasha spent Austin's time trying to get them to agree to a purchase that they didn't want. What 
477,26cf8826bf9ee007,476,Riley had fallen to the ground and let out a scream of pain. How would you describe Riley?
478,818ceca6e5c981aa,477,Riley is trying to teach Sasha how to swim underwater. How would you describe Riley?
479,bc86a1409f334dc8,478,"To celebrate their twenty first birthday, Sasha spent a weekend with family at the beach. What d"
480,daf7f890e9547a38,479,Kai grabbed Carson's tools for him because Carson could not get them. How would Carson feel as a
481,aa09876775c2d81a,480,Alex made Casey escape jail because the guards werent watching. What will happen to Casey?
482,07a4205062aa6d3b,481,"Kai improved Jan's work, but then Jan stopped talking to Kai anyway. How would Kai feel afterwar"
483,57191cd65f3cc324,482,"Kendall opened their mouth to speak about their beliefs, which happened to go against the belief"
484,2e02ee476c73a7f8,483,Austin offered Sydney a position because they knew Sydney was tire of living with their parents.
485,3904460ebbcdefda,484,Kai was finally on vacation and went to the beach. Kai felt relaxed laying in the sun. What does
486,0d606650c7fc36ba,485,"Even though Ash already knew about the surprise party, Ash threw up their arms anyway, acting su"
487,48439b04af63eda8,486,Lee gave his friend a special gift of a rare and collectible acoustical guitar. Why did Lee do t
488,380551868be2d3c9,487,Riley went out with some good friends to celebrate Riley's upcoming promotion at work. What will
489,7855f10fec811652,488,Sydney set the brush and trimmed branches on fire in the fire pit. What does Sydney need to do b
490,e34a230e82eb1eff,489,Austin took the family out for dinner to their favorite downtown restaurant. How would you descr
491,bfc003ca15700829,490,Jordan taught art in schools to pass their love of creating and drawing to others. How would Jor
492,9e3242b8ba753398,491,Skylar lent little attention to the view of the house while touring it for a home purchase. What
493,14bf1a40173d13e7,492,Jesse was having a difficult time remembering information so he made notes throughout his book. 
494,a4c8016756369f38,493,Kai and his friend crowded around Sydney to shield her from onlookers after split her pants. How
495,a49f1654a96d2da6,494,carson took his son to the eye doctor instead of going to the birthday party for their other chi
496,bc9126f9576c9f93,495,Alex carried Robin into the execution when Robin refused to walk. What will happen to Robin?
497,90161ed261b43c03,496,Kai told Kendall the reason they stole money from Kendall was because Kai didn't deserve it. Wha
498,c6795347f98c7ff5,497,Bailey and Jesse both studied hard for the big exam. What will Bailey want to do next?
499,b77c68bab31b7feb,498,Robin went to the gym from work and spent all evening there before getting home late. What will 
500,47ad787ecea47431,499,Jordan made their friends laugh with a joke they told. What will Others want to do next?
501,da9a8fa54200e1e8,500,Cameron shook Carson's head because he didn't believe the story. How would you describe Cameron?
502,26523fae85dba0ce,501,Lee solved the world's water problem when he invented a new pump. What does Lee need to do befor
503,85071115e8e598c5,502,"After the interview went well, Carson shook Jan's hand again. How would Carson feel afterwards?"
504,5de0d37ba64fad2b,503,Jesse asked Addison's friends to go to the woods with him. What will Jesse want to do next?
505,7f0912ad7a254fb5,504,Aubrey swam in the pool after eating a meal from mcdonald's recently. What does Aubrey need to d
506,3a093593cc7be612,505,Bailey saved money because they wanted to buy something good. How would you describe Bailey?
507,24d9ddd8bb802bb0,506,Jan used Robin's approach on how to make money at the company. What will Robin want to do next?
508,c8613b509bad1f7d,507,"Ash performed better after drinking coffee, but had to give it up due to acid reflux. What does "
509,8c13e87c802a3e83,508,Jan had to move to another city for work but always visited home for christmas. What will their 
510,be447db9585a9702,509,Aubrey was having a sleepover in Casey's but during the night Aubrey got sick and was throwing u
511,21ff6bbf651591d8,510,"After getting a passport and plane tickets, Casey visited another country. What will Casey want "
512,4cb10cc25ae4a269,511,"Knowing that the assignments are part of the semester grade, Sydney took schoolwork seriously. H"
513,d48fcf8ced0ae6a3,512,Robin wanted to go out for the night so she went with Jan and her friends. How would Jan feel as
514,01bec2886dc23569,513,Carson ate the candy Bailey gave them and it was really good. What does Carson need to do before
515,441219e41866423c,514,Robin went to the polls and posted her ballot for the candidate she wanted. What will Robin want
516,48c82fabfde42ab4,515,Tracy went camping during the weekend because he wanted to get away. How would you describe Trac
517,b35afe2278d9fe8c,516,Kai would fall down because they don't know how to properly ice skate. How would you describe Ka
518,c4979b6b31bacced,517,It had been a long hard battle but now Riley laid down their arms. How would Riley feel afterwar
519,253dfd40753b3f05,518,Riley said it was better to go than to stay at the party. How would you describe Riley?
520,9a92f1f2c6078d12,519,Jesse was a new person who just started at Riley's work. Riley had heard rumors that Jesse was h
521,425421495afd3d5b,520,Carson enjoyed sports and liked to watch the games. They collected baseball cards. What will Car
522,244810dddca1ed5c,521,Kai handed back the money when the cashier gave him too much change back. How would Others feel 
523,eddb5fae4aa0135a,522,Austin decided to attend his law school reunion which was held last Saturday evening. Austin enj
524,4dc5621b9713b758,523,Jesse went a bit far when they were drinking at the bar. How would Jesse feel afterwards?
525,dc499607209fbb60,524,Quinn wore jeans the next day after being warned it violated the dress code. How would you descr
526,2f454a9e67e35803,525,Bailey went away for a few weeks with family on a vacation and had a wonderful time on their tri
527,060dfccff4b48574,526,"Carson was trying to study for a big test, so Carson turned Sydney's music down. Why did Carson "
528,5b9e2fdd50626fb3,527,Robin walked the same route to school with Jan's friends. What will happen to Robin?
529,086ba06c8f1af1a3,528,Robin went with Jan's friends to the school carnival. What will Robin want to do next?
530,c6de35a24a00e0dd,529,Jesse got the results for the test and got an A as a grade. Why did Jesse do this?
531,533501fc8c1e3adb,530,Robin took the test quickly because they wanted to pass quickly with flying colors. What will Ro
532,5111419fc6627e21,531,Addison had finished a semester of school. They left for home. How would Addison feel afterwards
533,4ad50b625e83c383,532,Austin wrapped a belt around the waist of the bull rider. Why did Austin do this?
534,2df523bd38a05352,533,Tracy took Sydney to school after Sydney missed the school bus this morning. How would you descr
535,805f138d2d3c2216,534,Quinn afforded every nice meal after getting a substantial raise at work. What does Quinn need t
536,f779a376cba9ab90,535,Kendall kept the ball rolling and asked the next contestant a question. Why did Kendall do this?
537,43c1fa928163a16d,536,Quinn murders Remy's wife after Remy stole a lot of money from the family. How would Remy feel a
538,f9601222cbcb2b97,537,Taylor caught their boyfriend sending texts to another girl. What will Taylor want to do next?
539,0f7ed103af3e8b78,538,"Riley told her dog Lee to ""stay"" so he didn't follow her down the street. Why did Riley do this?"
540,2b5009a7518c105d,539,Kendall bought anything required because they knew that failure wasn't an option. How would you 
541,2ff28a065ec2a820,540,"During the speech, Remy gave Casey's interpretation of the situation to the guests. What does Re"
542,400359e1271450bb,541,Robin took a very long time to clean the windows of her house. How would you describe Robin?
543,7eda638ad665d384,542,"Whenever opportunity arises, Riley prefers driving himself to any destination. He just makes sur"
544,c48a5257f2c56af6,543,Bailey was a fast learner. How would you describe Bailey?
545,e847f7163759841a,544,Sasha worked as a nurse and often stepped in and protected patients rights. What will happen to 
546,ec9dd16aaa17b885,545,Jesse ate their cereal and didn't leave any for everyone else. How would you describe Jesse?
547,04e5b5f9c49e03d4,546,"While at summer camp, Remy had a ton of fun and made more friends. How would Remy feel afterward"
548,6594151ffeb9d7e6,547,Ash made a mistake but then they redeemed themselves. Why did Ash do this?
549,35deef0cb3a5d815,548,Alex was wondering how to send the document to Bailey. Bailey told Alex to send the pdf. How wou
550,030696b82aeef65b,549,Robin left the food so that the cats would have something to eat. Why did Robin do this?
551,ba402b0b199f96b2,550,Alex paid attention to the details and answered the trick question on their science exam correct
552,fbe86f1994eeeb96,551,Ash did know how to react so he accepted Alex's invitation. What will happen to Alex?
553,5108e2b5adc8899a,552,Tracy crowded around the group to tell them her funny story. What will Tracy want to do next?
554,d894b9ea2147f7c9,553,Lee is great on remembering difficult numbers or is he . What will Lee want to do next?
555,5d976210bef91c5c,554,Jan was new to the neighborhood and went out running one morning. Jan found new friends in the n
556,2f77764d88183307,555,Kendall wrapped a bandage around my neck after getting injured in a fight. What will Kendall wan
557,63680e8757588280,556,Cameron won last year's race by a nose. This year Cameron trained extra hard for the race. Why d
558,9b7b9809b08a5045,557,"Robin had a hard time understanding the concept, so she let Carson explain it more thoroughly. H"
559,e5e8ab58da3c1262,558,Jesse used Kendall's phone even after Kendall said they did not have permission to. How would Ke
560,89741fd640929e3b,559,Kai was thirteen and had outgrown their shoes over the past year. What does Kai need to do befor
561,825f186e73d74e59,560,Jesse lived with their wife in a tiny apartment and really wanted to adopt some kids. What does 
562,0338b96d2ef0dd67,561,Kai grabbed Carson's tools and put them away because Carson was too lazy to do it themselves. Wh
563,03d3ad2aeac3002b,562,Cameron took Carson away for a long time after the death of his mother. How would Carson feel as
564,64d4fbc9df1aa1cd,563,"After accidentally spilling water on his jeans, Jesse went too far when he yelled at his brother"
565,00c2e20dc6b0df37,564,Lee touched a nerve is his wife we he complained about her cooking. How would you describe Lee?
566,b142d314a50f3f90,565,Tracy wore Sydney's jacket to school without asking for permission. How would you describe Tracy
567,e422b3f6f20223d8,566,Sasha improved Jordan's status and he received a promotion because of it. How would Jordan feel 
568,9ce984ee3d745e76,567,Robin held her breath underwater in the pool. How would you describe Robin?
569,e6c10cfdbd7047e2,568,Sydney provided Aubrey an estimate of the price for building the house. What will Sydney want to
570,6bcc09caecb6cc22,569,"Jordan always.wanted to help people, so he decided to study medice to work in a hospital. How wo"
571,55c94fc1441025c3,570,Jordan ran quickly to the store down the street. What will Jordan want to do next?
572,ff39a8a3e1d3a1e5,571,Bailey felt bad. He overslept and missed his appointment for the job interview. What does Bailey
573,44247b02855b1f3b,572,Kendall was a bad cook. They burned water and ruined the recipe for ice. How would you describe 
574,4d148ddd8828d69f,573,Carson was at a friend's house. The others didn't really like him except for his friend. What wi
575,5e8f5660bbe435f6,574,Jodans mother had a birthday. They took their mother to the shoe store. What does Jordan need to
576,83ba8cd1a27eb236,575,Someone has been stealing money from Riley. Riley leaves money on the counter in the kitchen and
577,e78156e38c285252,576,Alex saw someone behaving very stupidly so Alex made a deprecating comment. Why did Alex do this
578,2d3067d6c6ffba55,577,Jan's friends have been paying more attention to Robin lately. How would Jan feel as a result?
579,c38dae8e72da475d,578,Tracy walked my dog home that day and got some food and water for the dog too. How would Others 
580,990b76d75722ce5e,579,Taylor was close to winning the game. Taylor ran straight for home plate. What will Taylor want 
581,ad043c5986476b28,580,"Riley is a supervisor of Jesse, and is charged with making sure merchandise is not damaged. What"
582,ff3fba71a843440e,581,"kendall was married two times already, and had two kids. What will Others want to do next?"
583,a25d8c712f09db32,582,Carson was at a friend's house playing video games when they decided to order pizza. What will h
584,1b87752ab655eb34,583,"Due to his friend's flight being delayed, Cameron decided to pick Robin up from the airport. How"
585,88dbd7709681e923,584,"Due to her old fashion views, many people think Riley's ideas have gone the way of the dodo. Wha"
586,e8e9de660c88a1c2,585,Remy paid Aubrey's taxes since she already owed money. What will Aubrey want to do next?
587,9918f5c6870aa959,586,Taylor got married but decided to keep her identity and last name. How would you describe Taylor
588,3e08345a05f086c5,587,Addison needed to find someone he could trust when he found God. How would this look to others?
589,8efa7765645a6792,588,Robin had fasted for 30 days and nights as part of a religious feast. How would you describe Rob
590,68b36d4ea55228aa,589,Alex put stamps on their wrists while they were in line for the concert. Why did Alex do this?
591,efb317efe60c2b67,590,Cameron pushed Carson so hard that it shook their head back and forth. What will Cameron want to
592,bdac7d7dd3cbfe6f,591,Casey visited a friend in the UK and one in Ireland. Why did Casey do this?
593,ec11d247349ef26d,592,Remy took this suggestion seriously because it was coming from their manager. Why did Remy do th
594,0b2f678fded0ba4e,593,Quinn threw the frisbee so the dog could play with it. What will Others want to do next?
595,741b113fd9bb08c4,594,Austin interfered with Sydney's attempt to rehearse for a dance recital. How would Austin feel a
596,f1fe2890bbfbff22,595,Aubrey fed Tracy's kids lunch today while Tracy was at work. What will happen to Tracy?
597,b4d5b75ae48a9067,596,Ash used metaphor and meaning through out his book. How would Ash feel afterwards?
598,cf8427b3a0455bb1,597,After a long trip Carson finally arrived at a friend's house. What will happen to Carson?
599,f5d49babc345cfd1,598,Riley screamed in pain and waited for help to arrive before getting up. What does Riley need to 
600,ed5e65bbddd880c1,599,"Remy reviewed the lecture from class, and now Remy understood every word. What will Remy want to"
601,89a44186be00744c,600,sasha was asked to join the revolution so sasha fulfilled their purpose. What does Sasha need to
602,c1db829016a7ea78,601,"Having reached a major weight loss goal, Kai chose to purchase new clothes to celebrate. What do"
603,df252c18e3b756a2,602,Riley got free of the guard and ultimately was able to make her escape. What does Riley need to 
604,488df49319571894,603,Robin had been away for two weeks on his honeymoon. Cameron picked him up on his return home. Wh
605,f65d7663b67c8a7b,604,Sydney guessed the ending of the speech and ruined it for the others. What will Others want to d
606,7b403a2c32377a2c,605,"Taylor shoved the donut into Jan's open mouth, and Jan got a hunk of the donut caught in their t"
607,8a46d8df5b146875,606,Aubrey understood Remy better this time after he repeated himself twice. How would Remy feel as 
608,74ca9d028b5e2c44,607,Kendall took the issue seriously because it was something that was criminal. What will Kendall w
609,a4e4d04655c687d7,608,Kai was babysitting her younger brother Kai when it began to storm. Kai kept Taylor calm by maki
610,43c852b9fe9d2ea1,609,Sydney took the trash to the burn barrel then set the trash on fire. What will Sydney want to do
611,b9667c2ebcdfb958,610,Sydney wanted to be a doctor so they knew that they had to work very hard in school to get the r
612,6d602b46151a2128,611,"Jordan mentioned Casey in chapter one, because he is planning on bending the knee with a ring in"
613,706e41e69a38c1ab,612,Casey decided to learn about cooking so she took a Saturday evening cooking class instead of spe
614,7b9597ec425212ed,613,Quinn decided for a change so they colored their hair red. What does Quinn need to do before thi
615,4589129eb1004e61,614,Jesse used notes throughout this book and was going to use them to study. What will Jesse want t
616,1d509b6118dac01d,615,Addison was watching women at a fashion show. They regarded every girl. How would Addison feel a
617,205ef7d8ac7d961b,616,Robin left Tracy's home late at night and began the long walk home. How would Robin feel afterwa
618,8c9ecb75a36c6b3b,617,Addison was mad at the character so they threw a pie at them. How would Addison feel afterwards?
619,47e1169440b48044,618,Alex helped Casey escape from harms way to keep them safe. How would Alex feel afterwards?
620,ff28a07dbfd6458c,619,Sydney had a christmas party for her coworkers at the restaurant. What will Sydney want to do ne
621,71009fa04211f169,620,Robin let Carson take the lead on the project and take most of the credit. How would you describ
622,ddcd5b3d0cd6daf4,621,Lee punched Mike because he had been insulting him at school. Why did Lee do this?
623,8c6583cbdfb2a9eb,622,"After reading Casey's graduate thesis, Remy gave Casey a different interpretation in an effort t"
624,6b0eb86e53e08b44,623,Jesse stood by Cameron instead of the other people at the show. How would Jesse feel afterwards?
625,3d828a1f436e5986,624,Jordan talked behind Ash's back to say mean things about her. How would you describe Jordan?
626,bab183d3c8c4bd2f,625,Riley is the most popular student in the school. What will Others want to do next?
627,a831350730fe8337,626,Jordan brought the family for a day out at the beach but when they got there Jordan realised tha
628,9c7e946d3f4eb7b7,627,Addison was already full from lunch but ate the cereal anyway. How would Addison feel afterwards
629,13eaec3357ce57f6,628,Jordan won a car and could not believe his luck. How would Jordan feel afterwards?
630,9bb79538634032ea,629,Robin proposed another idea and suggested going to the movies. Why did Robin do this?
631,929b5697c2ca00de,630,"Riley was more competent than her manager, but the manager was so arrogant Riley could not get a"
632,d7bee304c5468674,631,Jesse set Robin's house on fire when Robin would not run away with him. What will happen to Jess
633,d188e2a721f365ae,632,Skylar put their mind to rest by making sure everything was safe in the house. Why did Skylar do
634,713a8e335a1c881c,633,Sydney was responsible for picking up the mail from the post office. She dropped the box her Gra
635,2769a6254dd3bb96,634,Sasha gave their sister some of their Adderal pills to help her concentrate better. How would Ot
636,bbafbb7195561c92,635,Aubrey was coming from school in her uniform so Robin had to change Aubrey's clothes before the 
637,0665229455037235,636,Ash wore a dress and all of his friends laughed at him. Why did Ash do this?
638,d8271136913c138a,637,Carson was visiting. What will Carson want to do next?
639,a5f4bc1091ac731e,638,Carson turned music down to go to college instead. How would you describe Carson?
640,9235388acef92058,639,Jesse made judgments upon Lee without really knowing him at all. How would you describe Jesse?
641,5dc2aca20035cbd4,640,Kai handed back the money when he got his car back from the buyer. What will Kai want to do next
642,9bb10c0e4a6faa68,641,Jesse showed Sydney's friend her new cat after the friend showed interest in cats. How would Jes
643,853fdcc6ed64f78b,642,Kai sat in Austin's lap because she wanted to show him more affection. What will Austin want to 
644,74d556e134454858,643,Kendall was paired with a very lazy team at work. Kendall kept the ball rolling on the group pro
645,1b39d1fa7f0ebfd3,644,Jordan affected the children's happiness by taking away all their games. What will Others want t
646,db22a9bf420b5e10,645,Alex looked it up online to see what the recipe required. What does Alex need to do before this?
647,1051c519f63616f0,646,Austin gave Sydney a job interview and they offered Sydney a position. How would you describe Au
648,efe32617c9751e60,647,The teacher offered to give out notebooks and Taylor asked the teacher for one. How would you de
649,a943ca11d49193bf,648,Jordan was walking home with their friends after school. Why did Jordan do this?
650,dc5b4562d1b6dd61,649,riley was a distrustful person so he regarded jesse with suspicious eyes. What will happen to Je
651,c7deb8db2ea87e1b,650,Lee saved Kai's homework from destruction after the dog grabbed it off of the table. Why did Lee
652,fc06c0c039fdb980,651,Sasha wetted the bed because they had a bad dream. How would Sasha feel afterwards?
653,507157eb54132e5f,652,Sydney had a Christmas party and invited over a guy that she really liked. What will Others want
654,f0454f676d1a67fe,653,Alex went to the beach and took a long walk on the short pier. Why did Alex do this?
655,60fd7db85d14eeaf,654,Sydney's painting was sold to the bidder after Riley declared to sell it. What's going to happen
656,e9c8f02a76972838,655,Kendall bought anything required for a fun night on the town. What will Kendall want to do next?
657,33f027d163e403e7,656,Bailey picked out her baby's name months ago and was ready to give birth. How would you describe
658,78ce4367873d9253,657,Ash threw up their arms because their friend treated them disrespectfully while hanging out toge
659,a1b7050c4c344b4b,658,Robin let Carson explain themself because it only seemed fair to hear their side of the story. H
660,106054647b25644d,659,Sydney felt bad afterwards when she hurt her friend's feelings. What will Sydney want to do next
661,5d2f22b990485a4c,660,Bailey was busy. They hired Tracy as an assistant to help them out. Why did Bailey do this?
662,c8c5b560a07f2c0d,661,"Riley had their arms raised for most of the concert, but lowered them toward the end. Why did Ri"
663,9842677373582c66,662,"Cameron had a pain in their mouth that was not going away, they called the dentist. How would yo"
664,1a87773e44763937,663,Casey was grading a paper that put effort in to the length. They took it into account. How would
665,7e76c95ac7190502,664,Kai handed back the mail after seeing if she got the check she was waiting for. Why did Kai do t
666,81e8554632ea1c88,665,Robing was rushing to clean the kitchen and accidentally left food out. What does Robin need to 
667,1ed5a824428398d1,666,"Sydney rubbed Addison's head, especially her eyebrows, trying to make her go to sleep. Why did S"
668,1864a95ab8948870,667,It was summertime and Bailey was tired of having hair on the back of their neck. Bailey went to 
669,f72454d87bea1b9d,668,Cameron took Kai's complaints seriously and told Kai that they were in love with Kai. What will 
670,fd3db9dba6bc0fb4,669,Tracy enjoyed constructing things and made a table. How would she feel as a result?
671,8a2c988a94ef9fc1,670,Robin took their history test seriously by studying hard the night before. How would Robin feel 
672,3b8d7d690d89f768,671,Alex paid attention to the details when he took his school exam. What does Alex need to do befor
673,fb13854cd8342e98,672,Cameron rode Jan's motorcycle and thought they might get one for themself. What will happen to C
674,87aa56d9c3494ead,673,"Riley was trying to defend themselves, but they were not able to get a word in edgeways. What wi"
675,e20c6912f71e8327,674,Carson got in his car and drove to visit his dad. How would Carson feel afterwards?
676,28962bf68a08559d,675,Riley broke loose from the house. He thought he would never get out of there. Why did Riley do t
677,9fa51e61cdf88379,676,Remy noticed that the people were about to fight. Remy prevented the people from engaging. What 
678,cea1f3602194943e,677,Robin told Carson that they needed some help with moving to a new home. What will Carson want to
679,6759d5118deacce9,678,"Skylar wanted to go out without her mother's permission, so she pulled the wool over her eyes. W"
680,43477dd243ad81c7,679,Robin took it at face value after being misled before about the same subject. Why did Robin do t
681,184c5191831adb17,680,Taylor laid around and fell asleep. She woke up late for work. What will Taylor want to do next?
682,61a0b1714367888b,681,kai was overweight so he decided to spend several hours exercising. How would Kai feel afterward
683,9df53c05caa6a811,682,Riley regarded Jesse with suspicious eyes as Jesse was trying to put some food in his pocket at 
684,e0c2a5c986726e2f,683,Aubrey kept the baby up at night while she played loud music on her guitar. How would you descri
685,3e17cfca534e28c6,684,Sydney threw a big party because her friends and family were coming to town for vacation. How wo
686,9da6755429386a51,685,Sydney ate their candy while they were at the movies and then ran out. What will Sydney want to 
687,5d59cf8b7805eaac,686,Cameron took the children. He was a kidnapper and a child molester and the cops were on his trai
688,8a86ebd6e5d90b51,687,riley was hungry so she caught fish and made them in the kitchen. How would Riley feel afterward
689,9747185da7ccd857,688,Riley cried after Jesse said something. What did Jesse say?
690,5c56298045f85e14,689,Robin took into account the mitigating factors when considering the situation. How would you des
691,43b30fc9dfa905f5,690,Skylar could not hang the moon but they could turn silver into gold. How would you describe Skyl
692,36477d0ca1557a6a,691,Cameron took the children to school in the morning when they missed the bus. How would Others fe
693,50f411ff2ad4e14f,692,Sydney closed Sasha's mouth because Sasha was talking way too much. How would Sasha feel as a re
694,dfab46b9cb46f6ea,693,Jesse had made popcorn for Jesse and Lee. How would you describe Jesse?
695,305637d455804960,694,Austin blew smoke after smoking on a cigarette for a few seconds. What will Austin want to do ne
696,f85eead1136e30a6,695,Quinn threw the frisbee and it landed far out in the water. How would Others feel as a result?
697,544049fe693d6952,696,"sasha had enough, she gave the man her two cents and let him have it . How would the man feel af"
698,29ca18c5d8ed6129,697,quinn became friends with a cool guy who had a house so quinn moved into the house. Why did Quin
699,2150fb670251f2d9,698,Sasha spent Austin's money trying to win a prize even when the odds were stacked against her. Wh
700,380249f6c9213bd5,699,Quinn was outside and threw the frisbee to their friend while they were playing. What will happe
701,95f3168a3d62d3fc,700,Robin raked some leaves and the strong wind blew them all around the area. How would you describ
702,3bb713839e9f8dd3,701,Cameron took their responsibilities seriously to the point that he would get up an hour early. H
703,558803195e516c4b,702,Kendall removed the president from power by using the power of a coup. What will Others want to 
704,1535d4c0ff3de82a,703,robin changed aubrey's clothes before the recital even though it made them late for a meeting at
705,6292923c70bae080,704,Quinn used a gun to murder Remy's wife while she and Remy and Remy were asleep in bed. What will
706,9c17f9287fa166f0,705,Robin let Carson explain it more thoroughly to the client after there was some confusion. What w
707,6b85a536c490ef7f,706,Jordan taught art in schools for a living as an art teacher. What will Jordan want to do next?
708,c06449d2d98ebb06,707,Robin refused to pay her share of the meal even though everybody had agreed beforehand. What wil
709,a274967b0976a4a9,708,"Bailey saw someone in Aubrey's locker, so they told Aubrey what they saw. Why did Bailey do this"
710,267eccedca51299c,709,Riley careful kept watch of and observed Jesse and their actions with her eyes. How would you de
711,735f0ca1ad4ada91,710,Carson was starting a new job at the day care. Carson took care of children at a past job. How w
712,4188d813e0e54923,711,Remy got very dark because it is late at night. What will Remy want to do next?
713,ffd34b4998ceed76,712,Carson was at a friend's house playing video games when the others discussed being hungry for pi
714,da00fd1662b1a615,713,Kendall poured water on the fire before going to sleep. What will Kendall want to do next?
715,1146d4d346923180,714,Carson gave her some milk. The cat was very thirsty and a stray. How would Carson feel afterward
716,6436b4af81af0cf2,715,"Sydney was a helpful, so she asked her mother for her Brother ash is he could have one more piec"
717,569a84bbbe788c58,716,Quinn stood corrected after giving the wrong answer in class that day. What will Others want to 
718,ba158ce0e65fa1d9,717,Jesse had struggled in school but decided to study hard for her math final. She did great on her
719,e42c21605679215b,718,"Cameron and Casey were soulmates, because Cameron gave Casey a sense of belonging. What will Cam"
720,b608283ebd25d8f6,719,"Kai thought about leaving the bar, but their friends convinced them to stay. What will Others wa"
721,742f3afd10358f5a,720,Riley was tasked with selling Sydney's house. Riley sold the house to the highest bidder. What w
722,8390078b4c713fb1,721,Sasha bought a new home because the government was going to destroy her other one. What does Sas
723,233cdb37c032ff17,722,"Casey came home from work, took out the chicken and put it into the oven. Why did Casey do this?"
724,575c3b36d6991163,723,Robin always gets pizza on the way home from work for her family on Fridays. What will Robin wan
725,7a7e35e1dad88eaa,724,Kendall kept the conversation going by asking opened ended questions. What answers will the othe
726,a83cbd1a5982e416,725,Skylar lent attention to the view even though she hated the view. Why did Skylar do this?
727,68e93026feb234f4,726,Lee wore a jacket to school when everyone else was in t-shirts. How would Lee feel afterwards?
728,6feb29135a3d0e35,727,Quinn wore jeans to school the next day even though the doctor told him not to because of swelli
729,c1931d0bd1f844ab,728,Tracy bought an old house and spent months remodeling it. How would you describe Tracy?
730,b08f4d8725dd64b4,729,Cameron saw what happened and gave Casey a sense of events they saw. Why did Cameron do this?
731,ac814925f45e616d,730,Jan and her best friend Kai met in elementary school and have been friends for 20 years. How wou
732,f051412f9b85d601,731,Alex was very observant. What does Alex need to do before this?
733,02ee213a5b508f08,732,Kai went to the movies and saw the new Lee movie. What will happen to Kai?
734,d87339afba80d929,733,Kai and Skylar were good friends. Kai had finally worked up the courage to ask Skylar on a date.
735,7e5d4df0326e579a,734,Remy knew that Ash didn't have any camping experience so they set up Ash's tent. What will Ash w
736,410c70e37184f1c1,735,Robin finished the big group project and she thanked Tracy for her contributions. What will happ
737,d04360d230bfac13,736,Two people were showing off their dance moves. Tracy crowded around them so she could see. How w
738,c50fb922d2624be5,737,Lee sold things at the market because they were strapped for cash. What will happen to Lee?
739,0c757a530e6426d7,738,Jan gave the entire class an F on the assignment. Why did Jan do this?
740,0ac875c440cf407f,739,Aubrey set the car on fire after she found out he was cheating. Why did Aubrey do this?
741,54317051f9d1791b,740,"Quinn turned the scale on, then hesitated to get on, afraid of the results. Why did Quinn do thi"
742,d212fdffd70ca2c1,741,Quinn stole a phone from Casey and then showed it off to Casey's friends. What will happen to Qu
743,a29b2982a6f034d6,742,Cameron talked about Aubrey behind Carson's back all night at the Christmas party at Steve's. Wh
744,f2d2ace8d4d7c617,743,taylor looked hotels up online for their friends so the trip could be planned in advance. What w
745,9e3a99932c11dfd6,744,Aubrey never told Riley the answer about the person who died in the lake last year. Why did Aubr
746,ba7728c46026a1f5,745,"Carson thought it was a bad idea to drink and drive, and Taylor proved Carson's point last night"
747,bacca553b22d974b,746,Riley talked to their friends about the big dance this coming Friday evening. How would you desc
748,660cb153fb584bde,747,Austin predicted that the virus would be found in patients in the hospital where he worked. What
749,bdd1d9515d7c37f4,748,robin found the answer to her homework online. What will Robin want to do next?
750,149918cc7c358ae5,749,Sasha increased the pay rate of their employees. How would you describe Sasha?
751,7cdba45d94cd85ac,750,Riley regarded Jesse with observant eyes while he cheated on the test. What will Riley want to d
752,0bc6669be06d6605,751,Casey saved some money and eventually bought a new car. What does Casey need to do before this?
753,0094c4da46026003,752,"Alex owned a bookstore and had a lot of books, Alex also sold books on amazon. Why did Alex do t"
754,2eaf6e104e08713b,753,Jordan gave Casey the runaround so Jordan bought his movie tickets anyway and would see it alone
755,75737647ef30e8d9,754,Carson grew dark after his parents died in an accident. How would you describe Carson?
756,51b0c4f7b9de8c8d,755,Lee tried to remain calm when nobody answered the phone call. What does Lee need to do before th
757,824d57f1f44f9f9b,756,Cameron got out of their way when they were walking by. How would Others feel as a result?
758,19312b8511caec5f,757,Taylor was a math wiz who had just gotten a job in the city school. What will happen to Others?
759,0991aef0330cebe0,758,Jordan talked behind Ash's back with his coworkers. Why did Jordan do this?
760,18d77b445c94c045,759,Lee challenged her to a fight after she kept on making rude comments. How would you describe Lee
761,4848f1d87f1da8df,760,Carson angrily turned Sydney's music down without their permission in protest of the noise. What
762,0f8844c1af91bb86,761,Riley and their neighbor were the best of friends. How would Riley feel afterwards?
763,ad253d700c85d69c,762,Jan went to work on the morning of the party because she was called in. How would Jan feel after
764,db71cddd2b27b672,763,Robin was on a diet. How would Robin feel afterwards?
765,77dbbc07880d4bf1,764,Carson could not open the jar and began to become frustrated. What will Carson want to do next?
766,c71ac74af592d980,765,Robin made Taylor comment about the news because they wanted to know the truth about what they t
767,29b17421899b1535,766,Robin wanted to learn to swim and went to the pool and practiced. What will Robin want to do nex
768,fbd5e33eadabef60,767,Remy at some ice cream while watching their favorite show and relaxing on the couch. How would y
769,f960e44ecefeca9e,768,"Bailey drank milk every morning, and ended up having way too much calcium in their system. What "
770,07f49a90dafd43fd,769,"Ash had sandwiches to eat every day and he started to feel sick and bloated, and also feel tired"
771,1aa120b786bf949e,770,"Robin wanted to share the food with a friend, so they cut the sandwich in half. What does Robin "
772,00bfd56a73086551,771,carson was bored so he went to a friend's house and played video games. What will Others want to
773,7903a23d051063be,772,Jordan was mentioned in Casey's chapter because they were with Casey during the adventure. What 
774,a893bbab91b409dc,773,Taylor proved Carson's point last night by showing that what he said was correct after all. How 
775,d96d2de399b8a757,774,Addison prepared the paper for publication. She had been working on it for a long time. What wil
776,dc5b4562d1b6dd61,775,riley was a distrustful person so he regarded jesse with suspicious eyes. What will happen to Je
777,27ca215383fdf024,776,Cameron kept complaining so their friend told them they had to put up or shut up. What will Came
778,bccec68c40bba977,777,Riley fought Kendall in a battle after they had an argument. What does Riley need to do before t
779,ee227a3b39bb5c4e,778,Cameron gave Casey a pep talk and now has a sense of belonging in the group. What will Casey wan
780,048127838236139c,779,Kai grabbed Carson's tools for him after he left it in the park. What will Kai want to do next?
781,e26199155bf1a071,780,Remy saw some people playing tennis at the park. They challenged them to a game. What will Remy 
782,71795ea179bd26e5,781,Taylor was trying to talk to her brother but the music was too loud. Taylor got louder as they r
783,74501adc82a6896a,782,Skylar gave Austin some pills so he could get high too. Why did Skylar do this?
784,1037189f4dde3d13,783,Sydney took a class on plants at the college she went to. How would you describe Sydney?
785,303e560bb9b2ee04,784,Remy paid her taxes and her friend asked her why she did that. Why did Remy do this?
786,1caa369669efd154,785,Remy was working late in his office trying to catch up. He had a big stack of papers. What does 
787,be0ebe35a4c9f389,786,Skylar was having a hard time eating food because of tooth pain. Skylar went to the dentist to f
788,963db4abadf62d33,787,Kendall watched baseball every week to cheer for their favorite team. How would you describe Ken
789,fa69b6f71b87745b,788,Aubrey worked their best and never received a raise. How would you describe Aubrey?
790,923e3dffc0c74653,789,Riley was the best of friends with the boy with cancer. What will Riley want to do next?
791,99d1c0876b41ed35,790,taylor just got hired but he was already best friends with a co-worker. How would Others feel as
792,40552990d849e3c1,791,Remy gave Skylar's Netflix account password to one of Remy's other friends. How would Skylar fee
793,eb32d7b6915bbe38,792,Skylar played some soccer with their friend after school that day and had fun. What will happen 
794,56238cd1a6ff84fd,793,Addison was at the carnival and stopped at a game. Addison threw a pie on the character to win. 
795,e7d2a230a05ad91e,794,Remy was playing a video game in their spare time. They prevented the enemies from engaging. How
796,c8a1c2bfab92ffb6,795,Riley grew very suspicious of Jesse because they snuck out every night at 11 PM. What will happe
797,6a1f1b72a28598d1,796,Sydney felt so bad about the poor people and gave them a ton of money right away. What does Sydn
798,5838db67b2af6158,797,Jesse walked Addison's dog because she was on vacation. What will Addison want to do next?
799,7991ee252e4fc83e,798,Austin challenged Remy to a game of tennis at the city park on Saturday. How would Remy feel as 
800,e7e348bfc875e8df,799,Remy was telling a story and told it like Casey does. Why did Remy do this?
801,eba55bdd5388e33f,800,Kendall snatched the toy away and the baby started crying. What will happen to Kendall?
802,187e2b3648ef5cb6,801,Quinn showed it off to Casey's friends in the birthday party. What will happen to Casey?
803,089a95618f63a754,802,Bailey told Alex to send the pdf because they didn't want to do it themselves. How would Alex fe
804,aacb21ff90584f19,803,Remy decided enough was enough after only attempting the challenge once. How would you describe 
805,c941d32fb852b1c5,804,Remy we out of her way to save the world from destruction. How did everyone feel after her acts?
806,91ccbdfcd36bccec,805,Robin asked Cameron if they had been out and Cameron shook their head no. What does Carson need 
807,0cd1bf9ee0844af8,806,riley came home and made some pie in the kitchen. How would you describe Riley?
808,1451478788755f5f,807,Skylar was about to go down the tall water slide but her arms needed to be on her chest. What wi
809,6b544302002ce388,808,Riley regarded Jesse with watchful eyes when she saw him steal from her store. What will Riley w
810,e7e8a12756db1765,809,Austin challenged Remy to a game of hide and seek outside in the woods. What will happen to Aust
811,cffb2bd8ae8120b4,810,Taylor got drunk at their friend's party and become louder. What will Taylor want to do next?
812,a92e2fd0f57935b0,811,Carson looked into Robin's eyes and shook her head no after asking Carson out. What will Robin w
813,159d798898de15e1,812,"Aubrey and her friends stayed up all night having a slumber party, the house is now a wreck. Wha"
814,0d2671d7d5da7a8c,813,Quinn was worried about what the group was saying behind her back. She depended on Taylor to tel
815,e4372d93bd167472,814,Jesse went camping with Addison's friends. Why did Jesse do this?
816,102fcb3458129e4e,815,Jesse was involved in a drug deal in a bad part of town. How would you describe Jesse?
817,339456e2c3eb1ec3,816,Remy carried their plan of egging and toilet papering the girls fraternity house into execution.
818,a0043be46c93d562,817,Robin went with Jan's friends to the play and it was a big hoot. What will happen to Jan?
819,e00a8bc5db532c13,818,Kendall said that nobody was to use their phone. Jesse used Kendall's phone anyway. What will Ke
820,21886b7a077d4368,819,Carson's friend wanted something sweet to drink. Carson gave their friend some milk. What will h
821,41aab69d07b0a81c,820,Robin went to Jan's friend's school when she was being bullied at her school. How would you desc
822,eb8baeaea6424980,821,"Kai has to give a presentation in their class but Kai was not prepared. Therefore, Kai makes thi"
823,8f1de621f374daca,822,Skylar and a friend played together. Skylar kept cheating to win no matter what. How would the f
824,ff0254996c63e2b1,823,riley was happy to socialize with others so she talked to her friends. How would Others feel as 
825,785471b2689eb507,824,Jesse set Robin's suitcase on fire after their fight and messy breakup. What will Jesse want to 
826,2b05e4f49aac0900,825,Ash was finally able to redeem himself after the belly flop at the swimming pool last weekend. W
827,af67dacfe7e182eb,826,Alex answered Riley's question because he knew the answer. What will happen to Alex?
828,575f5f90c252db36,827,"Remy said he was the best chess player in the city, but Austin knew he was better. What will hap"
829,ea4e509acada7c01,828,"Sasha's sister had a headache. Therefore, they gave their sister some pills. Why did Sasha do th"
830,cc6e661a622b77f0,829,Jesse set Robin's case on fire. Robin was very angry and called the cops on her. What will happe
831,2b6b401d91350e7e,830,Aubrey had been sick for a long time and took medication for years. What does Aubrey need to do 
832,447c4ff26108f26d,831,Aubrey was a mess so Robin knew that the clothes need changed before the event. How would you de
833,97f838f9eb9a4058,832,Aubrey sounded good talking so they asked her to speak on behalf of the group. What will Aubrey 
834,36e4734ed7f50e72,833,Alex is a firefighter. He helped Casey to escape the fire. What will happen to Casey?
835,c839cc6fbf3ec233,834,Taylor pissed on Jesse's bonfire to put it out before it became out of control. What will Taylor
836,60c2a7e3c86cd4ac,835,Jan came out at night to check the very loud noise from the street. How would you describe Jan?
837,5ef1c0ad00e04ad9,836,Remy watched a sad film then cried their eyes out afterwards. How would you describe Remy?
838,65f15ba256e6c264,837,Kai was a great improvisational guitar player; Kai made it up as Kai goes along. What will Kai w
839,784e00a32471a8eb,838,Ash threw up their arms and just finally gave up on Sasha and her attitude. What will happen to 
840,d2292383938b35c6,839,Lee gave birth to many babies after a pregnancy that was long and hard. What will Lee want to do
841,bec19347fc1e16fa,840,Aubrey kept her friends up all night telling stories and having snacks. How would Others feel as
842,bd74a1750072d45a,841,Aubrey took many medications during the years and they had taken a huge toll on her body. What d
843,38e088334a465161,842,Quinn's friend got dumped by their partner but Quinn was not sympathetic infact they rubbed salt
844,aa09444e45e45535,843,Quinn got a new job in a different town so they moved to a new house. What will Quinn want to do
845,febe63de5ccc8962,844,Kai did not want to tell Kendall what the boys had said to spare her feelings but eventually he 
846,565f2c62063dda9d,845,"Robin was mad at someone from work, and she lost her cool. What will happen to Robin?"
847,431fc04e52c82899,846,Alex couldn't make up their mind one way or another about the important matter. What will Alex w
848,7cdcd7d453784730,847,Aubrey poured the boiling water over the rice inside the bowl. What will Aubrey want to do next?
849,95a1fbe5eb630348,848,"Aubrey had been the one to convince Riley's ex to break up with her, but never told for the trut"
850,0f4b23a924883852,849,"In fit of rage, Quinn murdered Remy's wife who accused Quinn of stealing. How would Remy feel as"
851,527603f60b3f6a5b,850,Aubrey is babysitting for her sister who has been exhausted lately because the baby stays up all
852,8a9dd77ea3aaec42,851,Jesse and Robin had been fighting so Jesse set Robin's hair on fire. Why did Jesse do this?
853,095e801eb820e397,852,Lee reached his destination but had to make sure he locked up his bike before entering. What doe
854,4ad9f85e9240d3f3,853,Casey told Addison's dad about the car. She felt he needed to know how the fender got damaged. H
855,3df9be4dd0fbc4f4,854,Casey wrapped her hands around Sasha and they hugged goodbye before leaving. How would Sasha fee
856,5239f1585c3f662d,855,Sydney was sleeping at Sasha's house but Sasha kept snoring. Sydney reached over and closed Sash
857,3b8e776ccf6a0389,856,Riley's brother was a gambler and petty thief. Riley went the way of her brother. How would you 
858,dd0ddfecf5ad1c69,857,Lee made copies of the their poster before starting his mayoral campaign. What does Lee need to 
859,aa05371b983ee4c6,858,Jan was having guests from another country so Jan took them to NYC. What does Jan need to do bef
860,01250fee8c423179,859,austin just got a new computer so the first thing he did was make an email. How would Others fee
861,06ca8792c612816a,860,Lee was being waited on my Taylors friend and tipped them well. Why did Lee do this?
862,ced4ac3cce369fb0,861,Alex helped Casey escape but they both got caught later. What will happen to Alex?
863,2adc89e11b5d8336,862,"Their friend asked them to take a look at the engine, so Taylor studied the car carefully. What "
864,2077a8522831e174,863,Robin usually got the pizza because she was always ordered it. What does Robin need to do before
865,4d00153148ee7aaa,864,Jesse was out sick for the day so Tracy was covering his class. She took his student's to the pl
866,c8f602137b2ad4b1,865,Taylor gave help to a friend who was having trouble keeping up with their bills. What will their
867,7ee5ea846debec70,866,Taylor decided to host a game night at their house for everyone. What will Others want to do nex
868,8a6b6f493ee0493f,867,Taylor answered the door and saw the mailman with a box in his hand. What will Taylor want to do
869,0dc82f800ff12f9b,868,Tracy was driving to school and then decided not to go. Why did Tracy do this?
870,65244a5eafd7af31,869,Alex left after he spilled some cream soda on the ground in the kitchen area. Why did Alex do th
871,44efbaa5723363e3,870,Skylar was so excited that her mother bought her a new dress. How would you describe Skylar?
872,5cff33379066d9b9,871,Alex paid the part time actor to go over the details of the play they were in. How would you des
873,43363ed5313477e8,872,Kendall was searching for ring with their eyes closed. They hit something. Why did Kendall do th
874,f6602c8f062eddf3,873,Kendall was being careless and accidentally set fire to Sydney. Sydney had to go to the hospital
875,bd7545f4fea432d8,874,Ryan asked Casey to join Sasha's band after hearing him play his guitar. What will Sasha want to
876,c951cf2d63f0be7a,875,casey was advised to murder his friend and he kept the possibility in mind. What does Casey need
877,0aa6eb4abd450708,876,Kendall opened her mouth to speak but realized she lost her voice. How would Kendall feel as a r
878,297685852f6b3c54,877,Riley wanted to see her friend but couldn't and she began to hurt so bad. What will Riley want t
879,0f199a3bd385d7d2,878,Jan was nine months pregnant late in August of the last year. What will happen to Jan?
880,ec9c77c9853b04f6,879,"Jan saw that the road ended and all that remained was a cliff, she said turn back. What will Jan"
881,299ac11c730d947e,880,The kids were playing video games and were so close to beating the entire game so Jordan kept Ca
882,a3559e837c2825ff,881,Ash was having a hard time setting up his tent in the woods. Remy helped set up Ash's tent for h
883,f5307fa2a30e29c5,882,Robin went with Jan's friends to rob a convenience store. Why did Robin do this?
884,00c48422526bf4e9,883,Taylor gave a book to a friend since they were done with it. What will happen to Taylor?
885,a51768faefcefc0c,884,Cameron is very strong but loyal to friends. How would you describe Cameron?
886,6fa2936e50880956,885,Bailey asked Tracy to make it since she couldn't do it herself. How would you describe Bailey?
887,bb3a0a4d2100b176,886,Remy decided enough was enough at her job that day. How would Remy feel afterwards?
888,71c8629f6052ad73,887,Kai told Kendall the reason that Kai wanted to break up with them for. What will happen to Kenda
889,e732aa9375ad7cc0,888,Carson played a role in the war despite not agreeing with the reason. What will Others want to d
890,a20f32f14fda3bdc,889,aubrey was a naturally sick person and therefore she took many medications during the years. How
891,0f058ad7d16ec903,890,Tracy ran for his life after trying to steal money from a bank that happened to have a police of
892,d4a70769f5de1c3d,891,Casey told Addison's dad because they were annoyed and angry. What will Casey want to do next?
893,8fefd70865173856,892,Kai gave Sydney a small push while they were playing at school and accidentally sent them fallin
894,1ebd1e3ed049ce8b,893,Riley began to hurt inside and decided to call the doctor. What will Riley want to do next?
895,031f3ca5ee124377,894,Cameron went out of their way to help a friend who was in need of help. How would Cameron feel a
896,e3022a76f2555dc1,895,"There were not enough seats on the train for everyone, so Austin sat on Bailey's lap. What does "
897,8574a61fa0335bfd,896,Lee found his friends wallet on the ground and ended up keeping all the money. How would his fri
898,d5aa1492d089f0a4,897,Sydney rubbed Addison's head. She loved the feel of his bald pate. What will Sydney want to do n
899,d95ceceb29fe4344,898,Taylor was behind Carson 100% and was easily able to prove his point. What will Carson want to d
900,44cc05518509aa36,899,Cameron made a deal with the prosecutor for a lighter sentence if he informed on his fellow burg
901,6a6ab61c5db1a0e9,900,Kendall accidentally set her school on fire when she went in to change a test. What will Kendall
902,5bd22e117312afaf,901,Carson was at a friend's house when their parents were killed at their home. How would Carson fe
903,04b5006b915da264,902,Jesse set Robin's house on fire after finding out that she had been cheating on him for years. W
904,19eb9f334f2166db,903,"Jordan took many public speaking classes, and as a result, Jordan was no longer nervous. How wou"
905,2795813f73bd706a,904,Addison ate their bread and drank a nice glass of water with the bread. What will Addison want t
906,d5eb2b65816551d5,905,Ash spent time making sure people understood his work. Ash used metaphors throughout the book to
907,288f05815c7f56e1,906,Remy joined a band and was so good that he was offered a solo contract and took it. What will ha
908,197326ea9ef917a4,907,On the occasion of their most recent birthday Taylor gave a book to a friend. How would Others f
909,471fa0c3607007a0,908,Taylor made a poisonous bracelet. Taylor put it on Sasha's wrist. What will happen to Taylor?
910,993e85141a968139,909,"Taylor was very drunk and, after a fight, decided to piss on Jesse's bonfire. How would Jesse fe"
911,a8e60b5d4fb736e8,910,"Sydney was going to work on Aubrey's roof, so Sydney provided an estimate to Aubrey. What does S"
912,8965e14a60645f86,911,Austin stole the flag off the flagpole and wrapped it around his girlfriend's waist. What will h
913,7c4672c7aaec7fa1,912,Jan found new friends in the neighborhood because she was new there. What will Others want to do
914,50810fdec81b5c17,913,"After a long night of drinking and partying, Sasha wetted the bed. How would you describe Sasha?"
915,92234f62c7923bff,914,Kai couldn't find an ingredient she really needed for a special dinner. Why did Kai do this?
916,bcb0d8c990325436,915,Riley bought a dog and he played with the dog for hours. What will Riley want to do next?
917,ddf56676b20a0460,916,"Jesse wanted to flunk Bailey for her bad behavior, but Bailey passed Jesse's examination. What w"
918,a4a062dad884d58d,917,Sydney had a christmas party at their house and everyone was going to exchange presents. What wi
919,25b8c6c1b4e533a7,918,Tracy went out with their friends and ended up going home with them. What will Tracy want to do 
920,bae81a92d6e9ae64,919,Quinn turned the scale upside down at the market angrily because he thought he was being cheated
921,998643c396c332b9,920,Ash always ate with her bed-bound mother. What does Ash need to do before this?
922,3e58683474a61883,921,"Alex was ignoring Jordan yesterday, but Jordan demanded Alex's attention. What will Alex want to"
923,65ea4a4ef46d0fd1,922,Kai told Kendall the reason so mad last night. How would Kai feel afterwards?
924,9b9c38814f104cba,923,Ash used logical thought throughout the writing of the fantasy book. What will Ash want to do ne
925,ff59cfa1f04b60e3,924,"Walking through the park, Bailey could hear the band that had trumpets. What will Bailey want to"
926,08053f3b65b2e779,925,Alex and Aubrey love challenging each other. This time it is arm wrestling. What will Alex want 
927,bb3962f5a93df3b1,926,Cameron turned and looked at skylar in a way that was suggestive and not polite. How would Skyla
928,21b3e174d482fa9d,927,sasha was bored so she gave bob a haircut for free. How would Others feel as a result?
929,4b5e9341621f0e0c,928,Sasha got revenge on the people by putting some sand in their food at lunch. Why did Sasha do th
930,fbef384b8fdd3cf5,929,Taylor taught math in the schools after studying to be a teacher for four years. What does Taylo
931,2bc388e73733ff10,930,Tracy gave birth to Addison in the hospital last week. What does Tracy need to do before this?
932,b9c936391557117f,931,Cameron got to the yard and stopped the dog fight before someone else. What will Cameron want to
933,345c0748da30f3c9,932,Riley ate a fish burger from a street vendor and at the time was concerned it didnt smell right 
934,c68ac1142de30df9,933,Robin bought a new watch for Addison and put it on their wrist. What will happen to Addison?
935,8f8253842c1aad9c,934,jan went to the same school for years so she was best friends with a girl. What will Others want
936,fb36d022abc63c35,935,Jesse paid another bill for the others so they wouldn't get kicked out. What will Others want to
937,35e3c85a1477ca36,936,Jan came over one night. The house was messy and smelled. What will Jan want to do next?
938,931804e1d844bde5,937,Remy was prepared for the test and they took it and got a very good grade on it. What will Remy 
939,8a194b0fcb27d9b2,938,Addison was at a party with friends but knew they had to get up early in the morning for work so
940,6451e79b9de9ae55,939,Skylar wore it to school to show his school spirit on game day. Why did Skylar do this?
941,a6f723fbca4f0602,940,quinn was bored of wearing pants so she wore jeans to school the next day. How would Quinn feel 
942,7aa4b88d21d24c12,941,Alex walked Robin towards the execution chamber for her last meal. Why did Alex do this?
943,48808bd40389fd73,942,Remy answered the silly question they were asked happily. Why did Remy do this?
944,c134c479c42a64d3,943,Kendall took Skylar's schedule into account when planning the trip for their summer vacation. Ho
945,29b1d9432e6e15b1,944,jordan went to prison for 25 years for armed robbery and paid their debt to society. Why did Jor
946,8ad95f3cdd3d9835,945,Addison had a day off work and decided to go to a theme park. Why did Addison do this?
947,6f3d344951bb1c58,946,Alex went on a camping trip with their cousin. Alex grew closer to their cousin that weekend. Ho
948,ac621153cf274c5e,947,Remy took this job seriously and she was fired. How would Remy feel afterwards?
949,7b617a2509dc3a2e,948,Riley was really hungry so she ate Jordan's bread. How would you describe Riley?
950,fc5522cc7a7e6c98,949,Jan started to put the moves on the new boy at school because they were wildly attracted to the 
951,130388a7c75e09dd,950,Jan went out with Quinn's friends and told them a lot of negative rumors about Quinn. What will 
952,53d71b0131735fd6,951,Austin interfered with Sydney by blocking her way to the teachers desk. What will happen to Aust
953,31820c9ab7bf134d,952,Skylar entered the principal's office at school to receive the appropriate discipline. How would
954,4f356ca68d87537d,953,Taylor planned the trip on behalf of the entire group. How would Others feel as a result?
955,4527647427181a51,954,"Because he was very good at throwing galas, and his best friend asked him, Lee planned a wedding"
956,d97de5243618e027,955,Jordan loved photography and wanted to get a new equipment. What will Jordan want to do next?
957,745024f64d45ec84,956,Kai lit a fire and it blew up. What will Kai want to do next?
958,98ac0deecea63481,957,"Cameron picked Robin up from the airport, put her luggage in the trunk, and took her home. What "
959,c31d6c2f96b8a94e,958,Cameron took Kai's complaints of dangerous working conditions in the factory seriously. What cha
960,b68c3c4ebd7a1ce5,959,Remy took this story into account and typed it into the computer that night. What will Others wa
961,0ca5316ee2c35195,960,"Kai was saving for a car because theirs broke down, so Kai saved all their money. What does Kai "
962,a2805a6bcc0c8994,961,Aubrey never told Riley the truth about what happened last night. What will Riley want to do nex
963,b6cfce7d0c5a05be,962,Lee challenged Rob to a fight after school for hitting on his girlfriend. What will Rob want to 
964,39f0e589fcd7ff92,963,Taylor gave his friend a high five after his friend made a basket in their game. What does Taylo
965,13deff37d498dec3,964,"austin was a attractive girl who had a crush on me, so she batted her eyelashes at me. What does"
966,14f1085ae4dbca34,965,alex saw taylor last night while they were on a date with someone who wasn't their spouse. How w
967,b39c4b61fb3e864d,966,Riley wanted to stop by the lake to feed the ducks so she took the long way home. Why did Riley 
968,97c06fa410bb35ed,967,Jesse was teaching class and used the lessons through out the book. How would Jesse feel afterwa
969,e114983c0200f072,968,taylor knew kai was ignorant so he filled kai's mind with dangerous ideas. What will happen to K
970,199dc4523e2b951b,969,Jan moved to a new town and found to friends. What will Jan want to do next?
971,d71f31beab6e668f,970,Kai sold his TV to the bidder on eBay after a month had passed. What will Kai want to do next?
972,a809edcea3adece1,971,Lee had moved away from home a few months ago and he had the blues. How would you describe Lee?
973,56fdcd78d37322e5,972,Jan gave birth to his first a daughter last Monday. What will happen to Others?
974,befa69d5742a656b,973,Riley was the best of friends with his pals and had a good heart. What will Riley want to do nex
975,f54245fbefdad284,974,Aubrey was making extra money by babysitting Tracey's kids for the summer. What will Tracy want 
976,3fa75a147cc907a8,975,Carson put food on the table for their family and children at dinnertime. What does Carson need 
977,02a6793255d977c6,976,Kai had got into bed and felt relaxed. How would you describe Kai?
978,64c3c3f25b1e5936,977,Riley saw Jesse and regarded Jesse with hurtful eyes after what happened. What will happen to Ri
979,6047d5718c7cdac7,978,Cameron continued playing with the ball even after it became deflated. What does Cameron need to
980,362d169123253d9d,979,Cameron took Kai's complaints seriously after Kai came to her crying about the event. What will 
981,189a33296151a03d,980,Kendall and Jordan were at a scary movie and Kendall grabbed Jordan's hands. What will happen to
982,488a1cac06f5dcbe,981,Taylor attended their father's birthday party so that their father would feel that they were lov
983,29a26c0e586ccac5,982,Taylor pissed on Jesse's bonfire after getting into a fight with Jesse over a girl. What will ha
984,c6f9b7481bd8078a,983,Jesse made popcorn for them and Lee before they were going to watch a movie. Why did Jesse do th
985,8c4523ad045cc05c,984,Carson gave her some milk to try to get the baby to stop crying. What will happen to the baby?
986,ed74801ffbbfc0f7,985,Riley felt worse after staying up to late the night before. How would Riley feel afterwards?
987,27308405de8d5b79,986,Someone stole Kendall's purse and she was able to snatch it back right away. What will Others wa
988,578815421e1b7449,987,Lee gave his mom a special gift for their birthday that year. What will happen to Lee?
989,709ad2878ce1cfb8,988,"Alex was the grandmother of Sheila, who had two children but was a drug and neglected the kids. "
990,22513af000d3181d,989,"Aubrey thought hard, then asked her parents for advice. Why did Aubrey do this?"
991,1862bc976c4b3c72,990,"Carson had a stressful day at work, so Carson went to a friend's house to play video games. How "
992,1d7307a2f665ab60,991,Sydney opened a savings account after learning about getting interest on their money. What does 
993,6f1ad4d9f3f2fea9,992,Lee had lost their job so they had a yard sell and sold things. Why did Lee do this?
994,eca48edf7fe09731,993,Tracy just got her driver's license and a new car. Tracy was driving to school now. What does Tr
995,4fcdf9d84342c5d6,994,Jordan told a funny joke and his friends laughed very hard at it. What will happen to Jordan?
996,8220a3c2a36cec3c,995,Riley took the highest bid and sold Sydney's house to the bidder. What will Riley want to do nex
997,0c04b7bb796f46a1,996,Bailey passed Jesse an examination booklet during the final exam in biology class. What will Bai
998,5ad6610b0a49893c,997,Alex is a politician in charge of his electoral district whole role affects the people around hi
999,1979f4176f6b6c65,998,Lee spent the whole night trying and after many hours finally solved the equation. How would you
1000,dbe8896110930463,999,Kai observed and improved Jan's work. What will Kai want to do next?
1001,6ae7f554b2185c17,1000,Sydney gave a raise to all of the people that worked at her company. What will Others want to do
1002,403e7b32825e4e7d,1001,Carson was trying to work a crossword puzzle and could not solve it; he was frustrated. What doe
1003,37b2142c135e6080,1002,Kendall went to the movies with Jan's friends when Jan was away. What will Kendall want to do ne
1004,a7f9b8e0be483c8f,1003,Jordan had a hard time empathizing with other people around them. How would you describe Jordan?
1005,db5991a576fff81d,1004,Jesse and Addison started dating. Addison invited Jesse on a camping trip with their friends. Wh
1006,7dded9368cce11ec,1005,Carson took pictures of all of the children at the birthday party. How would the parents feel as
1007,8cad3b32e8e80f17,1006,It was time to end work for Carson and Austin took over for them. What will happen to Austin?
1008,c23d58d9c0802cae,1007,Cameron heard that they had gone missing and so he spent hours looking until he found Skylar's f
1009,8629ed15a2546a5e,1008,Quinn murders Remy's wife on that cold winters night in December. What will happen to Remy?
1010,896b00d1aeaf3407,1009,Robin went with Jan's friends to school to register for classes. What does Robin need to do befo
1011,c29933d5245b8bef,1010,Robin got gas at the gas station and payed for what they bought. How would you describe Robin?
1012,c262b3a093a992df,1011,Robin pumped their gas at the station and spilled the gas on herself. How would Robin feel after
1013,890ee00aeb9ace22,1012,Austin blew smoke from his lips as he sat on the bench and puffed on his pipe. What does Austin 
1014,fed6045fdc58abf5,1013,Jesse likes going to school and has good grades. Jesse took a big test this morning and did well
1015,2833b615e6387462,1014,The people bullied Sasha all her life. But Sasha got revenge on the people. What will the people
1016,ca14d4a8d21e1b0a,1015,Jordan read a lot of books about his favorite hobby. How would you describe Jordan?
1017,8dabfe45041b303a,1016,Austin wanted to celebrate his parent's 30 year wedding anniversary. What does Austin need to do
1018,58c7fe8dfba0be8c,1017,"Addison was going to be working late. To help out, Jesse offered to walk Addison's dog. What wil"
1019,3cf2a4f2e31a34d3,1018,Carson wanted to travel to Jesse so he got into the car. What will Carson want to do next?
1020,ab0e65e1a62b8278,1019,"After years of bullying in high school, Sasha graduated at the top of her class and got a great "
1021,5c6b8c9ff6f93380,1020,Jordan made it their career by getting that new promotion. What will Jordan want to do next?
1022,f0f2dad56c0ddda4,1021,Robin thanked Jordan for the dinner. Why did Robin do this?
1023,f4e0d095df9336a2,1022,Jan found new friends who are more popular than previous friends had been. How would Others feel
1024,deb48b53e9444cca,1023,Taylor was very much in love and got engaged. How would you describe Taylor?
1025,ecb9421fb5109c42,1024,Remy left school on account of their live being a total mess that needs to be figured out. How w
1026,ef0595c3c2633def,1025,Jan visited her family for Christmas because she hadn't seen them in a very long time. What will
1027,e01674e429d509d5,1026,"Sydney loved to dress up for Halloween, so Sydney went trick or treating. How would Sydney feel "
1028,cd94d3bd5afaaea2,1027,Alex saw Taylor last night at the county fair rides. What will Taylor want to do next?
1029,ea1e848c61488931,1028,Bailey told Aubrey she saw a thief run off into the night. How would Bailey feel afterwards?
1030,8f12b6d35657c0b9,1029,Casey was supposed to buy Jordan's car but every time Casey called Jordan had an excuse. Jordan 
1031,a6d70434a2e6dfb3,1030,Riley and their friend were best friends. What will happen to Others?
1032,bfce45c5dd13244d,1031,Cameron took Jan's motorcycle for a spin without permission. What does Cameron need to do before
1033,4955ca435db45aad,1032,Jan was practicing her singing for the whole day. Why did Jan do this?
1034,1b180a8eebe4c43e,1033,Taylor looked the definition up online which was against the rules for the test. What will other
1035,99183d10ce8af854,1034,Riley fought Kendall in a battle that left Kendall with an injured leg. What will Kendall want t
1036,5263a8ffda733057,1035,Sasha set their friend's house on fire to show them they did not like them. Why did Sasha do thi
1037,0d6faf6a8e728577,1036,Alex was looking for a knife they dropped. Alex searched the woods. How would Alex feel afterwar
1038,72c42cbe61766908,1037,Jordan was getting hungry so he decided to grab a bite to eat. What will Jordan want to do next?
1039,e55c34d8a8b6ec90,1038,Sasha was playing a game but they got tired of it. How would you describe Sasha?
1040,8e996a0ab1445f99,1039,Kai decided to stay in the hospital for his mom's operation. She came out of it all right. How w
1041,f82dd39c036369c4,1040,Cameron had hired Bailey to help with an important job and felt satisfied with Bailey's work. Wh
1042,8eae4cb3a72f3365,1041,Cameron went out of his way to avoid his teacher. Why did Cameron do this?
1043,076cf113c0fa2d4b,1042,Aubery and Carson were dating and Cameron was angry about it. How would Cameron feel afterwards?
1044,975796dc994a84e1,1043,Jordan took the man to the shoe store because the man was homeless and had worn down shoes. What
1045,0404641510b0d8ff,1044,Lee accidently met Austin at the park and they ended up having a great time together. How would 
1046,d9e79f4ff5c623b2,1045,Quinn knew Ash well enough to know that they never would commit such a terrible crime. How would
1047,ea1285432b6d4e98,1046,Taylor looked up their friend on Instagram after he came back from vacation. What will his other
1048,f10da7b195c3dfcd,1047,"Feeling quite romantic over it all, Taylor gave their partner a kiss on the cheek. What will Oth"
1049,f7b61b8ab56feef5,1048,She was staing overnight for the first time with her friends from the Brownie Troop. How would S
1050,a20d807a2aa508b3,1049,Jan gave birth to her third child and the labor was especially painful and difficult. How would 
1051,13e3b265e03bad9d,1050,"After getting a feedback from their boss, Addison took their advice very seriously. How would yo"
1052,5804abf51b2d183d,1051,Sydney's mother brought them to the doctor's office for a shot. When it came time to get the sho
1053,cadfec9a82df626a,1052,Skylar rubbed their hands together but the people still looked very cold. What will Skylar want 
1054,dd617f3b8ff32906,1053,Cameron felt unhappy but playing with his puppy cheered him up. How would Cameron feel afterward
1055,9a48c9f069eb64c7,1054,tracy brought the kids to the party and everyone found the kids to be annoying. What will Others
1056,cd4a8993d5d2fbd4,1055,"Riley knew she could not beat Kendall, but she had no alternative, so she fought Kendall in a ba"
1057,32634e3e8f2254a2,1056,Jesse had a date with Cameron when her friend called to see if she wanted to go see Lady Gaga li
1058,e92d96bb6387fe83,1057,Lee gave Taylor's friend a tip at the restaurant that night. How would you describe Lee?
1059,b89f9ed2bd9e334d,1058,Ash threw up their arms on the very fun roller coaster. What will Sasha want to do next?
1060,783b8c0ea0049d3d,1059,Quinn handed the book back to the librarian before reading it. Why did Quinn do this?
1061,0e78dfe7eb6b69e3,1060,Lee found their friends outside and playing in the park nearby. What does Lee need to do before 
1062,b81ccd0e1436c4fd,1061,Casey never received attention from boys so she went to go get a new haircut. What will Casey wa
1063,264ed76571f8d301,1062,It was almost time for Tracy to go to work. Robin left Tracy's home. What will Tracy want to do 
1064,12a449ac9a2422eb,1063,Jordan affected children's happiness and wanted to be a foster parent. What will Jordan want to 
1065,05b33e62b4d7fa2b,1064,"ash could tell this person did not want to listen to him anymore, so he got to the point. Why di"
1066,be7cc030d8d2b170,1065,Jesse lived with their wife to help with the bills and to be happy together. Why did Jesse do th
1067,19f87620830e4fde,1066,Jan didn't like the way her picture turned out so she asked Kai to fix it. Kai improved Jan's pi
1068,e551cc85b21f6609,1067,Aubrey fed Tracy's kids lunch today when Tracy had to go to work. What will happen to Aubrey?
1069,16afd077b0979f30,1068,"After a long day at work, Jan came out at night with coworkers. What will Jan want to do next?"
1070,9f44ae3159e08311,1069,Kendall snatched their journal away so that nobody else could read it. Why did Kendall do this?
1071,29a861e27492182a,1070,Ash redeemed himself after he wound up falling down while playing the basketball game. What does
1072,ec99900346e2eaa6,1071,Carson failed a test. They felt frustrated. How would Carson feel afterwards?
1073,4b3032e10ace346f,1072,Cameron got someone else to pick up the children from school. How would Cameron feel afterwards?
1074,84543f75266feb12,1073,Sasha got revenge on her sister for stealing her first boyfriend of two years. How would you des
1075,e4c7a54febaa8cb5,1074,After jumping off the roof of his house Quinn had trouble breathing. How would you describe Quin
1076,31e7c46c699efd0a,1075,Sasha made Kai mad by messing with them. How would you describe Sasha?
1077,b8afe325b3a8a225,1076,Remy gave Casey a different interpretation about what they thought happened. What will Casey wan
1078,f88e92d1852427c1,1077,Robin and their friends wanted to go to a movie so Robin looked up movie times online. Why did R
1079,502a46bd8169fb7e,1078,Carson wanted to be a engineer so he attended school to get a degree. What will Carson want to d
1080,96a959c0c5df05b9,1079,Austin sat on Bailey's lap because all the other chairs were taken. How would Austin feel afterw
1081,09039ae1eb0c4887,1080,Lee gave their friend Taylor a smile and laughed when Taylor made a joke. How would Taylor feel 
1082,91f8b6b59eda99d1,1081,Casey called Aubrey's parents to check how are they doing. How would you describe Casey?
1083,138824880ff5ee47,1082,Sydney asked the teacher if Ash could have one when they were handing out books. What will happe
1084,a8b6652fb83e4845,1083,Carson said thank you to his aunt for the strange and unwarranted gift she gave him. Why did Car
1085,30e2696215bf5d9e,1084,Jesse broke her leg and could not take the students on the trip after all. What does Tracy need 
1086,b7dd537a549122e7,1085,"Kendall's best friend, Anne, was getting married. However, Kendall knew nothing yet. How would y"
1087,25cf7699b8e8f4bf,1086,Jordan shared their experience after wining the champion through different difficulties and chal
1088,6bfeca1c0abf6bf4,1087,Alex made their escape out of the dangerous building that was on fire. What will Alex want to do
1089,65a9eb3bdbfcafc9,1088,Ash bought clothes for his new year at school. What does Ash need to do before this?
1090,b082061a17614f84,1089,Remy left school on account of having the flu that day. How would Others feel as a result?
1091,4e518874e4f8603c,1090,Cameron was pushing her baby Aubrey in her stroller through the park. Aubrey threw toys out of t
1092,6b58cb1f8143202a,1091,Aubrey pulled them over for speeding too fast on the highway. How would you describe Aubrey?
1093,9eedd2de6dc35aec,1092,Lee told Carson about an idea for a start up company. Carson told Lee it was risky to do it. How
1094,2d08bff6463a863f,1093,"My friend was selling popcorn to raise money for the Boy Scouts. Tracy loves popcorn, and placed"
1095,ba2d086d0dc89489,1094,Riley knew Jesse was a shoplifter so they regarded Jesse with suspicious eyes. Why did Riley do 
1096,f9b672f2f0e265fd,1095,Riley knows someone stole the necklace out of the drawer. Riley watches Jesse with watchful eyes
1097,fb102a02e80044bc,1096,Carson returned to Robin's house because Carson left his car keys on the table. What will Robin 
1098,3df67f0e6b7d0957,1097,Taylor caught a cold in her throat and it wouldnt go away. How would Taylor feel afterwards?
1099,27503d04a3390b1b,1098,Robin built a snowman in the snow and gave it a new name. What will Robin want to do next?
1100,95159e829b3b5ca1,1099,"Kendall wanted to learn how to draw so they bought a pencil, paper, and instructional video. Wha"
1101,933624f0b6386513,1100,Robin changed Aubrey into clean clothes after Aubrey spilled her bottle all over herself. What w
1102,ddbda94ea5c95f1f,1101,"Not wanting to raise too much consternation, Jesse ultimately believed every word. What will Oth"
1103,6f941ac786b3e48e,1102,Jordan affected the children's grades by offering extra tutoring after school. How would you des
1104,57acd1958cf1ede9,1103,Addison was feeling sick and in pain and Sydney saw that. How will Addison feel about Sydney?
1105,d8488ad64a36bc7e,1104,Skylar went to the dentist who set an appointment to get his tooth filled. How would Skylar feel
1106,11dfd1270790e374,1105,Remy gave Skylar her account so Skylar could play the game. Why did Remy do this?
1107,7c4d6324cab33e5d,1106,Jan needed help with math and got tutoring from Kia and improved her work. How would you describ
1108,84c0794f5c079940,1107,Sydney wanted to show Kai the new tablet they got so Kai crowded around Sydney. How would Kai fe
1109,d43e5b17d45da832,1108,Remy clicked on the email button and emailed their entire office. What does Remy need to do befo
1110,84bdebb39fe3b574,1109,Riley looked at Jesse. What will Riley want to do next?
1111,50a9b3b2ab45e095,1110,Sasha helped her friend Liza who was in a bad situation. Liza refused to help herself and went b
1112,b0a57984adbe29d2,1111,casey was doing an experiment so she kept the mice up all night. What will happen to the mice?
1113,5ef666d71ceddcf2,1112,Bailey had the exams in her hand when the class started. Bailey passed Jesse an examination book
1114,29713154a369e265,1113,Taylor helped Ash move and carried all the boxes. How would Taylor feel afterwards?
1115,1dedadf9c50f37e6,1114,Cameron got out of the way of the team of horses. What will Cameron want to do next?
1116,d16f83df4e581a0a,1115,"Sasha sat down after lighting the their house on fire, watching it burn around her. How would Sa"
1117,359e1260d600fe66,1116,"After many months of hard work, Addison eventually got a car. What does Addison need to do befor"
1118,b7048a2f4fd2491d,1117,Carson tried to fight Robin last night when they were drunk. How would you describe Carson?
1119,9be2ba7316cd7417,1118,Robin changed Aubrey into clean clothes after spilling food over the dress they were wearing. Wh
1120,91d1e54157f03f8d,1119,Cameron took Kai's complaint seriously and launched a major investigation into the matter. What 
1121,b72c4d7f1b74c142,1120,Riley saved more money when her daughter was in high school. Why did Riley do this?
1122,c2ed919f03f051a6,1121,Jan visisted home for Christmas after finding out that their grandfather had died. What does Jan
1123,5c36ae2b93261665,1122,Aubrey was bored one Saturday afternoon so they met a friend at the park. What will Aubrey want 
1124,d4c2485bf4a58e85,1123,Alex was getting very old and infirm so Alex gave Sydney command. What will Alex want to do next
1125,15c3c9d2f4c46a5f,1124,Austin took them out for dinner on that cold evening in Chicago. What will Austin want to do nex
1126,d9c0fffce9ef3bbd,1125,"Aubrey pulled the driver over for speeding. They then wrote a ticket,. How would Aubrey feel as "
1127,e58eeef6811b70ab,1126,Riley screamed in pain after falling of their bike and breaking their arm. What will Riley want 
1128,bac24a5fcb629775,1127,Skylar and their friend played together and Skylar fell in the street. What will happen to Skyla
1129,0569161c1d1ead69,1128,Alex wanted to be on their own. They left Robin's side. How would you describe Alex?
1130,bef6ec8ddf6ed606,1129,Carson ordered a large pizza for dinner. What will Carson want to do next?
1131,590d0dba7d7aacfc,1130,taylor made a video game for her family but she based it on their experience. What will Taylor w
1132,3eb7c90852a31c85,1131,Kai wanted everything on their list for Christmas. What will Kai want to do next?
1133,548c890d95365b5e,1132,Alex set Riley on fire in the game when Riley had low health left. What will happen to Alex?
1134,5d8de967fe181940,1133,Quinn ate the last piece of cake. They felt bad about it. How would Quinn feel afterwards?
1135,43fdb9b3834b7997,1134,"Riley left home with their sister today, because they were grounded by their step dad. What will"
1136,d219ba15f41829e8,1135,Sally was writing in her journal and the nosy Kendall snatched it away from her. How would you d
1137,65986f0ef28aec5b,1136,"Robin was eager to get her driver's license, so she took the test immediately after turning 16. "
1138,a53d5ad56bc0fd55,1137,Cameron left the event early because he needed to get changed for a gala even at night. Why did 
1139,e63cd7e902ea603a,1138,Jan said walk back after seeing signs of danger ahead. What will Jan want to do next?
1140,538e6da0c037025c,1139,Skylar entered the principal's office at school to tell the principal about the others bad behav
1141,4ec7c4aa609abd8c,1140,Alex has autism and has always found that they are very particular about specific details theref
1142,d16eb9a6822fa1e7,1141,Remy dropped a dime and picked it up right away. How would you describe Remy?
1143,ed6909db8aa7ff57,1142,Casey ignored the warning on a carton of expired mik. How would Casey feel afterwards?
1144,3bd14a38eb214e66,1143,Cameron wasted too much money when he went to the mall. What will Cameron want to do next?
1145,9425ec85a50d612c,1144,Casey put food into the oven so that the family could eat when it was ready. What does Casey nee
1146,bc24c951596ee348,1145,Riley went the way of the birds because Riley couldn't fit into modern society. How would Riley 
1147,8f8253842c1aad9c,1146,jan went to the same school for years so she was best friends with a girl. What will Others want
1148,c5c4dd58c34dc16d,1147,Austin interfered and got in Sydney's way when she tried to get to work. What will Sydney want t
1149,c78ed32fd4b7997d,1148,Cameron's boss was in a bad mood and tried to shove Cameron but Cameron got out of their way. Ho
1150,7e1320487398c104,1149,Riley sold Sydney's painting for a lot of money to the bidder at the weekend auction. What will 
1151,c4d6f3b442c82d9a,1150,Cameron stopped the fight before people got hurt. What will Cameron want to do next?
1152,5cc6bd7cf674c858,1151,Riley regarded Jesse with observant eyes. He didn't trust Jesse because he's known her a long ti
1153,1ce199b73c98c3c6,1152,Lee got Jordan to start walking to school instead of riding the bus. What will Lee want to do ne
1154,aa30ca149f55d2d3,1153,Carson gave their friend some milk but their friend was allergic to milk and wanted orange juice
1155,f48c03a8746b8975,1154,Jan visited her family for Christmas at home as a gift to them. What will Others want to do next
1156,5ffc76e5428e324e,1155,Addison left for home after college finished up for the semester. What does Addison need to do b
1157,19025041071f1360,1156,Remy gave a bunch of coats to his friends who were cold. How would you describe Remy?
1158,42f7367c28e1443a,1157,Sydney had had dreams of becoming a doctor since she was a small child. Why did Sydney do this?
1159,b9b2b56e71a83d78,1158,Jordan took Kendall to the pet store so she could buy her a fish. What will Kendall want to do n
1160,7bf73cb6e9bc4183,1159,Sasha saved their company from destruction before it was far too late. What will Sasha want to d
1161,1ab7dd9b4ad34906,1160,Skylar poured water over their head as a mean spirited joke. How would others feel as a result?
1162,a8e4629dd32c84e0,1161,Riley told Austin's landlord that Austin was making a lot of noise at late hours. What does Rile
1163,6c2b90bb5440ce6f,1162,Remy was trying to stay quiet but accidentally slipped and said a word. How would Others feel as
1164,393e0371afc156da,1163,Tracy gave it to their friend when their friend asked to see it. What will happen to Others?
1165,6b57b56bab67385d,1164,Riley watched Jesse with observant eyes. What will happen to Jesse?
1166,0f748d117fb90a75,1165,Kai grabbed Carson's tools and then made use of them. Why did Kai do this?
1167,6d494e723e0fd729,1166,Remy told Casey to meet them at the pond in order to do some fishing. How would you describe Rem
1168,2d8db2e71abd57c4,1167,Quinn decided to go out drinking with Others at the bar. What will Others want to do next?
1169,5ecd581fea6879a4,1168,Jesse was upset but unfortunately went a little too far when he yelled at his brother. How would
1170,60f6290acedf6409,1169,"Casey was the main actor in Jordan book,Jordan mentioned him in chapter one to make aware her to"
1171,3249e4f30d0a239d,1170,"Aubrey had a lot of important decisions to make, so Aubrey spent time thinking. What does Aubrey"
1172,02d7ea7aeecacb29,1171,Lee set the stage with all of the decorations and lights. How would you describe Lee?
1173,b161d638efd49989,1172,Alex had a great time on a date with Taylor last night. What will Alex want to do next?
1174,f99215dd1f14c171,1173,Jesse closely considered the signs when lightning struck her house three times. How would Jesse 
1175,0ef158f2bed33957,1174,"Aiden had been suffering from toothache pain for over a week, but could not afford dental care, "
1176,707eb434ec9b59a3,1175,The kids wanted to go to the park to play with their friends. Tracy brought the kids to the park
1177,fe01c7610061e5a2,1176,remy went to the mall and made more friends. What does Remy need to do before this?
1178,6ad2c9b7d4670b30,1177,Austin went out to eat with the family last weekend because it was for a party. What will happen
1179,413a8426309c9e5d,1178,Bailey was mad at work and then told Alex to send the letter. How would you describe Bailey?
1180,b178cbc97df5c43d,1179,My friend was having relationship troubles and Tracy knew she could help. What will happen to Tr
1181,f206bdf8e786a752,1180,Sasha was bullied by the people in her building so she got revenge on them. What will Sasha want
1182,ba8cfea8df1166eb,1181,Austin took them out for dinner after working hard and got promoted in the new job. What will Ot
1183,157c494a4f68ba3f,1182,Sydney made some friends after moving to a new small town. What does Sydney need to do before th
1184,09e45cc00cb7d07a,1183,Quinn hired Lee for a photo shoot as a swimwear model. Quinn posed Lee in several positions and 
1185,f19a9da84362f459,1184,Austin served without pay because he really loved his country and wanted to help out. What does 
1186,a07edde819b0d3d8,1185,Sasha went with Austin to a dance that the school was having. What will Sasha want to do next?
1187,29d3ab3c7bd18649,1186,Bailey told Alex to send the letter overnight since it was important. How would Alex feel as a r
1188,78feb4d480a2eda5,1187,Lee made copies so that everyone at the table could follow along. What will Lee want to do next?
1189,2787862c9de38c6d,1188,Austin had lost a lot of weight recently so he wrapped a belt around his waist. What will Austin
1190,1d44a63b39e72ec1,1189,Taylor gave help to a friend when she was moving houses. How would you describe Taylor?
1191,64b46f6540cc7a7c,1190,Kai went camping with friends and ate something made him really ill. What will Kai want to do ne
1192,fced26f1d0ce1b19,1191,austin went to the restaurant for dinner but wanted dessert instead. What will Austin want to do
1193,878e26726499645f,1192,Addison was making a speech in front of a lot of people. Addison regarded every comment made. Ho
1194,1bf0cd74deac6539,1193,Quinn murdered Remy's wife while Remy was away on a business trip. How would Quinn feel afterwar
1195,fc7751798b40cf45,1194,"Wanting to make some extra money for college, Cameron worked every day at the supermarket. How w"
1196,acedad45b35fa46e,1195,Casey is talented and well liked by others. What will Casey want to do next?
1197,938607cf60e9affb,1196,Riley was the best of friends when he was in a good mood. What will happen to Riley?
1198,79e1a553930ae366,1197,Addison regarded every person carefully before they decided whom to talk to. How would you descr
1199,eed517c7fdebd730,1198,Cameron layered clothes on to walk to the city in the middle of winter. What will Cameron want t
1200,1b309795d2e1b1ae,1199,Sasha was being picked on by her big brother. Sasha got revenge when she popped his tires. What 
1201,1c6008349d1b55ba,1200,"There was going to be a bake sale at school and Bailey asked Tracy, the best cook in class, to m"
1202,ce0b888bc40a67a9,1201,Casey stated Addison's case. They had been friends for a long time and even went to college toge
1203,bd2f24119dead9df,1202,"Carson attended school for three years, until they got kicked out. How would Carson feel afterwa"
1204,7237c589a450a80a,1203,Tracy's kids were hungry so Aubrey made food and fed the kids. What does Aubrey need to do befor
1205,b00c66d38599203a,1204,Kendall wrapped string around my neck in order to kill me. What does Kendall need to do before t
1206,4c2f0f1b8826b4f6,1205,Robin was paralyzed and was unable to respond on their own. What will Carson want to do next?
1207,00df4b0b587d3d89,1206,Quinn was done with the wrench so he handed the tools back. How would Quinn feel as a result?
1208,3d8dfea505306673,1207,Taylor helped Ash move into their new apartment on the top floor. How would you describe Taylor?
1209,29caa4c1689dfc0b,1208,Kai sat in Austin's lap for the group club photo in the yearbook. How would you describe Kai?
1210,6f51ad191914d915,1209,Alex bought his entire team gold watches and when he gave them the present he put each watch on 
1211,47d5f786b1179d6c,1210,Jordan left his book on a bench at the park. How would you describe Jordan?
1212,fc92eb8dd7330084,1211,Ash cannot function and be productive without having breakfast. What will Ash want to do next?
1213,3ae594742f78d05d,1212,Cameron showed it off their friends when he got a new sports car. How would Others feel as a res
1214,61cef1c6a91edb8d,1213,Casey was being silly and kept them up all night. What will Casey want to do next?
1215,7c03a6dbc8de4951,1214,"Jesse was feeling very hungry but didn't like the school cafeteria food, so he left the premises"
1216,3ecd41e5d3cae543,1215,Tracy took Jesse's students to the playground. Jesse had an important appointment she needed to 
1217,9d445de694151587,1216,Tracy gave video games to my friend. They knew they were quality titles they would enjoy. What w
1218,9b72226d936b7039,1217,Jordan brought Bailey's kids a toy because they wanted Bailey kids to be happy and entertained. 
1219,5530d847640601c7,1218,Kai liked to play games with their friends. They spent several hours online. How would Kai feel 
1220,5c3c0edf9535bb2d,1219,"Jordan and Tracy were out on a date, they were having such a great time then Jordan leaned towar"
1221,1f0edb37a6be7917,1220,Robin had thought about if for a week and decided to take Kai's advice. What is Robin going to d
1222,8eb1de0ac56c0df1,1221,Casey forgot their lunch. Aubrey dropped it at their school to keep Casey from starving. What wi
1223,d7d6a6600be8de1b,1222,Kai grabbed Carson's tools and put them away for Carson when they had to leave in a hurry. What 
1224,d675ca11403b607c,1223,Lee gave birth to twins when she was at the hospital. What will Lee want to do next?
1225,b631c67012e3e28f,1224,"While they were at the park for an afternoon of games, Quinn threw the frisbee to his friend. Wh"
1226,5ecd581fea6879a4,1225,Jesse was upset but unfortunately went a little too far when he yelled at his brother. How would
1227,4c41ab212bbdd9c4,1226,"Addison had been practicing for the driver's exam for months. He finally felt he was ready, so h"
1228,3ab18fa3273dbebc,1227,Tracy threw in the towel on the history test because she knew she would fail. What will Tracy wa
1229,239203e29417ac9c,1228,Taylor caught a cold because they kissed Jan. How would you describe Taylor?
1230,c047448351d7cdee,1229,Addison ate their bread and then immediately asked for seconds and thirds. How would you describ
1231,2ad3e6406de4f90a,1230,"After they picked a hiking trail to take together, Sydney met Skylar near the canyon edge. What "
1232,3349e416bb9aa18f,1231,Casey was feeling pains in their arms and their chest. How would you describe Casey?
1233,595fa01e1d8fa4f0,1232,Austin got extra help on the paper due tomorrow. How would Austin feel afterwards?
1234,70a86d8a133b2e0a,1233,Jesse was recovering from her battle with the flu. They were feeling much better than before. Ho
1235,b3de3690250df4c7,1234,Alex took up collection of stamps after going to the antique store and bought them. What will Al
1236,5a563926ce5d826b,1235,"After Jesse thoroughly criticized Riley's new painting, Riley regarded Jesse with hurtful eyes. "
1237,8310325e589b1b5a,1236,Aubrey was taking a test and had an answer sheet hidden on her desk. How would Aubrey feel as a 
1238,104d84bac92b511a,1237,Ash gave up on the test he was taking in math. What will Ash want to do next?
1239,87f094d9fcf17421,1238,Bailey embarrassed their girlfriend infront of all her friends by making a joke about her dress.
1240,06c3905e8f7576fd,1239,Robin went with Jan's friends to school when her own friends didn't show up. What will Robin do 
1241,a001331d8af8cc7a,1240,Austin took them out for dinner and the others were pleased when he told them to pick something 
1242,2ea0ab657138aa9e,1241,"Aubrey practiced a lot, tried out for the team and made the squad. What will Aubrey want to do n"
1243,02532eba4d1555da,1242,Jesse went to far when he yelled at his students and pondered over it all evening after school. 
1244,0dd10379067073e7,1243,Robin went to school with Jan and went to her first class with her as well. What will Robin want
1245,7f14951609dab475,1244,Alex needed help cleaning the kitchen and Aubrey was helpful and cleaned as well. How would you 
1246,49c0d64418b864f5,1245,Addison had run away after being mistreated by their wicked stepmother. How would you describe A
1247,aa55fb0d914b5bd0,1246,Aubrey helped Sasha move by bringing their big truck over to pack boxes into. What does Aubrey n
1248,d3ae2e442e6482d0,1247,Cameron rode Jan's motorcycle to work when their car would not start. How would Cameron feel aft
1249,d5358d21ed92d286,1248,Robin told Carson that she did not want to go out with him. How would you describe Robin?
1250,b82ff72217689e90,1249,Remy joined a band after he learned how to play the guitar. Why did Remy do this?
1251,f3196cf0316b0ff6,1250,Lee challenged her to a fight after she talked bad about Lee to his friends. How would Others fe
1252,1d223df1efc9e2dd,1251,Bailey destroyed the enemy's weapons while the enemy was fast asleep. Why did Bailey do this?
1253,344d462cca5ff8d1,1252,After everyone finished their food they were going to go to a party so Kai decided to finish his
1254,a3268cdbc7995f57,1253,Carson had homework they had to do but they were at a friends house playing video games. How wou
1255,a7c2c88d8ee17d25,1254,Taylor helped Ash move in to their new house. What does Taylor need to do before this?
1256,c06449d2d98ebb06,1255,Robin refused to pay her share of the meal even though everybody had agreed beforehand. What wil
1257,f085fb132573a339,1256,"Their mother had cooked a delicious dinner, but Austin wanted dessert instead. Why did Austin do"
1258,a84d0abf8bb0ca51,1257,Taylor attended their father's funeral after he passed away from cancer. What does Taylor need t
1259,36af979c3bce2ed5,1258,"Jesse shook Cameron's head slightly left and right, making sure her muscle strain wasn't too bad"
1260,90a3daf32f545033,1259,Cameron was at a concert and the fans loved his music. Why did Cameron do this?
1261,3ec6f4ae5611af28,1260,Skylar went camping with friends every spring to get away. What will Skylar want to do next?
1262,778b8f2632495b48,1261,Cameron took their work seriously and tried to do their best. What will Cameron want to do next?
1263,65ad86aa06aecb29,1262,Addison invited Austin to join the soccer club at the school. How would Austin feel as a result?
1264,59434bbf226f8858,1263,Quinn crossed Lee's arms and posed him for the picture. Why did Quinn do this?
1265,42c2cb4ba0c67d4d,1264,Taylor knew he was right and proved Carson's point that day. Why did Taylor do this?
1266,72835b1648a29801,1265,Aubrey kept her friends up all night talking about her problems at work with others. What will h
1267,2642d458b89c8a88,1266,Cameron broke their tooth and gave a call to the dentist. What will Cameron want to do next?
1268,20414843fbc21744,1267,Austin got extra help. he offered to pay other people for help. What will the Others want to do 
1269,17e8161b43720106,1268,Casey explained to Tracy he was upset because he got grounded. What does Tracy need to do before
1270,18d9412f2b1eedb5,1269,Remy prevented the enemies from engaging with her troops in the battle. Why did Remy do this?
1271,87f502fd789bf06d,1270,Kendall snatched her journal away from her little sister. What will Kendall want to do next?
1272,19b744241f52f92f,1271,"Wanting to present their feature film, Kendal showed it to all of their friends. What will happe"
1273,2feecabd85e81cde,1272,"Tracy's friend, Anne admired the jewelry they wore. Therefore, Tracy gave it to their friend. Wh"
1274,d91b9726bb0783c2,1273,Robin made Taylor comment on the food after they were disgusted. What will Taylor want to do nex
1275,46263ffa495b1de5,1274,Quinn got divorced after his wife became abusive towards him. Why did Quinn do this?
1276,b0e0bf9b496f8e6d,1275,Kendall grabbed Jordan's hands because Jordan was trying to hit someone. How would you describe 
1277,f7735b3df07fc758,1276,Cameron took their work seriously and did not allow joking. What does Cameron need to do before 
1278,37924bea93a87c26,1277,Jan went out with Quinn's friends because they are bored. What will Jan want to do next?
1279,876cfcc77c4f8c3c,1278,"After catching them cheating together on the exam, Jan gave them an F. Why did Jan do this?"
1280,1d446a40b057ecd7,1279,Taylor decided to enter the Great British Bakeoff tryouts. How would Taylor feel afterwards?
1281,5443af4808767077,1280,Ash had the same breakfast of toast and scrambed eggs every day. How would you describe Ash?
1282,350a74adaa4d4c9c,1281,Alex grew closer to their sister after their parents died in a car accident. How would Alex feel
1283,4d4e56097caede76,1282,kendall showed all their friends how to play the game so they could all play together. What will
1284,dbccc0963beed12e,1283,Bailey threw their cap on the ground and walked away from it swiftly. How would Bailey feel afte
1285,d89248723bf7a82b,1284,Austin got extra help with the homework from his tutor since he was falling behind in class. Wha
1286,373a3d3a87ab1b13,1285,Carson wanted to celebrate his dad's 50th birthday with him. Carson visited their dad with a gif
1287,6f72200e48b04e86,1286,Cameron found Skylar's friends in the park playing some games that day. How would Skylar feel as
1288,3fa7e6afa1336526,1287,Jan took the kids to NYC and the saw a Broadway play with the others. What will Others want to d
1289,6abcadb2bd16d078,1288,"Riley was tring to scare Tracy, but Tracy resisted Riley's attack. What will happen to Tracy?"
1290,8123e94ef5828c2e,1289,"By telling a bad joke, Lee touched a nerve with the others, who decided they wanted to leave the"
1291,1aa12364fc375fc1,1290,Alex worshiped their god in their way when Alex encountered a unprecedented challenges in his li
1292,0a845f02b7e23d76,1291,Bailey was playing a game with their friend and destroyed their enemy's base. How would you desc
1293,737124f977c6363f,1292,"Riley was hired as a real estate agent, and sold Sydney's house at an auction to the bidder. Why"
1294,f3c4bc14618f9dbf,1293,Kai swung through the trees while she was outside. How would you describe Kai?
1295,cda605e3c6a4ff20,1294,Austin kissed Riley on the mouth on a dare from his friend. What will Riley want to do next?
1296,6552efc36e5eae41,1295,"After spending the entire day hiking in the forest, Riley began to hurt all over. How would Rile"
1297,b60ea1b9a48a219f,1296,Kai handed back the computer to Will after using it to buy a product off Amazon. What will Kai w
1298,a6356b75ac6879ba,1297,Remy was proud of a song they made and made a video for it. What does Remy need to do before thi
1299,55e876a78ab1e5b4,1298,Cameron had read a book about the crusades and knew enough about the subject. Why did Cameron do
1300,3d0bfea3ae060901,1299,Remy was excited as he got ready for his first day of middle school. What does Remy need to do b
1301,cec7cd44bb777a7f,1300,Kendall took Skylar into acount when making plans for the day. How would Skylar feel as a result
1302,1d9f5aca30b48d3e,1301,"Ash was going to Hawaii on a vacation all by herself, so her husband Jesse drove Ash to the airp"
1303,37ec021ce46101fe,1302,Cameron got someone else to do the job for them. What will happen to Cameron?
1304,041ce25e7e2f7cce,1303,"Taylor was best friends with her childhood neighbor and after years of being such good friends, "
1305,fc466631f0e0b73a,1304,"Bailey had been feeling angry for a quite a while, one day she had enough and expressed her ange"
1306,c2b5dfd5ed496a7e,1305,"Whenever he was treated by a friend at a restaurant, Austin always ate steak. Why did Austin do "
1307,e2fd3ad4581b2f47,1306,The teacher gave Kendall's class a quiz. Kendall knew everything that was asked. How would Kenda
1308,825336f8c1ddb78e,1307,Carson tried to fight Robin last night but decided not to. What will happen to Robin?
1309,2c2e3bcb04f33b5d,1308,"Weary from the trip, Lee finally reached Jordan's destination. What will Jordan want to do next?"
1310,4a3402f67aa76d2b,1309,Cameron rode Jan's motorcycle after being told that she couldn't. How would Jan feel as a result
1311,683031a66bb8d376,1310,Casey kept her neighbors up all night by loudly playing reggae music on the stereo. What will ha
1312,22b34d457552d571,1311,Quinn saw their dog get hit by a car. They cried their eyes out. How would you describe Quinn?
1313,c17c500c27384237,1312,Aubrey took vitamins during those years and showed others how vitamins can keep on healthy. What
1314,7f0ac9efb932ed81,1313,robin wrapped their arms around Ash's shoulders and went in for a kiss. What will Robin want to 
1315,64b970179ff4598b,1314,Jesse went to the zoo with people from church. They saw all the animals in the zoo. How would yo
1316,ad253d700c85d69c,1315,Jan went to work on the morning of the party because she was called in. How would Jan feel after
1317,53a33ea2b49bcd8d,1316,Carson was in the movie. Carson played a soldier in the war. What will the director want to do n
1318,51723355db4b7d50,1317,"Aubrey was used to their hometown,but now they lived in Carson's environment. What will Aubrey w"
1319,0b9a3644929d38ba,1318,Robin's plane just landed so Cameron picked them up from the airport. How would Cameron feel aft
1320,52beb46153155173,1319,Alex heard that smoking reduces one's lifespan. They gave up smoking cigarettes. Why did Alex do
1321,42fd1f428197f45b,1320,Skylar was always assigned to watch the students are recess but today he and the students had re
1322,cfdd70d31ef7b868,1321,Sydney set Skylar near the edge of the Canyon so she could take a picture. What will Skylar want
1323,af80bf8d28fc613b,1322,Ash accepted Alex's invitation to the wedding at the park. What will Alex want to do next?
1324,1d0017c8fd970c7e,1323,Austin thought that they could settle it by challenging Remy to a game. Why is Remy playing the 
1325,12d30aabe2c49ed2,1324,Jordon made light of my ailment of a broken ankle. Why did Jordan do this?
1326,ace0141920d43102,1325,"Bailey's parents were out of town, so Bailey stayed at a friend's house for the night. What will"
1327,fee53efa8d3b40df,1326,Sash improved Jordan's status with the teacher when they told them what really happened. What do
1328,8da98480c63fdc9e,1327,Jordan tried to joke to his kids about their their car breaking down on a roadtrip. How would hi
1329,f3c80230fb84d843,1328,"Kendall passed away on the couch, so Cameron moved their body. How would Cameron feel afterwards"
1330,581ca55138d113d1,1329,remy was a kind person so he set up ash's tent. What will happen to Remy?
1331,4abd248f60dd9622,1330,Taylor had to throw it away because it was spoiled. How would you describe Taylor?
1332,6e9d36ba40ed3775,1331,Aubrey went on a two week camping trip. Aubrey arrived at the campsite. What will Aubrey want to
1333,2c346ee3c540ed57,1332,Bailey saved the money so that she could retire earlier than average. Why did Bailey do this?
1334,5bd0fc2cc1cae9fb,1333,Taylor answered the door after he heard the bell ring while he was in the shower. What does Tayl
1335,55d2156b31b14b92,1334,It was a race to see who could finish their homework first. Others would wonder how she finished
1336,2b2a376fba8bc9bd,1335,Lee decided to pick up Taylor's friend and give them a ride. What's going to happen to Lee?
1337,9a0561b03c6331f5,1336,Robin had a very sweet tooth and loved to eat sweet things. What does Robin need to do before th
1338,31ebd8fa1e1ebc37,1337,Lee challenged a bully to a fight when he had had enough. What will Others want to do next?
1339,3de09d5ec2305782,1338,"Carson tried to fight Robin, but Robin refused to fight. What will happen to Robin?"
1340,bd37f5cdb36b0256,1339,Aubrey was taking a test and thought hard about the answers. What does Aubrey need to do before 
1341,f0812285b80ba427,1340,Addison kept Remy up at night with her constant singing. What will Addison want to do next?
1342,928f3910610abfc7,1341,Alex couldn't believe they were able to make the escape to Mexico easily. What will Alex want to
1343,889d57a7983c2ef8,1342,Jessie got there very early in the day so they could see every animal at the zoo. What does Jess
1344,59fb558870852048,1343,"When they heard that their friend was moving this weekend and had no one to help, Taylor decided"
1345,800f8a31508291d6,1344,"Jordan was rushing out of the house to the car to get to work, and they slipped on a patch of ic"
1346,00270a72cfe604f5,1345,Quinn turned the scale on and found he was massively overweight. How would Quinn feel afterwards
1347,ac60c4111f657c48,1346,Remy cried hard and Kai comforted her until she felt better. How would Remy feel afterwards?
1348,73b145d7c70959c3,1347,"Carson turned the music up. His friend asked him to turn it down and Carson asked ""turn down for"
1349,11b2ad2296705cd2,1348,Cameron went off on her way. How would Others feel as a result?
1350,ea392670ccf194a2,1349,Alex's factory has played a large role in the economy of the town. What will Others want to do n
1351,07813421e0b76f5c,1350,Tracy went to a restaurant for her birthday. Afterwards she went home with her friends. How woul
1352,1dc1a6fc7e464cf6,1351,Alex gave Sydney a command to fold the clean laundry. How would Sydney feel as a result?
1353,3c4253e258ca4fb7,1352,Kendall had two kids they took to Taekwondo classes three times a week. What does Kendall need t
1354,8391e1b4a2b282b0,1353,Aubrey sounded good talking after months of taking speech therapy at her school. How would Other
1355,ca371a1a68a2f3db,1354,Casey joined Sasha's band and Casey ended up being the best singer in the band. What will happen
1356,21d1d4904dcd289d,1355,Robin was playing soccer and played for a long time. Why did Robin do this?
1357,322169264212aeb2,1356,Kai was standing on the edge and could fall over. How would you describe Kai?
1358,98bcd7f4b9b96812,1357,Jordan kept Carson up all night talking because Jordan's girlfriend left them and they were quit
1359,2f5ca47d83bec355,1358,kai was scared so he crowded around sydney. What will Sydney want to do next?
1360,c8bafb56f871b7f9,1359,"Tracy went camping during the weekend, but it rained so hard the tent got saturated. What will T"
1361,7ac89e6fdf260353,1360,Cameron looked at Riley expectantly when Riley said they had a gift for them. How would you desc
1362,a49ffe56502aaea2,1361,Robin pulled Carson over for speeding a hundred over the limit. What will happen to Carson?
1363,72d6b3c74fdf6014,1362,Cameron wore some very heavy clothes even thought it was hot outside and he would sweat heavily 
1364,4b25cd792495f1bb,1363,Riley knew the topic well enough that she felt she didn't need to study anymore. What will Riley
1365,33972d590702ab62,1364,Jordan wanted to move out so they got their own house. Why did Jordan do this?
1366,72ff7c2a1548bd85,1365,"Bailey had a wonderful trip, she couldn't wait to show everyone all the photos. What does Bailey"
1367,a717c9abff478e14,1366,Cameron woke up at 5:00 AM and left his house as soon as he got up despite still feeling tired. 
1368,20f822c65b438a08,1367,Tracy was Sydney's mother. Tracy took Sydney to school. What will Tracy want to do next?
1369,107a2702fa422221,1368,Carson needed their tools so Kai grabbed their tools and brought it to them. What will Carson wa
1370,9f29ff941f6424df,1369,Tracy took Jesse's students on a field trip to the museum of science and history for the afterno
1371,5cedb1634db6c803,1370,Carson didn't get any candy so Carson ate Bailey's candy. What will Bailey want to do next?
1372,83207dac67408755,1371,"Jan new there was going to be a birthday party at work, so she got dressed up and went to work o"
1373,959fda84e3622b41,1372,"Kendall is the worst player on their team. After practicing by themselves for months, Kendall sc"
1374,97e99695e0c54ff4,1373,carson knew taylor was not skilled enough and taylor proved carson's point that day. How would T
1375,72c66b5095512cd0,1374,"Bailey doesn't normally attend church, so they asked Sasha's grandma one day about church. How w"
1376,3863efae501272d3,1375,Riley began to hurt after her friend was mean to her. How would you describe Riley?
1377,562a90740d8e8286,1376,Remy resisted the urge to go on that shopping spree and left the money in their account. How wou
1378,60efffc2a3c46b58,1377,Austin recently lost 200 lbs. Austin wrapped a belt around the waist of their old pants but the 
1379,6aa4d168d2ff5aa2,1378,Bailey was in a recital and was performing for a group. Bailey started to play. What will Bailey
1380,9503985afcb9c6d5,1379,Tyler was all out of bagels so he decided to eat cereal instead. Why did Taylor do this?
1381,2f4e812e05a0bf1f,1380,Riley proved she was the best of friends by buying her buddies an expensive dinner. How would Ot
1382,841df453d1703d82,1381,"Skylar wasn't certain that they had turned off the stove, so they went back to check. What does "
1383,6d178e333af2a4f5,1382,Kai gave Ash bread because Ash hadn't eaten in a long time. What will Ash want to do next?
1384,fcd42cbe7b689823,1383,Jesse wasn't feeling good but they improved their condition. What does Jesse need to do before t
1385,1650a99059456c60,1384,riley told lee to stay so that they could have a heart to heart. What will happen to Riley?
1386,86ee283e1cf3f700,1385,Addison got a new bracelet from Robin on her birthday and Robin helped her put it on her wrist. 
1387,0062fe0d60744403,1386,Kai crowded around Sydney to help conserve heat. How would Sydney feel as a result?
1388,3fb3bacee8893362,1387,"Jan took a trip to Athens, Greece and brought their pet owls with them. Why did Jan do this?"
1389,85ef9131f98cb95d,1388,Tracy took Jesse's students to the park. Jesse had an emergency and asked her to. How would Jess
1390,02d6b92d2f4da31c,1389,Remy took the test again to see if they could do even better. How would you describe Remy?
1391,30f7bf4a1dc869f8,1390,"My dog got loose today. I looked everywhere and asked everyone, but had no luck. That evening Tr"
1392,b9a0702a2a8ebde8,1391,Robin let Carson explain why it happened in very much detail. What will Robin want to do next?
1393,608629d4bbb564c9,1392,sydney was a dramatic person so she made a mountain out of a molehill. How would Others feel as 
1394,5683dbc1f183f7ef,1393,Sasha protected the patient's information by sealing the information in a vault underground. Wha
1395,2016120c4379592b,1394,Sydney had a Christmas party and invited all the people she knew who did not have family to cele
1396,01a74d878f3f7ad9,1395,Jordan made a cup of coffee even though his boss asked him not to drink it. How would you descri
1397,d3bab043e444329f,1396,Cameron understood science better by interpreting it in terms. How would Others feel as a result
1398,3fa886f1f8c7cc5c,1397,Robin went with Jan's friends to school so that she could learn more about math that day. How wo
1399,11207a629a5849aa,1398,Robin took Kai's advice after they had a long talk. What does Robin need to do before this?
1400,472b106dbaed9a6d,1399,Riley regarded Jesse with suspicious eyes when Jesse held out the flowers. What will happen to R
1401,5dcf0dd8fee6f7bd,1400,Addison had run away from the school after being bullied. What will Others want to do next?
1402,a1b7050c4c344b4b,1401,Robin let Carson explain themself because it only seemed fair to hear their side of the story. H
1403,ed9a90103d8940d7,1402,Quinn finished the movie and cried at the ending. How would you describe Quinn?
1404,bbd1f67b0fff84d9,1403,There is alot of people here hollering but Quinn enjoyed the show anyway. What will happen to Qu
1405,37624c96bc58efef,1404,Aubrey was playing in the mud and got her new shirt dirty. What will Aubrey want to do next?
1406,49bab3b48ed969c9,1405,Kai wanted everything. But Adam ruined everything. Adam always ruins everything for Kai. What wi
1407,f327c75d53a6dad2,1406,Sasha gave the dog some pills to help it feel better. What will Sasha want to do next?
1408,3e18e41200bba9c6,1407,Cameron picked Robin up from the airport. What will happen to Robin?
1409,8a5ccc4130a3072e,1408,Austin took them out for a fancy dinner for their anniversary. What does Austin need to do befor
1410,8ef7ed56733704d2,1409,"When Austin kissed Riley on the mouth, she slipped her gum into his. What will Austin want to do"
1411,cd1592c35c5ca59a,1410,"Kendall scored points for their team, causing them to move up in the rankings and win the champi"
1412,e2c4955d0f237650,1411,Riley told Lee to stay at work a little later that night. What will happen to Lee?
1413,4681839109b4f171,1412,Carson's bearded dragon Liz needs to eat crickets so Carson emptied the box of crickets into the
1414,2834a55f3f194bf4,1413,Bailey was a shy kid at school. They made no friends. What will happen to Bailey?
1415,e738ad817eead07a,1414,Casey invited his parents over for dinner one night. He was preparing a meal and put food into t
1416,34f02ae1f7246da0,1415,Remy witnessed a horrific crime and agreed to be a witness at the accused trial. Remy entered Wi
1417,5e4163690af9c019,1416,Robin took her friend Skylar out for a nice dinner. What will happen to Skylar?
1418,03a0b757f85bcb04,1417,Austin was taking a test and found it difficult at first. How would you describe Austin?
1419,5645ed91df373052,1418,"When Casey found Aubrey drunk in their car, Casey called Aubrey's parents. What will happen to C"
1420,08458e35ae5d7a4b,1419,Kai handed back the mail after they looked at it. How would you describe Kai?
1421,cbd60568d99e3631,1420,sasha became a prison officer and served carson country. What will happen to Sasha?
1422,c0b8df26a1de9ab5,1421,Riley and Sasha went hiking. Sasha was more experienced and went ahead before realizing it and s
1423,e76c87d5a56f5031,1422,Robin wanted to get some exercise in today. Robin went to the gym from work. Why did Robin do th
1424,bdc9cf09fe050d48,1423,Kendall was furious and grabbed string and ended up wrapping in around my neck. How would Others
1425,307c781db2f8eb31,1424,"Kai stayed home from work, so Kai spent several hours online doing nothing. How would you descri"
1426,8d394794d28d013b,1425,Cameron was looking around the casino for Skylar's friends. Cameron found Skylar's friends over 
1427,0812026d17f0fb48,1426,Bailey and Jesse were both studying for a test and Bailey passed Jesse and examination booklet t
1428,a2ec4b57d7d664bb,1427,Aubrey met no one at the park despite scheduling a meeting there with their informant. What will
1429,a84a8ce40c01017b,1428,"Jordan wanted to do something special for their spouse on Valentines day, so Jordan decided to h"
1430,5498450279c47232,1429,Billy argued with Kendall about something he was completely wrong on. What will Kendall want to 
1431,2810087e0a8e0162,1430,Quinn filed for a divorce after catching her husband cheating on her with the cleaning lady. How
1432,0ea1044f5bcb2f86,1431,Alex took notice of the children who were singing at the playground. What will happen to Alex?
1433,1a856412cbaf053d,1432,Jordan made their friends laugh because he had a lot of experiences that were very interesting. 
1434,8265911668c018fa,1433,"Lee took a fertitlity pill, it worked too well and caused an unexpected event to occur. What doe"
1435,f49bbe7c3009b575,1434,Casey didn't pay attention to the weather warning because she was not currently in the area. Why
1436,4a5ef63073df6897,1435,Cameron got out of their way when he saw the others running towards him. How would Others feel a
1437,7c0d1edacfef9a37,1436,Alex paid to get her car detailed and completely cleaned inside and out. What does Alex need to 
1438,33965975a1e53381,1437,Kendall got a new puppy from the pound. They showed all their friends. What will happen to Kenda
1439,ace672d1a1b4dffe,1438,Robin left Tracy's home to get ready for her workday. What does Robin need to do before this?
1440,70257b58222fb0db,1439,Cameron was camping in the woods with a group of friends one evening. What will Cameron want to 
1441,b6a773c20fe25fbd,1440,Cameron continued playing with the dog until their mother shouted that dinner was ready. What wi
1442,97ff6dfff0d56d13,1441,Kai proudly displayed their new watch by putting it on their wrist. What does Kai need to do bef
1443,b50ee6ab96f86bfc,1442,Bailey felt bad for being late for her doctor appointment. What will Bailey want to do next?
1444,aba645040788f02f,1443,Remy wanted to learn how to sew because her favourite dress was ripped. What will Remy want to d
1445,835ac2b133e2ef98,1444,Robin decided to let Carson explain the problem to everyone more thoroughly. What will happen to
1446,ad4c144d583adf98,1445,Taylor gave rise to Kendall after he was dismissed as king for committing a crime. What will hap
1447,b9a3bf57e0965913,1446,"Remy thought she was having a boy, but Remy gave birth to a baby girl. What will Remy want to do"
1448,2021b67fbf245977,1447,Taylor proved Carson's point that day by getting the job done in a fast time. How would Carson f
1449,77d8c8e623f39636,1448,Alex made their escape into the night after stealing money out of their mother's purse. How woul
1450,f1a2dc2c2688ef59,1449,Sasha was a doctor at a hospital who had been questioned about a patient. What will happen to Sa
1451,5cb91cd0ed87cf8b,1450,Alex tied Riley with a rope and set her on fire with a match. What will Riley want to do next?
1452,957b62bfafacbb3f,1451,Robin sat at Jordan's feet because she wanted to know him a little better. Why did Robin do this
1453,0dc0a5bbfd9d0d9e,1452,Alex played a role in the economy by investing and saving in a high yield account. Why did Alex 
1454,64c8036915379f50,1453,Tracy gave it to their friend after their friend seemed to really like the object. How would you
1455,9c180d9885203eb9,1454,"Alex saw that John was having trouble finding a van to move his furniture. Alex, being kind and "
1456,77aa6184c3cef216,1455,Casey pulled the tooth to relieve the pain for their patient. Why did Casey do this?
1457,cc6f160d44376002,1456,Carson tried to fight Robin last night after Robin kissed his girlfriend. What does Carson need 
1458,7f91198dd6e84491,1457,Cameron took Aubrey to a festival with a lot of good food. How would you describe Cameron?
1459,500871bcd3285684,1458,Kai was bored at the airport while waiting for a flight. They played card games. Why did Kai do 
1460,b352aafd288769d3,1459,Bailey got a promotion at work after working there for only a week. What will Bailey want to do 
1461,5bd484309a1bba3f,1460,Quinn held onto Tracy's forms because Tracy didn't want Quinn to lose them on the bus. How would
1462,173b4e61d700c9b9,1461,Remy went into battle and helped saved the world from destruction. What does Remy need to do bef
1463,70b82e4239d6c8d8,1462,"Jordan had always been cruel, so it was no surprise when everyone was excited by his misfortune."
1464,1b2c79358be61df5,1463,Kendall got ready and snatched their journal away to keep it private. What will Kendall want to 
1465,9ad5243b854a6364,1464,Riley watched Jesse with their eyes as they walked out of the door. What will happen to Jesse?
1466,c01ad2fdd5260e22,1465,Lee's tooth had fallen out and he reached into his mouth and touched a nerve. What will Lee want
1467,2831e46a31de2383,1466,Riley was the best of friends with the boy and did not like the others. What will happen to Othe
1468,b94d0e961fef2479,1467,Alex took care of his car in the right way and painted it so many times. Why did Alex do this?
1469,e40cedd4da056fd3,1468,Ash saved the beehive from destruction because honey is good for you. How would Others feel as a
1470,3ab37a6b1495a68b,1469,Austin spent all day building and re-building the art project for class. He wasn't happy with it
1471,4d8c48ad70ae4532,1470,Lee gave Taylor's friend a handshake and sneezed on their hand. What will happen to Lee after th
1472,764e816e772bcf0e,1471,Kendall altered Lee's course to go to the movies instead of the park. How would you describe Ken
1473,a15552409e8c0d58,1472,Addison invited Austin to a party they were gonna have at the lake. Why did Addison do this?
1474,0c23e645d41d215e,1473,Bailey didn't make any friends on the trip. How would Others feel as a result?
1475,a6d70434a2e6dfb3,1474,Riley and their friend were best friends. What will happen to Others?
1476,fe2c8b8a8ae39a68,1475,Sasha gave the team a sense of inspiration when they gave a pep talk. How would Others feel as a
1477,5cc16962e62260db,1476,Kai improved Jan's work to help others understand what Jan was trying to do. What will Jan want 
1478,196d54281fdff28f,1477,Quinn was unhappy in the marriage and promptly filled for a divorce. What will Quinn want to do 
1479,67edf79c89858905,1478,Carson was already under the house working on the air conditioning and realized he forgot his to
1480,e06e3bbe00a4bc07,1479,"At home on his 10th birthday, Quinn, eager to enjoy the warm, Spring afternoon, threw a frisbee "
1481,26cb25c00461b950,1480,Carson was at a friends house and they decided to play video games. What does Carson need to do 
1482,60f4c3e2f7c06de1,1481,Kai handed back the computer. They didn't like using a Mac. How would others feel as a result?
1483,4acb59395592d829,1482,Alex grasped both of their breasts firmly and then took off running out of the dining hall laugh
1484,4f5e69d96d534e86,1483,Robin wrapped their coat around Ash's shoulders because Ash was shivering uncontrollably for a w
1485,960d8f29572bf7ae,1484,Jordan talked behind Ash's back about what they were doing. How would Ash feel as a result?
1486,f552b1f376b74116,1485,Kai swung through the bars gracefully and quickly while other children watched in awe. How would
1487,824c62c13beb0b8c,1486,Taylor caught a frog in Jan's throat because the frog was too tiny to fit. How would Taylor feel
1488,d5c967766abeb708,1487,Aubrey took tennis lessons and became a very good singles player. What will Aubrey want to do ne
1489,217cec87130de130,1488,Remy started listening to gothic music and became very dark. What will Others want to do next?
1490,3ab55f72851a2fa9,1489,Riley was working out in the garage. Riley began to hurt so bad when lifting. What does Riley ne
1491,a9400c68781e8c00,1490,Jesse stood by Cameron instead of going to the game with all his other buddies. Why did Jesse do
1492,1cce2bfee3aec170,1491,Sydney was so stressed while moving into her new apartment that she dropped the box she was carr
1493,b4925aa6907de337,1492,"Jan had been on vacation in Hawaii for a week. Last night, she finally returned home. What will "
1494,a7d2a7c532c0563a,1493,Austin built a tent on the site and it was the biggest tent on the site. Why did Austin do this?
1495,7fb1045e274c3a21,1494,Kai was injured in an automobile accident and had to spend several hours a day in bed at home as
1496,d35ebc2e65ea54c4,1495,Riley is planning on making a large holiday meal for their family. How would Riley feel afterwar
1497,95045dab88f78b10,1496,Austin gave the reader Lee an idea because he wanted to help out. How would Lee feel as a result
1498,84eced7cba980131,1497,"Sydney was being mean to people, but she felt bad afterwards. How would Sydney feel afterwards?"
1499,f7a8c91958beb880,1498,Robin went to the big party with Jan's friends after being invited. What will Robin want to do n
1500,1a89fcd2bd3aa156,1499,Bailey asked Alex to send them the pdf for the school project but Alex never did. What will happ
1501,55de0cb3dac2a0b8,1500,Tracy's hobby is woodworking. Tracy built things like baby cribs for the poor in their community
1502,d9d9383155f8974a,1501,Casey saw Aubrey stealing form the store and so she called Aubrey's parents. How would Casey fee
1503,7dfdc6629cf3710d,1502,"Seeing that she was very nice and friendly, Jan made friends with Taylor. What will Jan want to "
1504,21b266bf71f9d716,1503,Kai was good at cake decorating and made a career out of it. How would Kai feel afterwards?
1505,1d651edea560abaa,1504,Bailey had left all their toys out and their room was a mess. What will Others want to do next?
1506,30562f93f3555a75,1505,"Austin offered Sydney a position as sales manager, but at lower pay than other workers. How woul"
1507,c7830cbf4d131db8,1506,Carson was at his friend's house for a birthday party. What will happen to the friends?
1508,d66e7a4a9c4d82ea,1507,Jordan volunteered at a charity for children's welfare. How would you describe Jordan?
1509,6f386505fe32eec9,1508,Skylar stubbed his toe and cursed right afterwards. Cameron turned to look at him and make sure 
1510,aa8e656710cc083e,1509,"Although Aubrey was older and stronger, they lost to Alex in arm wrestling. How would Alex feel "
1511,9973303cb4fd5830,1510,Riley had just got home from the grocery store. Riley went and made chicken in the kitchen. Why 
1512,cb051ea2ce795cee,1511,Alex left Robin's side so she could go make a phone call. What will Alex want to do next?
1513,33b27294e5696c6e,1512,Austin batted his eyelashes when he met his blind date at the restaurant. How would you describe
1514,3e867cd77c1d7e41,1513,Riley regarded Jesse with suspicious eyes. Jesse had betrayed Riley before and Riley never forgo
1515,a77b2566b4c538df,1514,Robin went with Jan's friends to school so Jan could rest at home from being ill. What will happ
1516,232e54768be06d91,1515,Jesse couldn't wait to get back because he had a new video game to play. How would you describe 
1517,3e37fed8d453d372,1516,Alex rendered Sasha's service for the catering he needed and Sasha failed to deliver any of the 
1518,831ec3b2caf9b369,1517,Lee left a mess upon Ash after shaking the soda can and opening it in Ash's face. How would you 
1519,3f6280e15eb90f70,1518,Quinn enjoyed the book after being told they were not going to like it. What will happen to Quin
1520,6e03a7fccdbb0c1f,1519,Sasha kept the baby and started applying for jobs. What will Sasha want to do next?
1521,b142d314a50f3f90,1520,Tracy wore Sydney's jacket to school without asking for permission. How would you describe Tracy
1522,bd7955fbd5f2efee,1521,Lee wore a jacket because it was winter and it was cold. Why did Lee do this?
1523,1080b6c471edd02a,1522,Alex had a hard labor and after many complications gave birth to Sasha. What will happen to Sash
1524,a1649e4f46130eb3,1523,Riley was the best of friends with the others and didn't mind helping out. What will Others want
1525,0a97f1578e84725d,1524,Jesse said something mean to Riley and Riley looked at Jesse with hurtful eyes. How would Riley 
1526,63da15c4f2104272,1525,Addison took the test in their science class after studying all night. What will Addison want to
1527,cbf1f41beda9a68a,1526,Robin took Kai's advice on getting books at the library instead of buying them at the bookstore.
1528,a061d7b17e70dccf,1527,Bob went to Sasha's hair salon and got their hair cut. How would Sasha feel afterwards?
1529,f0dfdd61f3cef13e,1528,Jesse made decisions for Lee in their absence from the team. How would Lee feel as a result?
1530,b896a60291f96dc4,1529,Jan went out with Quinn's friends and had a great time. What does Jan need to do before this?
1531,6475b5af5c70b657,1530,Sasha spent a weekend in the mountains hiking and getting fresh air. What will Sasha want to do 
1532,d494f9c37554a6f3,1531,Sydney provided Aubrey's estimate. Aubrey looked at the paper with a straight face. What will Au
1533,40552990d849e3c1,1532,Remy gave Skylar's Netflix account password to one of Remy's other friends. How would Skylar fee
1534,c1b111d0cf9326fb,1533,Carson grew dark after having a troubled upbringing in an abusive household. What will Carson wa
1535,786d215f4ceb7159,1534,Taylor kept Quinn posted about the baseball scores that were happening that night. What will hap
1536,8b219f248a0bb8b4,1535,The teacher asked Remy a question at school. Remy answered the question correctly. What does Rem
1537,a22d87178fe3eb25,1536,Cameron shook Carson's head while Cameron was tidying up Carson's long beard. What will Carson w
1538,75ab0a086c847a90,1537,Cameron wasted money on an expensive handbag. Why did Cameron do this?
1539,3a0d60726ce83032,1538,"Austin wrapped a belt around their waist, but found that it didn't fit. What will happen to Aust"
1540,73ad88329d3650b5,1539,Alex took care of the children while their parents went out. How would Others feel as a result?
1541,922cbcf1cb999eb6,1540,Aubrey met a friend alone at the park after school on Friday. How would Others feel as a result?
1542,3f642b749bcd41e2,1541,Quinn turned the scale so the others could see it. What will Quinn want to do next?
1543,2e0e08e1fe58dd53,1542,Kai gave Ash some bread so they could make a sandwich. How would Kai feel afterwards?
1544,2cfaf5365d9f9a0c,1543,Jan was fired from their job to send a message to the other employees that anybody can be fired.
1545,66ea73bfb4e784bc,1544,jesse set robin's sock on fire while they were sleeping because they were a pyromaniac. What wil
1546,f39818c33bd2d940,1545,Quinn said a word to Casey that made him feel a lot better. What will Quinn want to do next?
1547,8a560c0a0f2a4918,1546,Sydney had to get ready for school so they put on their clothes. What does Sydney need to do bef
1548,8297683170c21476,1547,Jesse was very hungry and fulfilled their needs with a visit to the fast food drive through. Wha
1549,4287e9eda707584c,1548,Carson took Lee's risk by going skydiving with him off of the plane. What will Lee want to do af
1550,4937764ba4de584d,1549,Addison was performing in a play and threw a pie at the character. What will Addison want to do 
1551,22d5e5fa7a67268a,1550,Jan lit a fire under the porch because she was just playing around. How would Others feel as a r
1552,f7025b1888e6c7ce,1551,Casey thought too much time was being spent taking the case into account. What will Casey want t
1553,84911f14f29c73ad,1552,Tracy understood Casey's stance better after they had a long conversation together. What does Tr
1554,b3251c97dee104af,1553,Quinn watched videos on friday night to have fun. What will Quinn want to do next?
1555,b781e4f09c63eae2,1554,Kendall opened their microphone to speak but the microphone refused to work and Kendall just sto
1556,e6e45cecc3a24338,1555,Jordan wanted a place to live because she was kicked out of her home. How would Jordan feel afte
1557,3269373cfe35f2e6,1556,Addison invited Austin to join them to watch the movies. What will Addison want to do next?
1558,c7e4e0ed6d3d5c78,1557,Alex paid to get more information. How would Alex feel afterwards?
1559,fd8793658d34209a,1558,Quinn rode a motorcycle too fast on the highway and ended up with a ticket. What will Quinn want
1560,4df1913074b872e4,1559,Jordan shared their experience in the group therapy session for abuse survivors. How would Jorda
1561,79f892f14fd54e87,1560,Bailey gave birth to Taylor but couldn't take care of them. What will happen to Taylor?
1562,ec9ed2f4248bdbb3,1561,Skylar starting crying while her and her dog played together for the last time. Why did Skylar d
1563,4dd9f1c385d03516,1562,"After seeing what a mess Aubrey was, Robin changed her into clean clothes. How would you describ"
1564,743dd5c7364f31ee,1563,Kai was in high school and was taking French as an elective. Kai learned French. Why did Kai do 
1565,5adafb824907eeb8,1564,Skylar was able to ease their mind after receiving a good grade on the test. How would you descr
1566,0303053092df6c9d,1565,Taylor filled Kai's mind because of the way he made her laugh and smile. What will Taylor want t
1567,a64ac670ca564ac8,1566,"Alex and Dawn's children were running wild, so Alex stepped in took control of them. What will h"
1568,bc45e7e2c7231190,1567,Jan used Robin's approach on how to do well in a job interview. What will Jan want to do next?
1569,ce2abfec7653e9f4,1568,Jenny wanted to found out what happened to Quinn's leg and read Quinn's book about his travels w
1570,1b64ff057d4de105,1569,Remy gave the board Casey's interpretation of the facts about the case they had accepted. How wo
1571,132c6617d825d09f,1570,Taylor was telling Kai a story. They filled Kai's mind with ideas. What will happen to Kai?
1572,9c012a42f6277210,1571,Jordan wanted to be the best student so she told her classmates the incorrect answers for the te
1573,bf13444e709495cf,1572,Kendall went home with Jan's friends after the movie was over. How would you describe Kendall?
1574,4f59d7709f1c76f2,1573,Kendall drank everyday until their friends mentioned it was becoming a problem. What will Kendal
1575,c4cdc59ebfd8e62a,1574,"Aubrey lived in Carson's house, but never cleaned up after herself, annoying Carson. What will C"
1576,cbf8842ef2eb4c1e,1575,"Bailey's family was in a car accident, but Bailey was at their friend's house. What will happen "
1577,45097fefc11b8978,1576,Alex made their escape to Mexico to relax and enjoy the sights. What does Alex need to do before
1578,059e6bcb16d69361,1577,Aubrey was giving a speech and their talking sounded good to others. Why did Aubrey do this?
1579,a0ffc55485d690b0,1578,"Jan watched the snow falling through her window, suddenly her labor began and she gave birth to "
1580,c57cb7fd51d3a8c9,1579,"Kai gave Sydney a push in the right direction, and soon Sydney has a successful career. How woul"
1581,b65cfa090287d268,1580,Alex rendered Sasha service and got the job done in a few hours. What will happen to Sasha?
1582,5e550d348b8d4224,1581,lee worked hard but in the end he succumbed to cancer. What will Lee want to do next?
1583,c3fb55eaceaebbe8,1582,Taylor gave roses to her friend after her friends Grandmother Rose passed away. She also gave he
1584,37752568740d119b,1583,Jan decided to go out so she called up Quinn's friends to hang out together. How would Quinn fee
1585,829dab7923a89fe0,1584,"alex heard the funniest joke he has ever heard, so he knocked on wood. What will Alex want to do"
1586,579e244877a952fe,1585,jordan wanted to treat his son so he took him to the shoe store. What will Others want to do nex
1587,e326e83651ec622e,1586,Alex grabbed both of their girlfriend's breast when they were having sex for the first time. Wha
1588,3ed3e82e7b2e589e,1587,The surprise party was a success solely because he Casey planned everything. Why did Casey do th
1589,ee395413b5cd1c40,1588,Jan enjoys working out and staying fit. Jan woke up the morning of the party and decided to get 
1590,8c586d7d255aff77,1589,Casey stated Addison's case when she talked to the judge in his chambers. What will happen to Ca
1591,965d3306315883cc,1590,Quinn got a brand new sports car and showed it off to Casey's friends. What will Quinn want to d
1592,bd631d6390958575,1591,"Quinn wished her puppy were more playful, but she enjoyed her anyway. What will happen to Others"
1593,4c353e236cea90e6,1592,Sasha helped Jordan. What will Sasha want to do next?
1594,2837149a8c9dfbe1,1593,Lee sold things belonging to her mom without her permission. How would Lee feel afterwards?
1595,aa20ee3f4d221efc,1594,Kai updated their resume when there was an opportunity for promotion. How would you describe Kai
1596,e5c445bc1a2cc595,1595,The neighbors dogs barked all night and kept Riley up so Riley told Austin's landlord. Why did R
1597,d41be2e597dcecad,1596,Sasha gave her dog some pills after the vet said that the dog needed to be dewormed. How would O
1598,edcfac14211736ca,1597,Riley talked to their friends at the party and had a good time. How would Riley feel as a result
1599,954716ccd49108c8,1598,Carson dug around in the bag and ate Bailey's candy once he had found the stash of it. How would
1600,7537982d47a6383f,1599,Bailey passed Jesse an examination booklet and they both grabbed their pencils and waited for th
1601,76e3599a2c5061d6,1600,Carson was out a new friend's house without his other friends. How would the other friends feel 
1602,65c412ec5d5dee3c,1601,Carson took lives of chickens for a living on the farm. How would Others feel as a result?
1603,75997324b750e42f,1602,Lee saved Kai's car from destruction by grabbing the steering wheel when Kai stopped paying atte
1604,a84d0abf8bb0ca51,1603,Taylor attended their father's funeral after he passed away from cancer. What does Taylor need t
1605,7adf7e3c3c0f4d74,1604,Sasha protected the patient's information even though the parents yelled at her. What will happe
1606,93f77e1db1f829e1,1605,Quinn realized their dog ran away in the middle of the night and cried their eyes out. What does
1607,0459f0c0b142d9c2,1606,"Taylor made the assumption based on his experience. however, this time it wasn't the right assum"
1608,c026911c5c9c0dae,1607,Bailey asked Jesse to give her an exam. How would Bailey feel afterwards?
1609,5de4d81eeb73de65,1608,Jesse set Robin's sock on fire at the wild alcohol party. How would Robin feel as a result?
1610,0da86457aaff6b69,1609,Addison wanted breakfast in the morning so they ate cereal. What does Addison need to do before 
1611,0e4b377927109784,1610,Alex spent a lot of time thinking about the things he did wrong. What does Alex need to do befor
1612,286b2a1f2b63a6e6,1611,"Robin bought Addison a watch for his birthday and after he unwrapped it, Robin helped put the wa"
1613,c0454ec359325f22,1612,Bailey told Aubrey she saw her cheat on the history test. Why did Bailey do this?
1614,92cd3eb33bef1363,1613,Skylar was upset with Taylor so they asked Taylor to go. What will Taylor want to do next?
1615,1ba116787fba3baf,1614,Tracy took Sydney to school 4 hours after the bell rang the students in. How would Tracy feel af
1616,ee4f1193579df62d,1615,Bailey was Jesse's driving instructor. What will Bailey want to do next?
1617,921804f7fffc3050,1616,Riley began to hurt after her medical operation. What will Riley want to do next?
1618,60a44f7b892962c6,1617,Carson kissed Alex gently and asked if she wanted to dance at the club. What will Alex want to d
1619,04d7c5ad80884f6f,1618,Aubrey kept their friends up at night with their music. What will happen to the friends?
1620,106fbc82286ad6c2,1619,Robin went with Jan's friends to school and was unaware Jan was planning a surprise party for la
1621,c2fe90828e9ae998,1620,Jordan let others into his house. Why did Jordan do this?
1622,724867633b25c797,1621,Jesse just got a haircut and Riley was observing him with her eyes. What will happen to Jesse?
1623,9aaa6ce241cde7fe,1622,Ash accepted Alex's invitation to go to a birthday party. What will Ash want to do next?
1624,c6cd48df47ef15d0,1623,Sasha had a long weekend coming up and was celebrating a birthday. What will Sasha want to do ne
1625,ebc59926d559d1a8,1624,Riley was running late for her martial arts lessons. Riley had to get to the dojo on the other s
1626,5b325041943cc329,1625,Casey saved some money by working overtime to go on a vacation. How would Casey feel afterwards?
1627,73e8e7ed1ca06cc1,1626,kendall went along with jan's friends but didn't invite jan along because they didn't like jan. 
1628,beb4d6a66490af53,1627,Jesse went apple picking on a raining day. What does Jesse need to do before this?
1629,85845088eabb958d,1628,Quinn afforded every car after winning a lot of money on the Power ball ticket. What does Quinn 
1630,eaa0b6e3a35eabad,1629,Austin moved his body to the music when the band began playing again. How would Austin feel afte
1631,060dfccff4b48574,1630,"Carson was trying to study for a big test, so Carson turned Sydney's music down. Why did Carson "
1632,14819c9551ea2d5c,1631,"Skylar loved riding dirt bikes, even though their family thought it was dangerous. When they cra"
1633,a916dbf41dd62b9f,1632,Jesse drove Ash to the airport and dropped them off at the airport with ease. How would Jesse fe
1634,b14fadf9c013e31f,1633,"Jesse had made plans with Cameron to go to the dance, but instead stood Cameron up. What will Ca"
1635,84dcc9a20c5a4087,1634,"Bailey has wanted a child for a long time, and finally got pregnant. What will happen to Bailey?"
1636,e588ad3eceb9129f,1635,Skylar reluctantly agreed to go to the play this coming Friday. What will Skylar want to do next
1637,ab915ab953f1ce1d,1636,Jan gave birth to a daughter yesterday. Why did Jan do this?
1638,9e039eb65ccaceff,1637,Carson attended school at 5:00 am every day before sun raised. What does Carson need to do befor
1639,0c01e0e55a24c3d2,1638,Sasha got revenge on her friends because of the earlier prank. Why did Sasha do this?
1640,bbf51b220d1a19e5,1639,Taylor gave their partner a kiss on the lips and wished each other a goodnight. What will happen
1641,fc4f2adb42ff3bea,1640,"Taylor had a huge test to take, but Kai kept Taylor calm while they were studying. How would Tay"
1642,0388295bc6aa0519,1641,Bailey is taking a class with Aubrey and the two are taking a test. What does Bailey need to do 
1643,8eee7ba296e511d9,1642,Taylor gave a raise and a promotion to Kendall. How would you describe Taylor?
1644,d8d166af5261e847,1643,Kendall witnessed a bully stuffing kids' heads in lockers so she went up to the bully to put an 
1645,bb526fdcc9701935,1644,Robin let Carson explain themself to the authorities so that they could best understand the situ
1646,d2445aa2b7b022a2,1645,"Taylor was trying to speak but was being talked over, so Taylor got louder as they raised their "
1647,d490ea93f9d899ee,1646,Tracy knew that men erased women from history so Tracy threw doubts on the history. How would Tr
1648,7c1ab3194e230e10,1647,Aubrey was practicing her violin all night. How would others feel as a result?
1649,c741cc44c452c8d2,1648,Remy gave Me Skylar's Netflix account information to pay the subscription fee. What will Skylar 
1650,76965b0c0b1117e5,1649,Skylar put her daughters mind at ease after she claimed to see a creature in her room. How would
1651,b0402a1218d9bf00,1650,Addison ate all the cereal before her brother woke up and could have any. Why did Addison do thi
1652,5fcdd8c0934c0852,1651,Robin lost their wallet. What will happen to Others?
1653,3116bd7e57eaaa3b,1652,Alex gave birth to Sasha that summer in the early morning. What will Sasha want to do next?
1654,ea637f235aa96195,1653,"Jesse was tasked by Addison to babysit, walk, and care for her dog. What will happen to Jesse?"
1655,4cc20f11851a229b,1654,Kendall set a fire in the school and everyone got out of there quick. What will Sydney want to d
1656,34f3bfc23e3cab8d,1655,"Cameron's best friend Robin was flying to visit Cameron, so Cameron had to go pick them up from "
1657,8e4b6f89cc1c04cf,1656,Kai looked at Jan's picture and made it perfect. How would Jan feel as a result?
1658,8202e4f6a128ba7f,1657,"Remy had a big presentation he had to get done, so Remy was working late tonight. What will Remy"
1659,638661b41a569548,1658,Cameron looked at Riley expectantly as if if demanded acknowledgement from him. How would Camero
1660,2e689a2c9e36d5cf,1659,"Austin had more than they could handle, so Austin offered Sydney a position at work. How would y"
1661,81b81aae48fd91d3,1660,"Taylor´s friend had to get to the airport but had missed the bus, however Lee was going that dir"
1662,7cc2826345f5bef0,1661,Jan was best friends with their teacher for years until the teacher passed away unexpectedly and
1663,e6201bf91be5af8e,1662,Jan went off to college and found new friends. What will the friends want to do next?
1664,917114cdaabb54df,1663,Austin built a shed on the site so that they had something to put their tools in. What will Aust
1665,aabaa658059b7143,1664,tracy hit a deer but the car was fine so tracy continued driving to school. How would you descri
1666,7ccf96493066e485,1665,"Jesse was pet sitting for Addison, so Jesse came to Addison's house and walked their dog. What d"
1667,c4383bbdf4cc938b,1666,Carson gave them some milk when they were eating cookies. What will happen to others?
1668,1e2ee017f0269398,1667,Ash was cut short by the speaker at the conference. How would you describe Ash?
1669,164d7f4ac0131638,1668,Casey wrote a book that happened to mention all of his friends. What does Jordan need to do befo
1670,442c89f2c59ee213,1669,Alex landed on Taylor's back after being thrown from across the room at the bar. How would Taylo
1671,6cdd3f7bfee331df,1670,Bailey was trying to kill Aubrey so Bailey held Aubrey's breath. What will Aubrey want to do nex
1672,581937da8cb8758b,1671,Aubrey felt a lump in her breast and was so concerned that they confided in their closest friend
1673,9f7a4d0075e49d24,1672,"Taylor heard someone use an unfamiliar word, so they looked up the definition of it online. What"
1674,721fc57a4a72cb70,1673,Jordan affected children's happiness by always yelling at them and telling them no. How would yo
1675,254aaef36bdc15b5,1674,Aubrey took tennis lessons as a method to get in shape. What does Aubrey need to do before this?
1676,7e1c47a2277f825b,1675,Tracy took Jesse's music students to the park for a concert because Jesse was running late. How 
1677,90ba7ae25dde549d,1676,Kai practiced her dance routine for months on end. How would you describe Kai?
1678,c75aea49be91956d,1677,"Even though the biological father was in jail, Sasha kept the baby. Why did Sasha do this?"
1679,444ed1d9ae968c95,1678,Remy supplied the needs of all the children during the power outage. Why did Remy do this?
1680,cdb5d07b908601cb,1679,Cameron was talking to Skylar and looked at him as he talked to them. Why did Cameron do this?
1681,3a0065f6e59eab33,1680,Addison turned their music down because they were making noise. How would you describe Addison?
1682,4dfe2cad92714fa5,1681,Sasha was playing baseball for so long and got tired. How would you describe Sasha?
1683,ba1a1082eac26990,1682,"Remy supplied everything to the store, but the order was wrong. What will Remy want to do next?"
1684,754704d2b6ea32df,1683,Sydney asked mom if Ash could have one more piece of pie after they ate all of their dinner. How
1685,71c3bda5528c7f05,1684,"After their spouses death, Aubrey was responsible for taking care of all their children alone, s"
1686,e81f4ee0149c4190,1685,Austin sat on Bailey's lap and fell asleep after being up all night. How would Bailey feel as a 
1687,9ed0d19a5e691806,1686,"Robin enjoyed day dreaming on lazy Sunday afternoons. One time, Robin had a fantasy about chasin"
1688,03337e9788a211f6,1687,Cameron moved Kendall's body into a trash bag. Why did Cameron do this?
1689,39fd0ede2808bf3d,1688,"Casey finds a baby kitten outside during a bad storm. It cries all night for it's mother, the ne"
1690,fa36f472458c8cc9,1689,Sasha wet the bed after having a dream about really having to pee. How would you describe Sasha?
1691,6a72722cdc738071,1690,Kai was at the farmer's market and they sold their cow to the bidder. What will Kai want to do n
1692,57e6134da3130c4c,1691,taylor's child was sick in the hospital and taylor told quinn she would keep her posted. What wi
1693,976985740a8d7d84,1692,"kai stopped a fight so, he grabbed carson's tools and put them away. What will Carson want to do"
1694,338a07bdc0849017,1693,Kai gave Sydney a push on the playground swing. How would Sydney feel as a result?
1695,3f0cbe17f124270a,1694,Cameron had to put up or shut up during the blackjack game. How would Cameron feel afterwards?
1696,7fa8d19f0abbdf22,1695,Robin refused to pay for it and was soon arrested for petty theft that night. What will happen t
1697,ad68f2ca2c50d7f9,1696,Jordan left his at book home. He had to have it for his upcoming class. What does Jordan need to
1698,cae3daae2833baea,1697,Bailey spent a lot of time studying and working hard before taking an exam. How would Bailey fee
1699,6a77a440ddfa79a1,1698,Ash had fallen off his bike and broke his ankle so Alex checked to see if he was okay. What will
1700,cbbf800cb32a57aa,1699,Jan had a long intensive labor but gave birth to a daughter that day. How would you describe Jan
1701,070f5f4269ea6ccc,1700,"Carson was home alone for a while listening to his music, when he saw that his mom had come home"
1702,dca09443b6c902a1,1701,Robin's house was scheduled to be demolished. Jesse set Robin's house on fire. How would you des
1703,f689e31400a67478,1702,Aubrey never told Riley because Riley would be very upset that Aubrey betrayed them. How would A
1704,ee415e9d43d824ba,1703,Robin changed their baby Aubrey into a swimsuit before they both went swimming in the pool. What
1705,44298e7d3a00ac1f,1704,Kai talked about politics with their colleagues. What will Kai want to do next?
1706,37631252cde828e6,1705,Riley was not able to get a word in during the heated argument. What will Riley want to do next?
1707,a51b77195570641c,1706,"Aubrey took many medications during the years which helped with their painful condition, but als"
1708,489892b92f5c3774,1707,Austin blew a huge cloud of smoke into the air in front of all their friends. Why did Austin do 
1709,fa8ba1f4f03bf677,1708,Lee told his friends that he solved the worlds problem in his dream by encouraging peaceful disc
1710,13602a7fe3adeaaa,1709,Sasha saw a new movie with their friends and it was good. How would you describe Sasha?
1711,883e864bb57b92b6,1710,Kendall went to a bar and drank booze every night. Why did Kendall do this?
1712,6770b5d4805e896d,1711,Casey saved some money because Casey wanted to have more money for whatever can happen. Why did 
1713,773858d388a6d921,1712,"Robin was playing hide and seek with their sibling, Robin was hiding under the bed and when some"
1714,b6dfccbdec652b90,1713,Jordan ran quickly to the store to get some donuts. How would you describe Jordan?
1715,65330a6ab78c4da7,1714,Sasha wet the bed after drinking a large soda before bed. What does Sasha need to do before this
1716,a8a5feae37f09742,1715,Tracy received a promotion after she worked long hard hours for the past few months. What will T
1717,cbaba3b6e57de45d,1716,Tracy had excellent credit so she decided to buy the old house on the street. What does Tracy ne
1718,47664b884b6dda72,1717,Aubrey wrote Tracy's novel because Tracy was a well known author but didn't have very much talen
1719,b22a2323076a6851,1718,"Jesse was working for Edward Nigma. So, Jesse set Robin's case on fire. What will happen to Robi"
1720,a903dd282b268c39,1719,Carson wanted to travel to Jesse's town because Jesse had always talked about what a great place
1721,0483fb92dd8db108,1720,"Robin studied hard the night before, and found the test to be very easy. Robin finished the test"
1722,88f368704759bd74,1721,Bailey asked Sasha's grandma about church because they wanted to know more about it. What will h
1723,d70a1b6ef2bf3291,1722,Alex gave up smoking cigarettes because he hated the smell. How would Alex feel afterwards?
1724,556cd89ba672382c,1723,Bailey saw that Ash was feeling down and reached over to hold Ash's hand. How would you describe
1725,d98297fcd86c2794,1724,Carson asked if Robin wanted to go eat. Robin shook their head no. How would Carson feel as a re
1726,9875dfac107524d2,1725,Lee sold things to the others and they were happy with their purchases. What will Others want to
1727,57dc2009faa911e7,1726,Skylar got their friends together and they all went on a camping trip. Why did Skylar do this?
1728,e86511b1fc8dc1d1,1727,"Taylor was best friends with a co-worker, so they got lunch at the yummy pizza place. What will "
1729,e311db98cbbc338d,1728,Alex stole money from the children to pay for his drugs. What will happen to Alex?
1730,978d86ded2205e22,1729,Austin knew Remy didn't want to play but Austin challenged Remy to a game anyway. What will happ
1731,90f07ce49747b2a0,1730,"Quinn threw the frisbee very far, so the dog will have a challenge. How would Quinn feel afterwa"
1732,45d29314296a4b60,1731,Kai gave Ash some bread and stuff from the deli to make a sandwich. How would Ash feel as a resu
1733,f981a8b588a578a5,1732,"Ash was nervous, and cringed when they missed a step, but knew that the best thing to do is push"
1734,0ccfdd4dbf7e9bbd,1733,"Lee was going to be a teacher, but Kendall Kendall altered Lee's course and they became a doctor"
1735,4c36385fb49a10a1,1734,Addison invited Austin to join the group with them. What will Addison want to do next?
1736,c4e453ca7c00e8c0,1735,"When Jan saw Jesse the bully coming around the corner, Jan played dumb. Why did Jan do this?"
1737,cf5a22a38e0706c6,1736,"After seeing them go 95 mph, Aubrey pulled them over for speeding on a 55 mph highway. How would"
1738,ec5c3a5aa57e4aa6,1737,Sasha woke up early and arrived just in time for the job interview. How would you describe Sasha
1739,cb335cdfc4820968,1738,Alex was annoyed their pants kept falling down so they tightened the belt around their waist. Wh
1740,606464646dad3edb,1739,Kai went with her friend and saw the new Lee movie. What does Kai need to do before this?
1741,15de36559c008476,1740,"Taylor's father was going to marry his long time girlfriend, Anna. What does Taylor need to do b"
1742,1ceee2477b794e24,1741,Lee tried to remain calm when the situation turned sour. How would Lee feel afterwards?
1743,f56ad3613d109332,1742,Austin's friend smoked near him. Austin blew the smoke away. How would Austin feel afterwards?
1744,8804ed2a141126d9,1743,Skylar Joined Sasha to wait in line at the movies. What will Skylar want to do next?
1745,4d786bfa11b2bb91,1744,Tracy gave birth to Addison and it was a healthy baby with some hair. What will Addison want to 
1746,266114f2bef071ae,1745,Jesse went camping with Addison's friends and told scary stories. Why did Jesse do this?
1747,5f579c87d81038e9,1746,Taylor's friends elected her to lead the planning of the girls only trip in May. What will the f
1748,723ad9e0bcb425e7,1747,Robin was very good at playing the flute and could play it long. What does Robin need to do befo
1749,7bfe851502bd1621,1748,Aubrey helped Alex with a task. What will Alex want to do next?
1750,28696171fb50eb41,1749,Ash threw himself into Sasha's arm having not seen her in over 10 years. What will happen to Ash
1751,2b74744375e6c885,1750,Taylor proved Carson's point last night when they spoke about the issue. Why did Taylor do this?
1752,c27166f0a68e6b78,1751,Austin moved their body from the crime scene so cops wouldn't find it. What will Austin want to 
1753,7143528e2a0f5c42,1752,"Jesse was in a rut at work, so he started working harder to improve his condition. Why did Jesse"
1754,11067387ac5f29eb,1753,It had snowed overnight and Quinn was playing in the snow. What does Quinn need to do before thi
1755,a2b62d7bf167f6ce,1754,Kai grabbed Carson's tools for him when Carson forgot them at work. How would Kai feel afterward
1756,153a0f39a1423266,1755,Jesse was going to stand alone but stood by Carson instead to keep them company. How would Camer
1757,624330119cca941c,1756,Jordan decided to have a picnic in the park to cheer his sister up. How would you describe Jorda
1758,1f85f61906d063da,1757,Jordan and their classmates were studing in the park but Jordan saw a beautiful bird so Jordan l
1759,efecd8600252d8da,1758,Jordan won a car when they entered a raffle. What will Jordan want to do next?
1760,07418dcaf16e6cdc,1759,"Kai had a leading flim business, but never embraced digital, 20 years later the company went the"
1761,0d7ff725b74058fd,1760,Remy explained to Aubrey again how upset he was that she didn't show up for dinner. What will Au
1762,2ab390457b090110,1761,Jan wrapped a necklace around Sydney's neck after she presented it to her for her birthday. What
1763,764606f8e41c7f55,1762,Riley talked to their friends about the baseball game at the park. What will Others want to do n
1764,9f8e55a50a823194,1763,"Riley was being held captive, but they were able to break loose from the house. What will Riley "
1765,6085b833e9b6c35b,1764,Tracy crowded around them because they wanted to intimated them a lot. What will Tracy want to d
1766,576e5eb64e960f08,1765,Remy answered the question correctly when the teacher called on them in class. How would Others 
1767,d01a1bb9d56cc199,1766,Casey went camping with the others and everyone was looking forward to fishing. What will happen
1768,0241f9b36c4b7993,1767,Cameron took Carson away for a long time. Cameron had much to tell Carson about. What will Camer
1769,0523e9b31adc86a6,1768,Jesse set their friend Robin's hair on fire by accident and Robin ran to get water. How would yo
1770,1eacb3ab7625bceb,1769,Kendall poured water on the fire to put it out safely. Why did Kendall do this?
1771,f13f85f7ca9b1b7f,1770,Robin pulled Carson over for speeding when Carson was going 1 mile over the limit. What will Car
1772,baf3c803e5c8b44e,1771,Cameron continued playing with the dog to the point he stayed out till it was dark. What does Ca
1773,96e550e277244a82,1772,Austin got an email from a guy that told him to meet him at the beach. What will Austin want to 
1774,eb408e8bba331538,1773,Cameron interpreted science in terms everyone in the class could understand. Why did Cameron do 
1775,51e55c0a2edf5918,1774,Quinn turned on the microwave to heat up left overs for dinner. What will Others want to do next
1776,4f96629e7de5b870,1775,Jesse showed Sydney's friends how to bake a cake when they were all together. Why did Jesse do t
1777,039f028abbccc8f7,1776,jesse paid another team member to throw the match because they had a lot of money on the game. W
1778,ce5d470f7cb1c6b0,1777,robin changed aubrey's clothes before the event so that aubrey would look nice in front of the c
1779,bab183d3c8c4bd2f,1778,Riley is the most popular student in the school. What will Others want to do next?
1780,2c83a150539f6470,1779,Aubrey never told Riley the answer and was glad to maintain her privacy. How would Aubrey feel a
1781,d325934e77d41574,1780,Riley had fallen off his bike making a turn. Riley began to hurt and held his arm. How would Ril
1782,53753668d69cdae4,1781,Robin thanked Tracy for the contributions she brought to the group all together. What will happe
1783,0be98c1a92643b89,1782,Kai felt she was missing something when she discovered she lost her wallet. How would you descri
1784,b37b8e8994e87bb2,1783,Kendall lost their shirt at the concert yesterday after it was torn off while crowd surfing. How
1785,3926da531add8183,1784,Robin has the power to fire anybody working on their team. How would Others feel as a result?
1786,94d029b581700dbd,1785,"Tracy loves camping and being outside in nature, they don't like being cooped up in the city. Wh"
1787,3254efb64e28ea40,1786,Sydney knew Addison had a headache so he rubber her head. How would you describe Sydney?
1788,524e24f2aa583b83,1787,Riley punished their child and knew that lesson will be enough. How would you describe Riley?
1789,e514e56209c01f16,1788,Remy made more friends when she started high school that year. What will happen to Others?
1790,93cf0065272413ca,1789,"After she graduated, Jordan would teach English in schools. What does Jordan need to do before t"
1791,638dd6b908aec065,1790,Riley regarded Jesse with observant eyes to watch over the children at the daycare. Why did Rile
1792,04c2eb0d07a1eaa4,1791,Alex gave Sasha service to her car today. How would Alex feel afterwards?
1793,00abaa954d691762,1792,Jesse got angry with Robin and set their car on fire. What will Jesse want to do next?
1794,809921da9fb2443b,1793,Carson shook Jan's head again looking to get the spine properly aligned after surgery. What will
1795,6f05fdc98fbafe11,1794,Cameron went out of her way to give food to the homeless man. How would you describe Cameron?
1796,f4eb6aa27b5b20c3,1795,Aubrey has always been there for Alex. Aubrey fulfilled Alex's needs. What does Aubrey need to d
1797,527d9eca8e6f48a2,1796,Remy moved to a new city. They made more friends. Why did Remy do this?
1798,cb2b60f61b5df2ee,1797,Austin's family was celebrating their parents 50th anniversary during dinner at a new restaurant
1799,8bb3df6e28d5ba28,1798,While on vacation Kendall caught three fish for dinner. What will Kendall want to do next?
1800,b956dc2ec9c76c03,1799,Robin was confronted by another staff member at their team meeting. What will Robin want to do n
1801,e034ec9fdaa5112d,1800,"After rushing to make it to the gate, Robin missed his flight, so Cameron picked him up from the"
1802,6cdcb135c303a515,1801,Kai made a career out if his hobby after his normal job did not look very promising. Why did Kai
1803,530d1e09238b519b,1802,Remy saved the building from destruction by stopping the timer. What will Remy want to do next?
1804,9bdfba2ae0c274f8,1803,Sasha got revenge on her friends after they made a joke about her. What will Others want to do n
1805,3a8b3e80620c349a,1804,Remy played darts for an hour at the tavern on his way home from work that night. What will Remy
1806,65679866c32dc175,1805,Lee gave birth to children but did not have any diapers or baby supplies. What will Others want 
1807,9615299aa4247763,1806,Addison asked Austin to come to the party. Why did Addison do this?
1808,7ff26472b023e894,1807,Kendall was hardworking and wanted to keep everyone on her team on track. What will Kendall want
1809,c98147d9e6c8b55c,1808,Tracy crossed the rubicon because they wanted to cross it and be the best. What does Tracy need 
1810,05f2719947817ee1,1809,Alex made Casey escape jail by blowing a hole in the wall so they could go find the buried money
1811,1669cb005bcd1086,1810,Sydney was trying to get the kitchen mopped but Austin interfered by walking in the kitchen repe
1812,4dbc658e3edfad7b,1811,Sydney guessed you could say that Sydney loved teaching and teaches chemistry. What will the stu
1813,351f2f2b3d2c6ddf,1812,Jan had learned about misogyny all her life and gave birth to a daughter that evening. What will
1814,be931ba127765665,1813,cameron was bored out of his mind so he left the show early. How would you describe Cameron?
1815,63f8a556785af116,1814,"As the room filled and got louder, Taylor got louder. Why did Taylor do this?"
1816,565ce1b95d4a4fb2,1815,bailey decided to play a card game with her friends. Bailey held the cards. How would Others fee
1817,40311e3f7e65edc8,1816,"After having it spoken discreetly to him, Taylor repeated the lord's request loudly for all to h"
1818,566a7643f80e2af5,1817,Carson gave their friend some milk and cookies while they were playing games. What will happen t
1819,41772a532f303091,1818,"Carson learned a lot in school, as well as taking self-paced courses online, reading books, and "
1820,e3a08aa8b6147c15,1819,Quinn colored her hair a light ghosted grey color. How would Quinn feel afterwards?
1821,0f86ecf3d56436c1,1820,"Wanting to get away from friends and family, Sasha spent a weekend in the mountains. How would O"
1822,397f174194ca8ba1,1821,Cameron took Kai's complaint seriously and issues the complaint to the police for a serious inve
1823,1f25846c74830abd,1822,Riley made friends easily and had a big social circle very quickly. How would you describe Riley
1824,504c7bd8997685af,1823,Tracy went camping during the weekend for the first time in their life. What does Tracy need to 
1825,7025cfd47ca4c0dd,1824,"When Remy's tire went flat on his way to work, he said a bad word. Why did Remy do this?"
1826,02f607d1840c890a,1825,Taylor gave his friend a high five after he got a strike in bowling. What will happen to Others?
1827,659193f3773ae239,1826,Aubrey agree to help Sasha since she needed to move into her new apartment immediately but didn'
1828,8b2915893d771409,1827,Carson shook Jan's head again to wake her up after the accident. What will Jan want to do next?
1829,f094e2a707b3ee6d,1828,Robin's boyfriend got on one knee to propose. Robin held their breath. How would Robin feel afte
1830,2cda65e892a3adf1,1829,Aubrey fulfilled Alex's requests. What will Aubrey want to do next?
1831,9a41851c2e3355fb,1830,Cameron moved Kendall's body because they didn't want anyone to see. What will Cameron want to d
1832,890ee00aeb9ace22,1831,Austin blew smoke from his lips as he sat on the bench and puffed on his pipe. What does Austin 
1833,bd45284221a67616,1832,Addison took long walks on the beach to lose weight. How would Addison feel afterwards?
1834,5fb72d6388a1d964,1833,Jesse was wondering if they got into a school. They checked the mail every day. What does Jesse 
1835,7ef77c2041ccc130,1834,Cameron got to the restaurant and decided to order some pizza there. How would Others feel as a 
1836,76b46572f1e2f641,1835,Austin wrapped their jacket around their waist to free their hands to help move boxes. What will
1837,33beda6f5ca21699,1836,Jan went to a party and started talking to one of her friends that she cared about a lot. How wo
1838,de172c6be44060ae,1837,Austin loved Sydney's neighbor that they asked their parents to move near them. What will Sydney
1839,0d84044e058c9900,1838,Robin took a long time to get in the car with her broken leg. How would Robin feel afterwards?
1840,095647cba25dcbda,1839,Jesse took years to complete college but finally got his degree. What will Jesse want to do next
1841,86f45a66d820d3bd,1840,Cameron drove nearly three hours so that he could pick Robin up from the nearest airport. What w
1842,924224967fdd424c,1841,Quin did not consider that his words may have the feelings of others. What will Others want to d
1843,850b1f08519842c5,1842,Ash always performed better at his workplace after a warm cup of coffee. What will Ash want to d
1844,3bffcf3fac59ed8b,1843,Austin went fishing to the lake with Carson and some friends that night. What will happen to Car
1845,940c67274fef42a9,1844,Sasha was the most popular girl in school when she accepted Jordan's invitation to go on a date.
1846,0d01803cc2b3f87f,1845,Kai wanted to do something fun for the weekend. Kai went camping with friends. How would Others 
1847,549794b211cda105,1846,Carson told Lee it was risky. Lee looked at Carson in deep thought. What will Carson want to do 
1848,50d329a93d5d2ff4,1847,Bailey passed Jesse an examination booklet after she decided not to study that subject anymore. 
1849,39e599cf36d4f1be,1848,Riley played a part in the revolution while it was still in the planning phases. What will Riley
1850,542aaa9f43afc0cc,1849,Skylar was outdoors in the wintertime and pulled the wool over their eyes and face. How would yo
1851,407f4d35b162607b,1850,Skylar joined Sasha's ranks as one of the only employees to never miss a day of work in 5 years.
1852,f699a9bd6f02e531,1851,Lee left a mess upon Ash's bedroom after they were done playing. What will happen to Lee?
1853,eb7ff5ff71321936,1852,Skylar distributed the data in several forms without double checking the figures. What does Skyl
1854,9d35b55ba44ece16,1853,Aubrey sounded good today considering they had been sick last week. How would Aubrey feel as a r
1855,d823cb479b162448,1854,"Sasha was taking a train back to school, so Jan took Sasha to the station. What does Jan need to"
1856,65cf41cbdc4d780c,1855,Sydney opened a savings account after she won 1 million dollars from the lottery. Why did Sydney
1857,b3a530965934ff38,1856,Austin noticed that the pants did not fit well so Austin wrapped a belt around the waist. What d
1858,cb8e38397e3ca358,1857,Kai wanted to help out at work so they brought Carson's tools to them. What will Kai want to do 
1859,e955cb389d7482e4,1858,Jordan wanted to buy Kendall a birthday gift so they went to the pet store. What does Jordan nee
1860,107714b99c548ebb,1859,"Carson knew they were right, and Taylor proved Carson's point. What will happen to Taylor?"
1861,236d0406bac361c8,1860,Cameron was going to go to the zoo and asked if my kids could go. Cameron took my children and I
1862,c287dd5ff9c6b6da,1861,taylor recruited kai into his cult and filled his mind with ideas. Why did Taylor do this?
1863,a939f144e68b05d6,1862,Tracy crossed the rubicon with her pack and equipment. How would Tracy feel afterwards?
1864,0a9b972c328caf0b,1863,Jan took the kids to NYC to see a show of one of their favorite artist. Why did Jan do this?
1865,0513b31d91134ebe,1864,kai grabbed carson's tools and stole them to get back at carson. What will Carson want to do nex
1866,e9671577bf61ff57,1865,Taylor invited Sasha to join Riley at the county fair this weekend. How would Sasha feel as a re
1867,cfc361d1311bd643,1866,"Sasha got very tired, so she took a nap. How would Sasha feel afterwards?"
1868,7b297a882186f825,1867,"After planning and hoping for many years, Tracy gave birth to Addison. Why did Tracy do this?"
1869,dff8cecce60f0235,1868,Austin had fun one night watcing movies with their friends. How would Austin feel afterwards?
1870,1226323e494ba4d2,1869,Remy started to dance because he had been drinking. How would Remy feel afterwards?
1871,b7858fb0d6896bec,1870,Riley screamed in pain as the person across from them smashed their fists into Riley. What does 
1872,c647dd7cc541528f,1871,Taylor was waiting on the birth of his child. Quinn had asked about the baby and Taylor was goin
1873,a32de5cfdc948c70,1872,"When Riley noticed Jesse, he stared at him with suspicious eyes. What will Jesse want to do next"
1874,36f47bfe82dadd3e,1873,Jordan was going for a walk and brought the kids. What does Jordan need to do before this?
1875,97cd682d7534385a,1874,kendall was a nice and caring person so she wrapped a scarf around my neck. How would Others fee
1876,242c826298f2ff96,1875,Riley went out to the club with some friends excited for the weekend. What will Others want to d
1877,4176476e8db080f6,1876,Lee gave Taylor's friend a ride to the store when Taylor was unable to help. What will Taylor do
1878,420d49830a24d535,1877,Lee found their friends at the food court at the mall. What will Lee want to do next?
1879,2987525562edc8a0,1878,Kai studied all day and finished her homework first. What does Kai need to do before this?
1880,1953ce6cfe1aa0aa,1879,Quinn had gotten in a fight with their friend and then Quinn rubbed salt in the wound. How would
1881,07508a80ca59b910,1880,Alex looked it up online when she couldn't find the information in a book. How would Alex feel a
1882,9273d3535ec822ec,1881,Casey called Aubrey's parents and wanted to find out information on Aubrey's birthday. What will
1883,658f70e7704f091f,1882,"Jordan felt bad after eating a rotten apple, but didn't care. How would you describe Jordan?"
1884,a8f8953fbf73b24f,1883,"As it was part of his duties, Alex carried Robin into the execution. What will Alex want to do n"
1885,75c0dbe1054745c7,1884,Carson's son was not allowed on the Other's football team because of his poor eyesight. Carson t
1886,ceac99b470ca55e5,1885,Tracy crossed the Rubicon and went across to see everything else. What will Tracy want to do nex
1887,dd80d978625a150e,1886,Kendall caught Jordan's eyes when Kendall wore a new dress for the party. How would Kendall feel
1888,a96c3db9316282c1,1887,Aubrey went to the park for a walk and met a stranger there. What will Aubrey want to do next?
1889,d22a4c62b66ee1de,1888,Casey told their problems to the mail person that delivered to their home. What will Casey want 
1890,3138a66e7967ef7e,1889,"Even though they were quite embarrassed to miss a problem in front of the entire class, Quinn st"
1891,33ac65c9ccb58dae,1890,Carson smoked their pipe but only outside in the yard. Why did Carson do this?
1892,cf4483f60eba96e6,1891,Kendall had two kids and didn't want to take care of them so they dropped the kids off at a fire
1893,06d54922021b1a38,1892,After much discussion it was decided that Tracy had done the most research. Quinn held a meeting
1894,e7b2500fa31cc522,1893,Skylar took a gander at the dogs as he was looking at them in the store. Why did Skylar do this?
1895,ecdc70b8af3fda42,1894,Taylor gave their friend a hug in front of all the others. What will Others want to do next?
1896,79c6d52b0041909b,1895,Tracy went out with their friends and Tracy decided to pay for their entire bill for everyone. H
1897,745ef55961f7927a,1896,Jan decided to quit their job to get a better job as a banker. What will happen to Others?
1898,b5edc5dc6174b18e,1897,Jan wasted all their money when she went gambling. What will Jan want to do next?
1899,e9d1d29d5992eeec,1898,"Austin was feeling generous after getting a big bonus at work, so Austin took the family out to "
1900,908913e5ee3d634e,1899,Remy was caught between two groups of protesters that wanted to fight. Remy prevented the people
1901,8bab795c8ecacc0a,1900,"Looking to get away from the crowd, Jordan ran quickly. How would Jordan feel afterwards?"
1902,21edbabbfa038070,1901,Quinn just got a promotion. They moved into a new and larger house. What will Quinn want to do n
1903,7be5d14867cd06ab,1902,Kai grabbed Carson's tools and put them away because Carson was being lazy. How would Kai feel a
1904,8bb1c4859e770d68,1903,Jesse used notes throughout this book to learn as much as they could. How would you describe Jes
1905,af2e6b0bffb994a0,1904,Jesse said something mean to Riley and Riley regarded them with hurtful eyes. What will Riley wa
1906,056d4ad779419afb,1905,Aubrey didn't use sugar anymore in order to lose weight. What will Aubrey want to do next?
1907,b79f28b54aa7ce38,1906,Kendall drank every night with their friends. How would Kendall feel afterwards?
1908,5068e83335096454,1907,"Riley wanted to show off their cooking skills, so Riley made fish in the kitchen. What will Rile"
1909,3796f8a67b0c1c0a,1908,Mark offered Austin chocolate cake with sprinkles. Austin wanted ice cream instead. How would yo
1910,91e3e37b062ea812,1909,Robin changed Aubrey's clothes before she went swimming because they wanted to make sure that Au
1911,72ce875e4aa30a3c,1910,Jordan ran quickly to the door when they heard the delivery person. What does Jordan need to do 
1912,8a17b24d1fcbaedb,1911,Kendall was jealous that it was their sister's birthday that day. What will happen to Others?
1913,bfcb068cea3b6124,1912,Riley regarded Jesse with watchful eyes as he walked down her street because he looked different
1914,b213052e5576c3db,1913,Skylar lost their character and laughed in class at a joke that was made. What does Skylar need 
1915,c7a531e26502e836,1914,"Tracy had a gift for fixing up places, so Tracy bought an old house. How would Tracy feel afterw"
1916,1f01b82615639a40,1915,"Remy and Quinn were having an affair, and then Remy's wife found out. Why did Quinn do this?"
1917,fbe9eeacfedd67ab,1916,Robin was on a long road trip and had to stop by a gas station. Robin got out of the car and pum
1918,0d1f757101fac7ee,1917,Alex left Robin and told her to never call him again. How would Robin feel as a result?
1919,98e47d936a549b64,1918,"Lee could not figure out how to play the videogame, but Lee spent the effort trying. What will L"
1920,5bcc2d571c0a3d71,1919,Taylor had gotten very drunk and pissed on Jesse's bonfire. What will happen to Taylor after the
1921,5d3668ea2b4bde8d,1920,"Kai recently purchased new clothes, but then found out they didn't fit. What will Kai want to do"
1922,5b0e79ac521366b5,1921,Casey put food where Collin had been sitting because he got up to go to the bathroom. How would 
1923,d580b08cc13438c6,1922,Carson tried to fight Robin but Robin refused and told Kai to back off. What will Robin want to 
1924,877e8b0e84619733,1923,Cameron leaved early in the morning so he could get their on time. What will Cameron want to do 
1925,4ae08d217e0e41f8,1924,Sydney appointed a detective to investigate the string of robberies. What does Sydney need to do
1926,b18ded57b6bdce58,1925,Jordan began to eat the food not knowing that he was allergic to an ingredient. How would Jordan
1927,11408a086187ed54,1926,Sasha gave Bob a haircut for free because he couldn't afford it. What will Others want to do aft
1928,88d05b2d72651212,1927,Robin was rushing and took their class test quickly. How would you describe Robin?
1929,23bb47c1f3517619,1928,Jan found friends and she routinely enjoyed their company and support. What does Jan need to do 
1930,7319778741e16534,1929,Robin proposed another solution after the first one was not successful. What does Robin need to 
1931,af83fdbf309e2637,1930,Riley was not able to get a word in edgewise when having dinner out with her family. What will h
1932,3fa85de3e2b6b44a,1931,Tracy gave a gift to my friend and told my friend that I had suggested the gift. What will happe
1933,8e881a8058e26b8a,1932,Aubrey understood Remy better and better the more they spent time together. What will happen to 
1934,6158a8e47c4c38ac,1933,"Alex and his cohorts, the former criminal masterminds for the Lupino family, made their escape f"
1935,9c6c0a0abf6c23a4,1934,Kai handed back the newspaper and had to go to the other store in town. How would Kai feel after
1936,a7b468eaabcd5725,1935,Kai was swinging the bat without paying attention and swung through the posts. How would you des
1937,9ca5dd145a601338,1936,Riley was competing in a gymnastics meet. Riley felt worse after she lost. How would you describ
1938,9ad10f1903b51eda,1937,"Jordan found out that they were very ill, but they made light of the ailment. How would Others f"
1939,0bae7cc9873c7622,1938,"Quinn was sick and called out on Monday, but Quinn went to work the next day. How would you desc"
1940,5217e4310877ff95,1939,"Alex sets up a fund raiser for under privileged children. Alex earns about $5,000 but only gives"
1941,4d69e80d13afbf84,1940,Ash was late to the movie theater and missed her date out with friends. How would you describe A
1942,aa0c96da971b25f2,1941,Taylor attended Lee's father's funeral and offered support before leaving. What will Lee want to
1943,5fe44d937b5025c5,1942,Riley was very suspicious of the situation and regarded Jesse with observant eyes. What will Jes
1944,cfbcc43a52e0b966,1943,"Sydney wanted to celebrate the holiday with friends, so Sydney had a Christmas party. How would "
1945,e84299e96119d3b8,1944,Kendall grabs Jordan's hands tightly. Kendall begs Jordan not to break up with them but Jordan w
1946,2aee809c00e70588,1945,Austin was an intern and so he worked without pay. What will Austin want to do next?
1947,35aadaa3cf6fac60,1946,"Jordan was very hungry so he went to a restaurant. Once served, he began to eat. How would you d"
1948,4509b138e714dd9e,1947,Kendall was watching a friend's dog. Kendall didn't know anything about the dog. How would Kenda
1949,9ccbac31614c7bbb,1948,Kendall parallel parked so they could pass the driving test and get their license. Why did Kenda
1950,0c5fe7475f5c797d,1949,Bailey destroyed the enemy's bunker and won the war. What does Bailey need to do before this?
1951,959fed6dd4a69a77,1950,Kai told Kendall the reason about the accident in the lake last month. How would you describe Ka
1952,9569f60252c95c45,1951,Kai improved Jan's picture and she loved how it came out. What will Jan want to do next?
1953,fe0831d1144fa75d,1952,Tracy's kids wanted ice cream so Aubrey fed the kids ice cream. What does Aubrey need to do befo
1954,45713a82ffcfe728,1953,Aubrey the officer pulled a driver over for speeding on the road. Why did Aubrey do this?
