atlas_idx,item_id,split_index,question
1,d8e081c1e4ca0fd0,187,"People think _ is embarassed, because Samantha made snide comments about the shirt Rebecca was w"
2,edb1cf543bdc9292,719,"For her birthday gifts, Sarah was upset with the pearls, but felt the opposite about the rings s"
3,dfc3b61ebae90755,618,"Erin knew the perfect gift for the wedding shower, but Samantha had to do some research, because"
4,f92e6f3b9540e695,35,I wanted to build a bathroom on the third floor of the house but I couldn't because the _ would 
5,defbeb9505685048,404,"At their high school's homecoming dance, Natalie stayed on the floor for the slow dance while Ma"
6,e4b39ce7c32ef779,462,So _ ignores Google to search for information because Betty trusts in it and Cynthia doesn't.
7,1e14af9f7f6dc8d5,1033,"Felicia ran out of shirts and borrowed one from Patricia, but _ didn't ask permission ahead of t"
8,55924c0c292d3b7c,540,The bagel shop was closer to Michael than Joel because _ lived in a different area of town.
9,a7350977aaeaa65c,1179,Jennifer thought it was important to neuter a dog and Rachel did not because _ knew lots of anim
10,62b2eb96afdda2ce,2,"They were worried the wine would ruin the bed and the blanket, but the _ was't ruined."
11,794fde12aacb04ae,66,"Mary wanted to get another piercing in her ear, but the _ was much too tiny."
12,edfd3da47c6afa0e,587,The water in the car was hotter than the water in the truck because the engine in the _ had run 
13,b4e361f8f246e87e,1051,The patient took calcium to fix his broken bone but the _ was too weak.
14,7733a9945e0251a7,49,Tanya spent more on the children's birthday party than Amy. _ thought a magician was a good use 
15,9b31eda2aaebf7a4,1173,"I handed the documents over to immigration with the passports, but they only accepted the passpo"
16,650a161c8fc13f3b,90,I helped my sister find her gold necklace. She couldn't wear her woven necklace to the ball beca
17,9d69c6eabb4e656f,347,Jane loved travelling internationally. The current country she was in preferred wine over tea be
18,e6b57a13b9289b3b,1248,"To remove the stain he reached for soap first, then got up and got a bowl. The _ was close by."
19,f7531a17ec345845,1230,James always feel weak whenever he walked the length of his street so he decided walking just th
20,f0580dca5b00a9a7,479,The quality of music produced largely depends on the instrument used. The _ is vital.
21,f851b011f90e967e,744,Randy was going to see an X-rated film but was stopped on the sidewalk and yelled at by Nick. Th
22,a1e69b125e431d6a,823,"Monica was worried that Mary might be caught in a scam when they started their new job, but _ de"
23,c646e4393dd97303,210,Lawrence liked watching foreign movies with subtitles unlike Jason because _ appreciated the ori
24,5c60976463c75c6d,554,Firing a shotgun came more naturally for Megan than Tanya because _ grew up around them.
25,7c08cb1e09748237,510,Carrie kept written records of their expenses but not Laura because _ had a faulty memory.
26,0f05af97f880bab8,325,Police arrested Maria but let Cynthia go as _ had no paint on their hand from the spray paint us
27,e444b312eb9cbf66,397,"I loved my old gifts but not the new dishes, because the _ were so beautiful."
28,4a51ab1c5e370f48,1216,"Devin got sick after eating the sausage, so he laid on the couch and later moved to the bed beca"
29,91e9fcdb4857ef95,936,"It was painful for Justin to break up with Jason, but _ wasn't ready to move on."
30,ea147f087d3aaf7c,668,Logan ended up calling the police over an incident involving Jason because _ was scratched by th
31,d0a99ab6fb46167e,889,Applying to dance in music videos was great for Erin but not Lindsey because _ was a beginner da
32,125c764ccfbbdf78,829,"Patricia teaches Kindergarten students, Christine teaches High School students therefore _ reads"
33,44c0352d9bd8d82c,545,"Rachel wanted children, but Megan had no interest, so _ looked for someone else to have freedom "
34,df0c748ec86c743d,382,Christine was watching makeup tutorials while Amy was not because _ wanted to forget how to put 
35,9bb71f694b2f9a3a,15,Lindsey like to read graphic novels but Natalie liked classic literature to read. _ bought the n
36,7f0de08e7cfec54d,544,"Rachel wanted children, but Megan had no interest, so _ looked for someone else to have babies w"
37,9155e9f2709944aa,623,"After a boring meeting, Monica closed her eyes and dozed while Carrie took a walk, as _ had gone"
38,a616b2ebfb737bdb,1013,"The man chose medication for his infection rather than the ointment, because the _ was ineffecti"
39,2ce650e27615d784,107,"Since the diabetic woman had to limit her sugar intake, she ignored the pie and had a cookie ins"
40,c78c987d226034f2,1112,Sara's cat got fleas so she bought a treatment and put it on the cat's neck. The cat was unhappy
41,440a745c970e6fc0,1196,"Lawrence volunteered to donate blood to help others, but Steven was unable to, since _ was healt"
42,da60e937ca0ebcbb,220,"You can grow cilantro in a garden or buy it at the store, but the _ variety will taste bland bec"
43,6f00bd48af021e84,560,"Natalie tended to wear their hair in a ponytail, while Maria wasn't able to, because _ had long "
44,946162dec8b68551,1036,Megan picked up some olive oil for Felicia because _ loved to cook but hated to eat.
45,f4f1d08af7586b18,179,I did not buy the color pink rose flowers for my wedding because the _ is too bright.
46,4c91f3e349dc5f9a,78,"He wanted to kill time at the house instead of the playground, because everyone at the _ was fun"
47,e7e5c0f96ec035ff,914,The knee injury of Samantha has healed much quicker than Katrina's. _ 's injury was minor.
48,01fa8453b0883d2a,786,The intelligence agency ordered new computers for the workers and kept the same peripherals beca
49,af4e0878ee4b4999,534,The beef tasted better than the pork did although the _ had been slightly undercooked.
50,502d7a0151f45602,881,"The rubber resisted the rock but snapped on the concrete, as the _ was smooth."
51,8a82b68cdb55334c,927,"Kiwis are a favorite of Ryan, while Derrick can't eat them. _ has sensitive teeth."
52,3ae8bc4d18815464,909,The store had 80 platters but only 2 bowls left in stock because the _ were in low demand.
53,70bb9dd0126281da,289,Bobby had to use his pen to finish the exam rather than the pencil because the _ was full of ink
54,6d001c83c47a9f46,886,The patient put in a special request for Brett instead of Kyle because _ was always stern.
55,f388267f510704ca,717,"Samuel was blown away to find out from Lawrence that goldfish are a type of carp, so _ decided t"
56,5592a21f9a04df40,816,I didn't do well on my exam even though I did all the problems in the textbook correctly. I gues
57,63a01ea4dbefc4bd,714,"Brian agreed to buy soap for Kenneth while at the store, and _ paid them back the following day "
58,443461265b20c04f,508,"Nick struggled with unresolved trauma that Ian couldn't understand, since _ had never experience"
59,ce12d0b464c2bb09,1045,Kyle loved to camp in the wilderness but Justin preferred a nice hotel. _ booked a trip to Yello
60,018985ce8a5f62bd,314,"It took a minute longer to melt the chocolate in the microwave than the caramel, because the _ w"
61,3ba99f2c21c9dd5c,195,Brett asked Nelson where they were because _ had no idea after he fell asleep.
62,22bc32658831c591,960,Writing came easily to Carrie but was difficult for Natalie because _ had taken engineering in c
63,5e52de0944100c0f,1060,"Joe did a lot worse on the quiz last week than he did on the test today, because the _ was a sur"
64,ef7a081de1618c53,185,"Pete preferred to use the sheet to the blanket, because the _ was much hotter."
65,7884d92c17a32b91,869,"The dancer would leave the stage and enter the hall after her dance was finished, as the _ was w"
66,5a60a318debf7664,697,"Justin bought a new RV but Lawrence liked his old one, so _ decided to sell it."
67,dcc1f2bd44668c0f,938,Bill had complicated feelings about getting a car after his motorcycle died because the _ posses
68,ecac3e161f858569,473,"The doctor suggested alternating between ice and a heating pad when I strained a muscle, but he "
69,0d2ed6a6fb087c62,761,"Craig grew frustrated trying to coach Nick in soccer, as _ lacked the patience needed for the ta"
70,4f9eaaff346815bc,804,"In her newly purchased house, Patricia was upset to discover a woodworm infestation and called t"
71,6f3d29a2e37d1ac8,972,"Because Megan wanted to be a welder and Patricia wanted to be a engineer, _ went to university i"
72,f107231c2fe8710d,917,"Kyle wanted to write to Aaron every day, because _ enjoyed sending letters to friends."
73,265656c342412d51,67,"Mary wanted to get another piercing in her ear, but the _ was much too huge."
74,6cc039b910f1900d,1047,The blue car was a pleasure to drive but the _ car was not as the red car was very cheap.
75,960d256ce4d26012,1001,"Emily delivered the daily newspaper to Samantha promptly, so _ gave a nice Christmas bonus."
76,be27a49156769194,888,"Justin became very ill with pneumonia, so Matthew made him some soup; then _ finally went home."
77,ee71a0532d91d15a,1191,"The hiking group had less food than water, so they tried to conserve the _ ."
78,5fc8b6b9e8742813,998,"Hunter had low tire pressure and asked Eric to fill the tires; when he said no, _ filled the tir"
79,34c22814ef486f77,1110,Patricia liked to lie around in a hammock all day but Megan did not because _ was very sedentary
80,002bb184d0de8db0,1162,"Craig made sure to stretch before working out but Christopher never did, so _ frequently got inj"
81,1f551a472b4f9ab5,428,Adam was cold and Michael was hot so _ removed a heavy jacket to withstand the freezing weather.
82,6c951917d1b2e024,463,Irena didn't like other people living in something before her so she felt more comfortable buyin
83,71ee6587d8fa27d7,654,Neil put the finishing touches on the android as he sold it off to Brian because _ was an engine
84,08a64208b26dba3e,299,"Eric went to Leslie's house to play with the new dog, but there was no answer. _ was at the park"
85,82ea49d8602ecc71,21,Benjamin was chosen instead of Brett to be the makeup artist for the play because _ was less exp
86,91dc15c70684da79,56,Joe brought the horse out to the country quite a distance and gave him food but the _ was too mu
87,d49b24ee419802cf,1046,The _ car was a pleasure to drive but the red car was not as the blue car was very expensive.
88,732e6d092c686745,212,Johnny likes fruits more than vegetables in his new keto diet because the _ are saccharine.
89,1cd8ad55ca02fdbd,795,Steven was disappointed as Logan asked him if he had any herb. _ was let down.
90,3ce45c8b0328e1a4,55,"Alcohol is a love of Matthew's, but Ryan can't stand the stuff because _ is a sober alcoholic."
91,4762165a37b940bc,678,Tanya wanted poppies for her wedding flowers but Carrie said that was an odd choice. _ pointed o
92,2c062d76e05c91af,192,The maid took away a cozy blanket from Lawrence but not Nick because _ was very hot.
93,22ee41c1bf7dee0f,595,"Donald stuck his nose up and scoffed at William's ragged outfit, because _ looked like the worki"
94,e62af2bb98042ebd,494,"Aaron drank plenty of water before the hike, but Christopher forgot to, so _ ended up staying hy"
95,35cc3679dd30945a,235,"The cake that Lawrence tried to bake for Ryan didn't rise, and _ felt forgiving abut it."
96,3c9009fcc3ff0210,982,"Adam's blushed a deep red when Jeffrey saw him fall off his horse, but _ tried to pretend it did"
97,948010b9dc9525dc,513,"My employer offers a bonus of either a phone or a television, but unfortunately the _ is just wa"
98,7c5541d09e738aaa,1027,"She was the prettiest in the room, wearing a pretty dress and jewelry. The _ was sparkling."
99,09d05b2e85a51aed,1146,"Michael had to learn how to speak Chinese for his job unlike Matthew, because _ worked in Englan"
100,3ea458ca431014ea,783,John tried to clean the juice that spilled on the carpet with a towel but it has sunk deep. The 
101,f10ede90d4ad5f7b,246,Carrie asked Betty where the children were on the playground because _ could not see them.
102,be8eedf6185fb836,1020,"After visiting their tenth college, Kevin demanded that Donald to just make up _ 's mind, becaus"
103,869526aa8d53951e,701,"The student liked writing their signature with a pen instead of a pencil, because the _ showed u"
104,0bbbf9c2f614ce75,261,"William lived in a rougher part of town than Eric, so _ trained their dog as a guard dog."
105,e68ad04d18361ed2,1128,Michael was a better employer than Joel so _ did not have to worry about retaining employees.
106,bf2f7c48ea611c3f,1197,"Reading poetry and rhymes was very entertaining for Derrick but boring for Logan, since _ was a "
107,94df6b4c616cffcc,885,Jane's hair was bound by a band until the band was cut because the _ is bulky.
108,f8e71b11f247aa82,1226,Patricia had to pay less tax than Cynthia because _ made more money in the year.
109,3f5a8562ab69143b,528,The personal trainer gave Laura but not Victoria the more difficult exercise because _ was in sh
110,2fa7e6bc01d09ecb,672,He made a few dishes to serve. One was a salad and the other was a steak. The _ was healthy.
111,f18b73ae950d1597,402,"The virus stuck to the clothes better than it stuck to the walls, because the _ had more deterre"
112,65676ac6ef1c5553,709,"He has a much harder time with this fever compared to the flu, because the _ took one week to ge"
113,7277fdc98134b3ad,332,"Monica is looking to buy some new furniture and Carrie just bought some, so _ is starting to ant"
114,2ed9669a7efc1c92,482,"Tommy was able to carry the tripod himself, but his friend had to help him carry the camera beca"
115,c7fc553cea025f32,731,The brutal boxing match was suitable for Christopher but not Samuel because _ did not damage his
116,f6c8f9800b4161c4,1222,Jasmine wanted to put the emerald on the ring and it would not fit. The _ was colossal.
117,d4d1e895c3737a55,348,Jennifer wanted to get romance in a relationship while Elena did not because _ liked to watch ro
118,64a0c89710dd4d49,100,Steven believes they can buy happiness but Craig thinks otherwise as _ is very realistic.
119,3ddd5bbc20a71b44,495,"Aaron drank plenty of water before the hike, but Christopher forgot to, so _ ended up getting de"
120,1e92a5c2b2bf7333,949,The drink was rich in caffeine and low in sugar because the _ was not enough to keep the drinker
121,bf471d9a2ae01002,1264,"At the new restaurant, Betty convinced Lindsey to try fried brussel sprouts. _ was relieved when"
122,4c54467c4b3ca8c3,921,Jessica saw Laura constantly flirt with men in the office. _ thought it was normal in a place of
123,89575b76489bfbd8,779,The cleavage had to be hidden for this event's clothing because the _ was inappropriate.
124,71cafa371b09ac7c,214,"Victoria was still grieving the death of a friend more than Elena, because _ had a very close re"
125,e2e2e48b764f2e99,18,"Leslie was nervous around parrots but Neil was not, since _ was bitten by a bird early in life."
126,ac21b5f50bf56c48,1252,The architect tried to build the room inside the house but the _ was too small.
127,68983b26846d125d,684,I like to drink mineral water over tap water when I travel outside of the USA because the _ wate
128,8abfc62ab6ac07c3,1144,"On Valentine's Day, Brian receives no flowers, but Kevin gets a lot. _ is probably dating someon"
129,d99aead74672e8fb,659,"Jason really wanted to get the job, but he felt like he flunked the interview. The manager calle"
130,42840e76ca4c00ef,259,The teenager got a job at the supermarket instead of at the diner because he had to work during 
131,3d78a83f9244c572,690,Kenneth had better skin than Craig so _ had to use more of the moisturizer.
132,4187c28147f141ed,818,Sally knew the exam would be hard so she developed a study schedule. The _ was 4 weeks long.
133,801f895eb681898b,277,"Victoria taught Elena how to count in Malay for their trip, because _ was a visitor of the islan"
134,887bb9bf9d4e9642,32,Mary thought poodles were a cool dog but Rachel thought Great Danes were cooler. _ bought a giga
135,ca1bc5f77c8aa0b6,491,The remote control worked better than the toy car because the batteries in the _ were fresher.
136,9683434c4f898cd9,263,Jennifer returned the pan to Sarah because _ had borrowed it from her for the potluck party.
137,55e112496ff86f64,294,There was more dirt on the car than the bike because the _ was kept inside.
138,2a1e654cf35fa3e8,721,"Jody wanted new mascara and eyeliner, either black or brown, but the _ was too heavy."
139,dbdeeec8309578af,461,The girl put her money in her bag instead of her pocket because the bully looked in the _ .
140,f75da42a1065e638,121,"When Steven found that their T-shirt had shrunk in the laundry, Robert's first reaction was to l"
141,8cca3f4aa3762f8b,81,"God liked to control the day and the night, but the _ was too bright."
142,273520d2002c6bdf,11,"I had to read an entire story for class tomorrow. Luckily, the _ was canceled."
143,0c8e32965399c01f,969,Monica chose Kayla as the winning contestant on the reality show because _ was a contestant on t
144,dd33f84015fdf221,1003,"Jack wanted to start a game, but couldn't decide between baseball or basketball. The _ game woul"
145,827691a7848811ae,371,They were wanting to move the bed thru the door. The _ was way to small.
146,a6c37a64d3eedb9f,202,"Robert took voice lessons from Randy, because _ was known to be on American Idol."
147,9444076b607cab55,706,Sarah but not Erin would get a retirement pension because _ had a 30 year work career.
148,074534499bba28d5,504,"Ian was tired of trying new diets while Steven had luck with one, so _ decided to do their own t"
149,aa4fe399095442f8,1067,"She watered the rose but not the cactus, because the soil of the _ was already wet."
150,65ee27cb36e9c4fa,1157,Jill bought a slip to go with her new skirt but the _ was too short and it hung out the bottom.
151,46f46d60c5bdb46f,286,The ambulance went to the hospital without Nelson inside but with Ryan because _ drove there in 
152,31420fd135e93dcd,1159,Logan kept a store of ammo in their house but Brian did not as _ approved of hunting.
153,94e199b90bb6eb5f,726,"Kyle paid Craig to board the family dog at the kennel for a week, because _ was going on vacatio"
154,d11b115d7c20a1a2,792,"Jen made charcoal to use as a mask and as toothpaste, but using the _ made her skin very black."
155,6554eb7e52abf72c,961,Katrina asked Rachel to change the diapers for the babies this morning because _ is handling the
156,3fae4090991d5d84,272,"He went to put his pocket watch into his pocket, but realized the chain had broke. Without it, t"
157,6c8cb7c55b74ee8d,862,"While at the store, Logan grabbed a head of lettuce for Eric to use for dinner because _ knew th"
158,be885b51f2fc6b72,606,Betty reluctantly confided in Rebecca that she was suffering from memory loss. _ was distraught.
159,3e0d005a5b1f713e,642,"Maria was able to keep their weight off long term, unlike Felicia, because _ followed a healthy "
160,ef0d34700b1297f0,148,Jessica wanted Mary to help them decorate their new house because _ asked them not to do it alon
161,2ad3d87abdc54735,887,Rachel decided on adopting a young puppy but Megan didn't because _ didn't want to train a puppl
162,84c4d708d36cb128,300,Jessica spends a lot more money on frivolous things than Rachel because _ has more disposable in
163,34455c64c9819f0c,298,Going to a restaurant is something that Patricia does very often but Carrie rarely goes to one b
164,83e85b35798785cc,231,My face was more familiar than it was at the bar than the gym because I went to the _ several ti
165,34efdbe3b7ce63d4,522,Betty had more burns on their hands than Amy because _ worked as a welder.
166,7f053dea8f4bbc0a,458,The barista loved to make all types of coffee including iced and hot. The _ coffee was popular i
167,beecea588f4e6e93,87,Megan forgot to buy deodorant at the store so they borrowed Jessica's deodorant and _ hoped they
168,6e79f2fdf59b0680,755,"During the earthquake, the boy hid under the desk instead of the table because the _ was sturdy."
169,3ea6c61c51833f5b,524,"Keeping the doors closed and the windows opened kept the apartment cool , because the _ let out "
170,5ca679b563604da3,17,Michael just bought brand new wheels for his truck unlike Leslie because _ wheels were old and u
171,f4d596452a5ae0dc,34,"Jessica enjoyed a simple, basic life with Betty, but _ was bored having a quiet existence."
172,c5cf48e50a902253,943,The food that Hunter ate was spoiled but not that of Brett because _ left his food in the fridge
173,d346eb4dad3872d3,153,Kayla prepared a foot soak bath for Cynthia for their birthday so _ is pouring in water.
174,831ce75234fddb4a,944,"Laura held the steel for their project while Carrie used the blowtorch, because _ was more skill"
175,1051c52aebf420de,1011,"At the hospital, Kenneth tended to Randy 's wounds as _ was learning to contain an infection."
176,1f5f1326c064db58,738,"During the summer, I like visiting the zoo more than the aquarium because the _ is inside."
177,634dec63cf106883,954,"The Windows software attempted to install the upgrades onto the computer, but the _ exceeded dat"
178,6ea4e853eb266cb6,434,"William wanted to go biking but Aaron wanted to stay home, so _ went out by themselves."
179,8383a36a22e1c276,999,Carrie tried to convince Cynthia that the cat needed a microchip because _ was concerned about t
180,f54dec0b884b7e6b,1028,"Jason hired his coworker to paint the house instead of hiring a painting company, because the _ "
181,0607b734b95e8d39,655,"Laura didn't buy anything at all for Betty's birthday, because _ forgot to mention it."
182,efbd5766c873c821,331,"Angela did a bunch of crunches and sit-ups but Cynthia didn't, consequentially _ had six- pack a"
183,0fd9a7c6a91d1dea,979,"John cannot run the entire length of the track, he had been used to the field. The _ is short."
184,7558ec583b1249e7,426,"Kenneth is accused of destroying drywall in Jeffrey's house, _ is leasing out the house."
185,00347b9370bf9745,588,The color of the paint was quite pleasing to Jessica however Natalie believed it to be too brigh
186,473f200e33833c2a,820,Jeffrey brushed their teeth quite regularly but Brian did not. _ rarely had to go to a dentist.
187,54e219831a688db9,825,"i had to walk closer to the board to see the phone numbers, only the monogram of the company is "
188,85db2d9e9e12dca4,772,Kenneth explained to Ryan that he was dressed like this because he was going to a disco party. _
189,4b66a22c06fe7346,780,"Adam decided to shave Denniss beard before the reuinion, because _ thought it was too long."
190,d4ae01c8ba199d21,1201,The farmer had more corn to harvest than yams because his cows hated eating the _ .
191,dda965368d46324e,296,"Michael was a very calm person with yoga but Jeffrey was hyper so, _ decided to take a yoga clas"
192,e2b8eee8aa9ab080,809,"Hunter found they no longer returned Joseph's love in their marriage, therefore _ received divor"
193,4d8d205602d41512,1074,Kelly was embarrassed when his toga fell off at the party and people saw his underwear because t
194,b9e612cfc1e36fc5,57,"Randy gave their heart to Brian, and _ soon told them that they should have kept their heart to "
195,4928f86ff66f1eda,386,"The woman avoided the hole but easily stepped over the pit, because the _ was very shallow."
196,0738dac9f276b1c9,531,"At the dance, Adam asked the girl to dance before Donald, so _ is angry with himself."
197,a1b93f7fb771d0cf,1063,Learning a new form of karate was difficult for Logan but not William because _ was not athletic
198,39585d41d7623982,876,"The cleaning crew always used rags instead of washcloths, although the _ tended to wear out quic"
199,a126f16ca2170a6c,856,The gas was not smelling out of the tank but out of the hose because the _ is sealed.
200,9b0e0c8a25ecbc00,637,Starting the engine of the car took less time unlike the truck since the _ 's engine was working
201,2fb002be96d0e9c5,845,"William had a fear about nothing unlike Benjamin, because _ had a horrible childhood growing up."
202,b2a88560804cd228,474,"When other people were smoking, Kayla was more disgusted than Erin because _ had always avoided "
203,990d78e87f2f3309,724,Michael had a cat as a pet but Nelson didn't have any pets because _ had little allergies in the
204,f2ec5fac64934133,702,"The student liked writing their signature with a pen instead of a pencil, because the _ showed u"
205,304f3f1152d15fa4,835,"Jason missed his work shift in order to finish his research paper, because the _ was less import"
206,b3596fdf7509885e,812,"Kayla threw the phone to Rebecca, then _ asked for it to be thrown back."
207,f13bc0f2efd3ca8e,920,"The toddler kicked the hard furniture and soft toy, but only the _ caused pain."
208,ce8d76850ec89454,439,Jessica was given a sapphire ring by Christine for her birthday because _ really likes sapphires
209,6aa27016691e2347,766,"Wanting to impress his boss, the man put the brandy away and served scotch instead because the _"
210,ffeb6634eaaf92a4,112,"Brett was browsing the internet while he found the information unlike Randy, _ prefers using boo"
211,6138d3cd98e3ff12,650,"We were making orange jack o lanterns and bought candles to put in the oranges, the candles did "
212,8944402e30baea90,1132,Playing basketball came easier for Cynthia than Jennifer but _ had less control of their body mo
213,554df05e0c8ba92a,367,"Derrick was sad that Robert did not show up, _ forgot they had an agreement to meet each other."
214,b233ebdede2ad780,68,Laura just loved the taste of green beans but Felicia hated the taste of them. _ didn't have a s
215,5d42249aa753e127,1127,Michael was a better employer than Joel so _ had to worry about retaining employees.
216,24ea015efad07a43,757,Donald had to wax a lot more frequently than Ian because _ had blonde colored hair.
217,defbd85eaed89eb0,847,The clothing in the north was warmer than the clothing in the south because there was more snow 
218,7f480845823ff9c0,442,The lips on Cynthia were much smaller than Monica because _ got hit with a softball in the mouth
219,d5fb38a1098eea5b,160,William liked to be outside more than Kyle so _ spent time arguing against getting a pool.
220,9d48267b8248f175,352,Brett wanted to get a massage but Kenneth did not. This is because _ was feeling relaxed.
221,31e029c808c94e41,1064,Brian wanted a horse but not Nick because _ raised cattle in their spare time.
222,033a11eb6c187a75,906,"Rachel's date was shorter than she, so she wore her shoes rather than her boots, because the _ h"
223,089c200e7b268db0,401,"The virus stuck to the clothes better than it stuck to the walls, because the _ had less deterre"
224,4936b74b2e56d3e4,579,I couldn't figure out what my costume would be for Halloween Peter Pan or Snow White. The _ cost
225,981fd6da0e92c8a6,48,Hunter was a better baker than Logan so _ made the kitchen a mess when they tried to make an app
226,14d7c3645afd7cef,455,John sold the three chairs and used the money to buy twelve shoes. The _ were cheaper.
227,0a951e83805e633f,480,"Michael made pickled eggs for Kenneth, but _ really loved his own and wanted to share them."
228,c1d78d946e3f61f5,1126,"Maria wasn't aware that Erin was coming up behind them, because _ was generally sneaky."
229,49da67c8aa715719,423,Cynthia ate all of the dessert while Sarah did not have any since _ was not trying to lose any w
230,2cde3c0d2b280c77,1005,James wanted to wear the corsage but it wouldn't fit around his wrist because his _ was too smal
231,6b382d614853181b,168,"The temperature in winter is much different than summer, the _ is always lower."
232,2ace5853c93536fd,884,The newborns in the nursery were very hardy because they were fed the _ calorie food during the 
233,fcb7f7c1de98b24a,615,Laura asked Rachel if she could borrow some clothes because _ loved her fashion sense.
234,649416499ccbad68,1088,Lindsey did not know how to make a good impression for an interview with Tanya. _ was surprised 
235,382bf36a9f79eb30,962,Katrina asked Rachel to change the diapers for the babies this morning because _ isn't doing any
236,c68734d91cc0eaa1,1038,Kayla always wears sunscreen outdoors but Natalie doesn't because _ isn't concerned about gettin
237,1d4f5e0e619d47a8,800,Tanya looked for an escape route while Elena did not because _ liked to be aware of all the surr
238,f81a3cc0b13792d6,782,"Rebecca had a sneezing reflex unlike Monica, so when they took the cinnamon challenge _ won."
239,ad09edb2632b3d38,1187,"Ryan ordered the salad with added avocado, but Randy passed, because _ was ok with the $3 upchar"
240,70fc2a6adf6fb0a1,603,"the water poured freely into the hole until it disappeared , the _ was deep."
241,f78b4b446ea09742,1014,Mary felt a great deal of guilt for stealing various items from Rachel so _ forgave her.
242,caa593d1fd6ef237,22,"Cynthia violated the rights of Amy, because _ had too much passivity with other people."
243,f00a9657bdd3198b,395,Donald has a problem with hearing in his ears unlike Benjamin because _ worked in a quiet area.
244,1cb57c1931a66992,863,"In the hotel laundry room, Felicia burned Mary's shirt while ironing it, so the manager wrote _ "
245,80e75e3ff6067c49,387,"After I soaked the roller in the paint container, the _ had less paint on it."
246,314ad2de7aa44723,633,"Late at night, Rebecca was more tired than Jessica so _ was unable to go right to sleep."
247,bd20b91e28cd9631,1262,Kenneth was really scared to have surgery but Neil was very brave about it. _ was under a lot of
248,a5e33cad267ad4cf,937,"Needing a boost Emily asked Rachel to put them on their shoulders in order to reach the roof, _ "
249,df128e8d63141544,241,A background check was performed on Natalie by Lindsey due to _ being a nanny.
250,afa88141c2608a94,427,"Kenneth is accused of destroying drywall in Jeffrey's house, _ is renting the house."
251,cde2cde079209952,73,Joel always liked to turn the heater up higher than Joseph did for the reason that _ was never c
252,25427474653ab549,126,Randy's hair is dry when compared to Ian's due to _ using a strong conditioner.
253,c25e61d184ca943f,177,Rachel told Patricia to pick up some baby powder at the store but _ had sweaty feet too.
254,e7d6aec6ff58014f,839,The quill was used by the writer much more than the pen for the job since the _ is heavy.
255,d27b59e279516334,361,"Ben had to drain both water and oil down the sink, but the _ was too viscous."
256,bd08f3328ee43e8b,1200,The farmer had more corn to harvest than yams because his cows liked eating the _ .
257,ff1f683f676bd85e,651,"Natalie committed a bunch of good deeds in Samantha's name, because _ wanted all the credit."
258,ad239de990c1d66b,164,My gun was inspected with a cloth to make sure it worked fine. The _ was hard.
259,88f1d4db5abb9803,170,The woman used a gentle technique when painting the urn but applied more pressure when painting 
260,0233e71e64076e82,537,Natalie had a pig while Jennifer had a cow so _ thought mines smaller so its better.
261,a8b1000a3e6a46b0,728,"The stove was left on after Matthew used it, so Nelson turned it off. _ was careful."
262,1dbf9d82be8da236,269,"The blood sample on the slide was more helpful than the one in the vial, because the _ had been "
263,9d73b4eaf4792288,1107,The wound caused by the bullet needed more care than the one caused by the knife because the _ w
264,1be1c687221f7b4e,363,John painted the pole red close to the color of the wall and painted the frame white and now the
265,0e6ed59280dd2196,503,"Katrina drove Emily to the prison, so that _ could say goodbye to them before they went to jail."
266,84b8b2d27cd0942f,92,"The wooden doors at my friends work are worse than the wooden desks at my work, because the _ ma"
267,fc2ccd8557e1277f,492,"Emily bought a piece of jewelry from Natalie, later _ thought she sold too low but kept a cool a"
268,e9f50fa15f3d8bdf,875,"Craig was all about self-publishing his first album, but a PRO rep Lawrence advised against it. "
269,a8b38e35208d9462,1183,John could not hear his alarm clock when he was sleeping with a headphone on his head because th
270,0b9ad778438d554b,346,He found it harder to write the letter than the e-mail because the _ had so few words.
271,3fe5b7ca8db7cb9b,89,"Amy thought she was the mirror image of Natalie , but _ could not persuade her to see the simila"
272,680913d1282cf9ac,280,The store sold Michael a fake phone but not Eric so _ could still make a call.
273,81b8102f8078b407,599,Gem needed both therapy and medicines to cope with her broken leg. She preferred the _ because i
274,72feb8afd2f6a82d,10,Joe immediately went to bakery before the bank because the _ had a substantial supply of what he
275,337876db8f28e1ad,1102,Donald had to drive Matthew to the doctor immediately because _ was feeling lightheaded and dizz
276,6f744190d3c32cab,46,"Since Craig wears clear contacts and William wears colored ones, it is safe to assume that _ dis"
277,482f46f35d3f63c0,1239,Rachel touches the cool looking bulletproof vest of Kayla due to _ being on an investigation.
278,18ad13892b85aa70,1029,The crops in the facility grew better than in the greenhouse since the _ was bright inside.
279,787c1dbac8542159,1009,"Katrina demanded that Jessica get off of their property, because _ was in the neighborhood for v"
280,3d93b66bcf8fef9b,221,"You can grow cilantro in a garden or buy it at the store, but the _ variety will taste better be"
281,8b805542878e8261,631,Megan liked to read a book good more than Samantha because _ liked the peace and quiet.
282,5f19eaf00f1dea7a,632,Megan liked to read a book good more than Samantha because _ hated the peace and quiet.
283,e86c64feb17dd908,376,I chose to drive the car over the truck because the _ had a small amount of gas.
284,9e79dcbc6e2a7bcd,970,Michael swam in the pond for longer than Derrick because _ thought the algae was okay.
285,258ac2d85bc919e0,1042,The gerbil came over to Laura but not Monica because _ was holding a hockey stick.
286,56053af7916563ba,256,The commodities trader decided to buy wool and sell cotton because the _ was priced high.
287,3c6d7304780ff574,139,Kyle wanted to crush Ryan 's dreams of becoming a movie actor. _ was a threat to him.
288,ff0da8b8868fa073,1207,Ann liked using oil paint rather than acrylic on canvas because _ had a shortened working time.
289,64d2b51eb830e378,814,Michael had more money than Samuel did because _ like to shop and spend money too much.
290,56203b44d77b1a69,239,"Mary was more reliable and hardworking than Rachel, but to be fair, _ had a better foundation as"
291,e9caab608f9c4774,616,"When you buy food for your cat, choose dry instead of wet as the crunchy texture of the _ is bet"
292,8f73d1ee197680bb,612,"Angela's room was a lot lighter than Rebecca's room, because the light of _ went out."
293,3f12cbbf82c61329,1202,Adam asked Dennis to always remember to flush the toilet because _ doesn't flush it.
294,38985a60c8f200b8,837,Steven was worried about the height requirements for the rollercoaster more than Dennis was sinc
295,c5330dd3d52cd9d1,157,Patricia decided to buy Felicia dinner because they had been through a lot and _ just inherited 
296,59ebd2f31c378c6c,84,The filter in the living room needed to be changed more often than the one in the bedroom becaus
297,18f45faaa22d4025,571,He tried to use the rag to clean the bacteria off the table but the _ was too large.
298,290f432ef11ab1d7,1048,Samantha wanted to use a valet to park the car but Carrie did not because _ was generous with mo
299,3a9ee970ecaaae1c,72,"I tried to make mini lamps by using glow sticks in mason jars, but had to get larger jars becaus"
300,1e4803eab6a200dc,661,I was wearing wool socks when I went to try on my new boots but I couldn't get them on because t
301,607aac596414b60e,356,People do not want to eat James burnt cake but they love his burger because the _ is tasteless.
302,9c574940c6e17485,665,Monica did not need a recipe in order to mix a cake but Angela did because _ was an instinctive 
303,91861e2b36cbcb3a,699,"Frank wanted to put the burger on the barbecue, but the _ wasn't formed yet."
304,6c1a103203389763,844,"The teacher asked for the homework. Elena played games the night before and Tanya did not, so _ "
305,3ec28582b1f3b09b,1031,"The battery of the the phone died faster than the laptop battery, because the _ was always off."
306,fa713912050cd161,101,Steven believes they can buy happiness but Craig thinks otherwise as _ is very materialistic.
307,aa2daed3851c7cc6,1237,Lawrence was always gaining weight while Dennis was losing it as _ liked to eat too little.
308,5ef71be8c47e306b,328,"Maria asked Cynthia if she could borrow some fuel for her car, as _ had a shortage of it."
309,1ece077e0e8767ad,119,The president had their speech at the auditorium rather than the park because the _ was bigger.
310,61ef555f95169c2b,857,"Laura had a much better body than Katrina, because _ spent all of their time at the ice cream sh"
311,1ba79313ecf604d7,622,"After a boring meeting, Monica closed her eyes and dozed while Carrie took a walk, as _ had gone"
312,8b8abe7b2d56a38f,604,Elena was an excellent flight attendant when Sarah boarded the plane with a fear of flying becau
313,ce18f73f398ffc6e,147,The installation process was simpler for the cable over the internet because the man had already
314,587520e6241519c5,420,My pain was not nearly as bad as Joe's burn because the _ Joe had was uncontrollable.
315,8df869a56d44dc27,16,Michael just bought brand new wheels for his truck unlike Leslie because _ wheels were new and p
316,d5d9cb9ae93832f1,383,Diana went to the laundromat and she used the washer but not the dryer because she only had enou
317,72d3c1ba38612f0e,1245,"We couldn't extract the blood but got the plasma out, since the _ was reachable by the needle."
318,29a8a2fce5c690c1,304,Steven helped Derrick do research on the paper because _ did not have access to the internet.
319,f1b342cedc43195d,1151,"The laws of the government are a lot worse than the rules of schools, because the _ are strict."
320,bcf138a8f2369657,1058,"Mary loved to make baked potatoes, but Monica couldn't stand the smell; _ only made them when sh"
321,97d10fc46d781dc2,762,Getting a divorce as soon as possible suited Victoria but not Lindsey because _ was no longer in
322,12df4136163df701,591,James took out a seat from his office to create more space. The _ is too big.
323,df0ce3f9b5263b79,38,"Angela thinks her husband might be cheating with Lindsey, and _ confesses at the dinner party."
324,457a2a733d5fb9ce,282,Jeri was deciding what to bring to a potluck and picked cookies over a pie because the _ could b
325,1d1895b38ab40771,1224,"Sandra tried out a new conditioner for her hair that makes it curly, but was upset with the resu"
326,7354055d33a01948,974,The man took longer to pay for the shoes than the shirt because he paid for the _ in coins.
327,0847e228c8882649,80,"Aaron didn't know Dennis had a peanut allergy, so when _ ate peanut chicken an ambulance was cal"
328,3aa682b201c747d0,557,Donna needed dentures or implants for her bad teeth. She chose the _ because they are cheaper.
329,a84e0f2e04118aa4,931,Samantha gifted her new bathrobe to Betty because it felt very comfortable for _ when she tried 
330,0cfec058c529d283,1160,The floor started to have scratches when people's shoe started dragging on it. The _ was rough.
331,eb4e1ea32fd79ecd,320,"Matt wanted to change either the plain bathroom or the colorful bedroom, but the _ was already p"
332,4393c17c767925c7,1040,The man couldn't stop thinking about the violin and the crossbow he lost when he was younger. He
333,1e672a2db44770b8,50,Judy bought new brushes to paint the etched glasses crack but it didn't fit. The _ was too wide.
334,a5ebcaab6c6d1f4d,485,The dog ran into the bedroom during the rainstorm while we stayed in the kitchen because the rai
335,47870787062ad981,1037,"Ian always got ready quickly in the morning and ended up waiting for Christopher, _ was always p"
336,68d7c6e4414d1a04,1053,"Emily has never struggled with blood clots like Victoria has, because _ lives a sedentary, glutt"
337,443b5e476e6ca570,700,All the glaciers that fell from the top of the mountains were found at the bottom. The _ were la
338,bd6b5a8004995477,502,"Although William liked animals less overall than Justin, _ couldn't stand to be around hamsters."
339,356b86422d1a4a09,624,"My mom didn't fit the shape into the painting, because the _ was too awkward."
340,f071078e090feaaa,585,Tom recently was approved for botox therapy. He had a choice between near the office or near his
341,c1d84b633cddd7de,1244,Neil cut trees down into lumber every year unlike Logan because _ lives out in the countryside.
342,ea21daa6beba2144,226,The wall of the house looks nicer than the one in the garage despite that the _ was painted more
343,dae06065527c24fb,1114,Derrick always wanted to wash when they woke up but Benjamin rarely bothered. _ was a very clean
344,8e83250cc7a5609b,483,"Tommy was able to carry the tripod himself, but his friend had to help him carry the camera beca"
345,830b20ae769398bc,784,The landscaping looked better at the house than at the cottage because the _ owners used a hardw
346,ac675af655f8826d,115,"Betty drank chocolate shakes while Elena drank carrot juice, and _ had a very unhealthy diet."
347,d5988d9f95c4d95a,742,Samuel had to recently recover from a stroke unlike William because _ was living an unhealthy li
348,5f1b22f60bb12f35,400,The game on television was very important for Ian but not Dennis because _ was into music instea
349,9d44e606a5ac4f45,310,The mediation and medication both helped me be patient. I lost my temper when the _ got reschedu
350,e059f92fafd1a8dc,213,"Victoria was still grieving the death of a friend more than Elena, because _ had a more distant "
351,d0df2dcc05758bb9,794,Steven was disappointed as Logan asked him if he had any herb. _ was a stoner.
352,cb92f722c58f78c0,60,"The battle was less fierce than the great war, because the _ lasted one year."
353,4a3296705321fab4,1220,"The boxes were too heavy for Benjamin to carry alone, so he asked Matthew for help. After he sai"
354,112dc7c04607c3d4,647,Dennis did not enjoy their afternoon but Hunter did because _ left work after the sunset.
355,8caf9167be1c0590,155,Hunter chose to eat a banana for breakfast every morning but Michael did not because _ is unconc
356,37870d2d701e94b5,1094,"As a parent, Catherine doesn't let her kids watch movies, but they can watch some TV shows. Cath"
357,3b3f9bc50f9863a9,76,Mary was helping Patricia's daughter put on makeup but _ watches a lot of makeup tutorials.
358,b481e254babe1b21,643,"Maria was able to keep their weight off long term, unlike Felicia, because _ followed a crash di"
359,5f2aec231fc08881,385,"The woman avoided the hole but easily stepped over the pit, because the _ was very deep."
360,545664d96dfff168,893,Nelson teased Christopher about needing to find a homecoming date because _ could not find one.
361,bfdfa34c046a8de6,322,The snow came down so much that Michael had to go plow Kevins driveway because _ needed the help
362,830f01808d2f798c,295,There was more dirt on the car than the bike because the _ was kept outside.
363,db768513cda8a964,37,"Tanya told Emily she couldn't come to work because her cat had an infection, but _ was lying."
364,06ce1d3db6d84a7d,525,"Keeping the doors closed and the windows opened kept the apartment cool , because the _ kept out"
365,4d0d3e8b60289185,205,"Paint was applied to the chairs but not the tables, since the _ were new."
366,99c560fd158c4507,33,"Leslie had a lot of issues that Kyle was tired of dealing with, so _ felt abandoned when they fi"
367,1bb273ab46cea406,987,It doesn't take much to shift between ice and water. The _ is hard and strong when its cold.
368,e7f3299e98d9e1fc,602,"the water poured freely into the hole until it disappeared , the _ was little."
369,a9c9bacddcb20ddd,935,Michael loved eating many different vegetables but not Brett because _ was on a vegetarian diet.
370,ac262cfcd31ffc4b,1166,The flour spills out when we use an ancient family recipe and pour three teacups of flour into o
371,264caa0345f2ba14,410,"When Benjamin put the family into debt, Adam filed for divorce; then the judge gave _ a witherin"
372,9123e06eec83da3a,807,"Donald took medication for their anxiety, but Craig went to therapy because _ was open with thei"
373,e5798b8d6627298a,1217,"Jennifer has more money than Amy, so _ became a homeowner at a young age."
374,ab8d327622152383,245,"There are lots of pills in the home of Neil, but none in the house of Logan, so _ must be health"
375,c4cf608dbb8d855f,834,Mike wanted to make the picture with the Photoshop software instead of the Paintshop software be
376,ce4d62fe11cc1d61,1076,Kayla was always thinner than Rachel because _ enjoyed eating brioche and butter every morning.
377,bdbeeb568ef47140,1242,"Selena wanted the hairdresser to cut her hair with a razor instead of a clipper, because the _ a"
378,4eef1ba49451af5f,607,Carla start doing sit-ups and pushups for her weak spots. The _ are for her abs.
379,d3bb425a55f85bc3,883,The newborns in the nursery were very frail because they were fed the _ calorie food during the 
380,b3d591a241056d43,922,"Much to the dismay of Christopher, Jeffrey learned of their evil plan, and _ was stopped before "
381,fd07935d0da891b0,1238,The stone still thudded on the floor even though it was dropped on the pillow. The _ is too ligh
382,9db643ee870d8af1,454,"A very active Randy injured their elbow playing basketball against Lawrence, so _ said sorry."
383,5348591c747fb1f3,930,James wanted to write a list of what he can do for Christmas and he ended up using all the pages
384,59bb06bb97f0b0bc,149,William went on the ride more than Matthew did because _ thought it was scary.
385,264bf613dbd62237,880,"The rubber resisted the rock but snapped on the concrete, as the _ was abrasive."
386,99c2f72d7e220f00,971,Kenneth worked hard at training martial arts but not Samuel. _ couldn't made their dream come tr
387,b651d64f72a25537,1145,"Michael had to learn how to speak Chinese for his job unlike Matthew, because _ worked in China."
388,9850192320956fc9,140,"The wind during the last hurricane tried to knock over their new house, but the _ was too strong"
389,9687a8c1f6ac789e,1078,Robert has no regret for punching Justin in the nose because _ was the victim of injustice.
390,57cfc2b43236f692,1096,the scanning tool could not get through the cervix because the _ was too big.
391,c9c648fb10b99c3a,838,Steven was worried about the height requirements for the rollercoaster more than Dennis was sinc
392,d20a25ba327236de,7,The home that my parents had when I was in school was a lot nicer than my house now because the 
393,2c81bb629187e1ee,628,Jason was at practice all the time to try and get better than Christopher. _ needed more practic
394,1d340a65a4657e38,91,"Emily never had as much money to spend as Carrie, because _ had a good job."
395,ce87031ff5e919be,184,Warts appeared on Jerry's limbs after he went through the jungle because the _ were infectious.
396,a0b3b06ec18113c5,116,"Carrie posted their sofa for sale on Craigslist, and had received an offer they had to decline b"
397,894538350143a311,822,The kid looked terrible in the ancient Egyptian dress because the _ was too small.
398,ae1322c603017ff2,99,Mike doesn't like the table in his living room as much as the couch. The _ resonates with the ot
399,d725b4411610f5b6,584,The handle of the spoon was submerged in the cup of tea because the _ is short.
400,9a0d77bbc25bad99,144,"Laura brought extensions to Monica at the salon, so that _ could get their dreads treated profes"
401,37214c952d2435c2,945,"Amy recognized the man in the waiting room before Monica did, because _ had met the man only onc"
402,bf57dbf8039dafb5,986,Jessica asked Rebecca to go see a new horror movie even though _ knew she would likely to declin
403,8e08e243ef1b8909,657,"Beautiful to Angela means something physical, while it's mental to Emily, so _ is deeper."
404,6bf731640eaaebc3,301,Erin showed Maria to use the fork and knife in a proper manner as _ attended etiquette school.
405,2baaa00b14af4d73,653,She wanted to shop for more clothes and ultimately decided on the velvet dress instead of the de
406,182ef67b18b27f2f,658,"Beautiful to Angela means something physical, while it's mental to Emily, so _ is shallower."
407,d6b3f1344a8c45c0,1169,"The cracker that was given to me was worse than the cookie, because the _ was stale."
408,54e1992b0771c299,855,The gas was not smelling out of the tank but out of the hose because the _ is leaky.
409,a86bdd6b103fd6f1,1134,"Dennis's home just burned down, but luckily Donald's was spared. So, now _ is grateful."
410,1a5a1f0479bc692c,716,Hunter prepared the documents and data tables for Matthew's scientific research because _ is his
411,ca68a55c1d17e60b,977,James was able to hide to gift he brought wit him in his pocket because the _ is small.
412,e579f4f06c427722,711,"I couldn't decide if I should pressure cook or smoke the pig feet. After looking outside, I deci"
413,fda1fe122baf0ef3,390,Erin has a teenager whereas Patricia has toddler-age children because _ became a mother later.
414,c61e8fbd99b27e78,274,"Christine accepted the over night challenge from Laura, because _ had a better chance of winning"
415,2d10939782f41dd3,380,Megan didn't care for the comedians show but Patricia thought it was brilliant. _ hung out for t
416,d0a9402724fdbda7,419,"The garbage can smells much worse than the recycling, so the _ is probably a lot more sterile."
417,852fb1dac124d695,923,The student wanted to be respectful to the teacher so he got her a book instead of an apple beca
418,796e24dc6d7bc169,98,The sheet recovered can easily be hiding between the space in the door. The _ is wide.
419,d5e998cd6c0fbceb,369,"Kevin drew the blood from Ian's arm, because _ was giving it to do some tests."
420,e3abb66da5d39353,1254,William was a huge animal rights activist but Randy couldn't care less so _ loved leather.
421,4519c179936a7faa,770,Christopher declined when asked by Ian to play a game of chess because _ liked to play intellect
422,354f1c90f8a682ca,128,"Adam was law-abiding and not a crook like Joseph, so it was surprising that _ was the one with a"
423,51f6ffc08d5cc802,526,The student tried to write down the notes on the papers but the _ were too long.
424,269d92791d16fe5a,580,James passport was kept inside the purse. He never knew the _ is that small.
425,1eceab4e666bd007,232,Randy showed Samuel the abused horse that he rescued from the shelter. _ was proud of his friend
426,615322fe8ea68961,662,"The library always had more books than computers, most likely because the _ are smaller."
427,64599d6acffef99c,512,"My employer offers a bonus of either a phone or a television, but unfortunately the _ is just wa"
428,342c9ba7a5d2a5be,768,"Pho needs cilantro and beef to be tasty. However, the _ can be too savory."
429,127b3b88111e23af,639,The shirts were straighter than the pants because the _ were hanging on the hanger.
430,1bffe199f22cb230,381,"He liked filling the bucket with the hose better than the faucet, because the _ provided extra w"
431,f942cd0b63e0b853,1218,Michael had a unhappy relationship and was jealous because Lawrence had a great one only to find
432,5257fa4556c5d8f7,176,Rachel told Patricia to pick up some baby powder at the store because _ had sweaty feet.
433,3d503022ebf6ba01,1150,"Victoria was interested in babies, but Katrina thought they were annoying, so _ preferred visiti"
434,38e02bac49b4d4c8,1163,"Elena is concerned that Megan might have a Twitter addiction, but _ is probably worrying about n"
435,5b08fd956b9f1ed5,831,Lindsey has dark lips unlike Elena due to _ forgetting to put on chapsticks at night.
436,6475a6b181e3ea93,188,Adam's mindset was a lot stronger than William's because _ was able to control it.
437,1748419f512b3f45,297,Going to a restaurant is something that Patricia does very often but Carrie rarely goes to one b
438,a88ed140dc525ff9,787,Maria planned to spring clean this weekend and told Katrina they should help too. _ purposely le
439,1d5adb4d77c46d00,992,The assertive commander told the privates to change their boots but not their shirts because the
440,deab99ebe117371f,489,Cynthia had to pee after one large coffee but Betty did not as _ had a very big bladder.
441,0c6f55e669cc0039,354,The bird squawked at Mary's rushed approached and quieted when Jennifer came in since _ was thre
442,f4e657d178f2dc6e,207,In high school Matthew was most popular among the teachers as were Steven was among the students
443,2695e961c504e4bb,113,Dennis knows that Jeffrey is an animal lover and _ knows he wants to go to the zoo to see them.
444,585909392cbb6232,710,"I couldn't decide if I should pressure cook or smoke the pig feet. After looking outside, I deci"
445,b74db809205c34ce,1249,"To remove the stain he reached for soap first, then got up and got a bowl. The _ was far away."
446,918dadcc9559bb0c,913,"Monica really enjoys a vodka drink, but Felicia prefers whiskey because _ likes clear liquors."
447,5c3612aff1023ea7,950,The tree fell down sooner than the sapling because the roots of the _ were stronger.
448,c03b250c30c31222,1139,Ryan's boil cleared up right away while Christopher's boil got infected due to _ applying medici
449,c928368f21eafaea,251,Emily decided to eat a lot more yucca than Carrie did. _ was still hungry.
450,c92e366a65f5724d,364,John painted the pole red close to the color of the wall and painted the frame white and now the
451,53ebaf6a311b36c1,1124,"With my ankle sprain, I am not able to put my foot in my shoe because the _ is too fat."
452,072e927eb1865d3b,243,The man paid cash for the phone but purchased the tablet with credit because the _ was pricy.
453,a3d09a6caf444696,1026,"The food Katrina made was very bland, so Victoria added some salt; _ felt bad and vowed not to s"
454,351a2c26fc7e09a2,459,"The apartment that Samantha lived in was a lot smaller than Megan, because _ had a little salary"
455,533ee42023265f3d,1012,"Justin admired the art hung on the wall by Nick, so _ asked if he would like to take something h"
456,129a1d4ebe616235,464,Kevin was not able to run fast compared to William because _ had no broken bones in his body.
457,5fccea5ef3fd8a95,874,"Craig was all about self-publishing his first album, but a PRO rep Lawrence advised against it. "
458,4942c6a483591467,892,The jeans fit worse than the shirt because I had tried the _ on at the store.
459,817658f4424f09b5,368,She suspected that her old makeup had expired after she put it on her skin because her _ was har
460,876ad9ef424be008,529,The personal trainer gave Laura but not Victoria the more difficult exercise because _ was out o
461,091615d52eee59bb,1122,"The stores used posters instead of flyers, because the overall cost of distribution for the _ wa"
462,9d1de469a74dd23c,97,The sheet recovered can easily be hiding between the space in the door. The _ is thin.
463,7502b01fdec4c51b,264,Jennifer returned the pan to Sarah because _ had loaned it to her for the potluck party.
464,83bb0bfd95e6ef89,963,Brett took more medicines than Aaron did although _ was suffering from many more diseases.
465,a7637291f9b7e945,568,Benjamin was able to use their device for longer than Steven because _ remembered to bring their
466,c13ce267b4fc42ef,1115,"Natalie is a forest ranger, Jessica is a cook therefore _ probably can't tell you how to plant y"
467,e5361d2f24f8e90d,1223,John was glad the file was kept in the box before the fire outbreak started because the _ is inf
468,f667e01d01888b09,793,"Jen made charcoal to use as a mask and as toothpaste, but using the _ made her teeth very white."
469,f1eab7d27ba653e3,605,She wanted to sew a shirt from silk she bought and a jacket in denim from old jeans so the _ was
470,f76df363bce31e8b,749,Ian was supposed to be babysitting for Dennis but didn’t show up because _ was forgotten.
471,27ddafc91e001085,143,The jewelry sold for less than the baseball card did since the _ was very common.
472,cab200450c7b3bd8,174,Kerry was running later when he took his car to work than when he took a taxi because he ran int
473,3dd17eac29f38195,132,"Ann's babies were crying, and she could give them a bottle or a rattle. She tried the _ first in"
474,55f28a21572e6cf0,1024,Christine was tired of Maria being a pain in the neck after _ laid down the prank trap.
475,044070f78178061c,828,"Patricia teaches Kindergarten students, Christine teaches High School students therefore _ doesn"
476,d1c866fca7266397,708,Connie likes to cook at home and decided to forgo a roast in favor of tofu because the _ is usel
477,7177ac2563abd285,1077,Robert has no regret for punching Justin in the nose even though _ was the victim of injustice.
478,69b0b9469e45fb2d,1212,"Amy left smears all over the surface after cleaning Kayla's sink, because _ didn't supervise ver"
479,01be77ec53d3a0ee,830,Lindsey has dark lips unlike Elena due to _ remembering to put on chapsticks at night.
480,ea2cae2d7ec3a540,705,"The medical waste was moved from the bag to the bucket, so the _ soon became sterilized."
481,789d4156db4d4d0c,896,The athletes on the team of Christine were less tired than those on the team of Monica because t
482,710da2dd134c46f7,1148,"Betty avoided getting attacked in the dark alley where Elena was mugged, because _ ignored their"
483,5ad49b2fca3e24e6,172,Tina made a schedule to keep track of her work and school obligations. She preferred to focus on
484,33b929d44e732c34,1066,Logan preferred to snowboard while Kyle wanted to do biathlon so _ went up the hill.
485,a6a698a79c1965a4,342,The woman practiced for her interview and not for the sport since the _ was expedient.
486,77a1a9fb19cf9fc0,805,"We set up the treasure hunt, but the treasure chest was found easily on the path because the _ w"
487,ae5eac9bf9309a24,1092,"Erin was self-conscious of her legs and Katrina didn't help by making fun of them, but _ went to"
488,28b8b1f7d3c40374,237,Emily said that Victoria's hijab was silly and old fashioned. _ heard some very offensive things
489,16199f4c5103ad02,536,The chef added butter to the pan on the stove and it began to melt right away because the _ was 
490,ec0895e50b6f3ee0,1120,Justin used a stencil on their presentation lettering but Derrick did not. _ had a very neat loo
491,64b78bb1cd5b2f82,729,Jessica found the heavy load at work overwhelming but not Katrina because _ did a poor job at pl
492,6fe153e09cb62c91,1084,"William was very comfortable entering Kenneth 's personal domain any time, as _ was very self-as"
493,153a87652108f938,1213,"Brian could learn to swim with the right instruction, but it was hard to tell whether lifeguard "
494,dcd9784ae1309c28,44,"On Monday, Patricia made Felicia eggs for an early breakfast, but _ does not like fried eggs."
495,0c8e9a8579953213,1241,Remodeling the kitchen came naturally to Michael but not William because _ had experience being 
496,e743d99f782872bd,617,"It was easier to get the soil loosened up with the pick than with the shovel, because the _ was "
497,fd44f0a359abd478,125,Felicia liked wearing glasses more than braces because she could take the _ off every day.
498,afa5f89a6872e00d,872,"Christine told Samantha at court their reasons for their expired license, since _ had the respon"
499,bfea68e34d44e4ea,870,"Derrick needed Kenneth to go to the store and get a baby bib, but _ said the one they had was st"
500,b4b9c4ea2a51d328,905,Brett looks as if they are aging at half the rate of Craig because _ has lived a rough lifestyle
501,b1e2ed0f829345ba,1006,James wanted to wear the corsage but it wouldn't fit around his wrist because the _ was too big.
502,c149f07d6354a7ce,374,Erin was eating more than Betty was eating for dinner because _ had a big lunch.
503,235f47dd44511b81,827,Amy tried to spread the cake icing all over the cake but the _ was not enough.
504,00db0fc61c3fe89d,547,Joe drank his milk and tried to dunk his cookie in the glass but the _ was too big.
505,21a52020a3e3827a,238,Emily said that Victoria's hijab was silly and old fashioned. _ said some very offensive things.
506,a837e8413e9fc37b,1091,Felicia experienced a tummy ache while Tanya did not because _ had not eaten any food.
507,c56bbd5b03f041b6,396,"Neil was a very popular kid in school unlike Jeffrey, because _ was very extroverted."
508,16f384f8a0417537,275,"The woman kept the bikini but returned the top, because the _ was the right size."
509,20c5c50f23c5e1a3,515,The stain in the bucket could not be cleaned with the brush because the _ is tough.
510,ce880de66d9583a1,975,The man took longer to pay for the shoes than the shirt although he paid for the _ in coins.
511,ae79093822b46ca0,848,The clothing in the north was warmer than the clothing in the south because there was more sun i
512,3b9ffcbd39467809,276,"The woman kept the bikini but returned the top, because the _ was the wrong size."
513,a7034e341e883da4,915,Cynthia felt very thirsty but Sarah did not feel thirsty. _ bought a bag of chips.
514,fe400ea086ffdedf,445,John opened the window for air to come him when he was sweating in his bedroom. The _ is cold.
515,2841a59981b175b5,562,"The pine trees were still green in December, but the oak trees were not, because the _ lose thei"
516,e1ad2b812dc22535,470,"At Jan's home, she dusted the dresser more frequently than the fan, because the _ was easier to "
517,61b2f65c330c13b7,370,"Sookie roasted a turkey and served it with potatoes instead of carrots, because everyone in her "
518,dc62c078a0f817f7,443,Mary goes around telling everyone that Christine is too clingy because _ likes to be touched..
519,cc9523701abd0788,108,"The doctor offered to treat the patient's illness quickly with surgery or slowly with diet, and "
520,09721229b7bacee0,1194,John cannot listen to his music with the volume of the television his cousin is watching. The _ 
521,ad605899d0b40fc4,614,"Megan wrote on the paper with a pencil unlike Jennifer who wrote with a pen, because _ wanted to"
522,e2da3c61a0836cd3,12,"I had to read an entire story for class tomorrow. Luckily, the _ was short."
523,c580d4c211023dc6,349,"Adam loved dogs but Jason was afraid of them, so only _ petted the poodle."
524,c90bde0c04339320,933,The chopstick were better to eat the noodles with than the fork as the _ was repaired.
525,4578eb8cf97faf48,858,"My home is closer to the store than John's house, because the _ of me is next door."
526,81ba77f9e00c72f3,379,"Ian's hair is being worked on by Craig, so it's more likely _ is the customer."
527,3c565fa54964f772,581,James passport was kept inside the purse. He never knew the _ is that big.
528,1536222867624334,355,Ryan was always behind Donald in high school because _ had a diagnosed learning disability.
529,f9d5d752e3d82e5c,879,"Christopher was able to travel abroad, while William only travelled domestically, as _ had never"
530,1ec4361de5994775,123,She counted her calories for her diet and found she needed more so she ate a brownie instead of 
531,8e48e969e99f2143,1095,"Lindsey loves dogs and doesn't have one of her own. So when Amy visits with her dog, _ gives it "
532,e4d3e15150e4c10f,104,The game of chess was easy to play for Angela but not Rebecca because _ did not have an analytic
533,7bfbdc791d34a48d,248,Samantha had to get car insurance and Jessica did not because _ just got a new car.
534,6be9b1ff4a84bda8,861,"While at the store, Logan grabbed a head of lettuce for Eric to use for dinner, but _ already ha"
535,8f294b8871cb41c9,1087,Lawrence had lost a lot of weight on their diet but Hunter wasn't nearly as succesful. _ was now
536,6b0c1930b1ec9d72,406,So _ ignored their ear because Jessica has a ear infection and Felicia was fine.
537,9382fa622a0c58e9,384,Ben wanted to propose to his girlfriend by hiding the ring in either cake or water. He decided t
538,0bcfce2d8c62040d,319,"Matt wanted to change either the plain bathroom or the colorful bedroom, but the _ was already c"
539,4d9f6e78c83117a5,26,All the clutter in the house excited Leslie but not Derrick because cleaning energized _ very mu
540,d84e27fe7e006101,813,Michael had less money than Samuel did because _ liked to shop and spend money too much.
541,5735df5b78a7f6c6,1234,The girl broke Leslie's heart but not Kenneth's because _ used to be in love with her.
542,546dc56958c25b69,167,"At the estate sale, John saw the hammer was more affordable than the screwdriver, because the _ "
543,966d16d092a80649,1181,"The woman didn't need an apprasial for the desk, but wondered how much the table was worth, beca"
544,03858c5a8c4451ab,171,The woman used a gentle technique when painting the urn but applied more pressure when painting 
545,4f238ee8687eaf39,377,I chose to drive the car over the truck because the _ had a large amount of gas.
546,503167ed7465d656,1105,"I don't want to use that iron on my new shirt, and, yes, it's because the _ is too expensive."
547,fd7a8f8e5ad2e8f7,745,"Angela noticed the lumps on Amy 's arms that she had failed to notice, _ is just oblivious that "
548,e4bfe1e2aa93ab6d,1075,Kelly was embarrassed when his toga fell off at the party and people saw his underwear because t
549,4858d3f71bd8b3c9,117,"I picked up some leaves to put in the books and dry, but they didn't fit because the _ were too "
550,c303c69c1d278630,860,James always had to wash his shoe after jogging on the street but it is not always the same when
551,775df3de0b0c415e,129,The wages at the factory were lower than the wages at the plant since it was more safe to work a
552,1252468d4ba39d12,640,The shirts were straighter than the pants although the _ were hanging on the hanger.
553,ec815a93dbf43f13,756,"While playing soccer, Robert got kicked in the head and Joel laughed at him causing the coach to"
554,557dbbf683ad7be1,1129,James was suffering from nausea and decided to drink ginger tea but the _ was too meek.
555,fbebe981017c1694,808,"Donald took medication for their anxiety, and Craig went to therapy because _ was private with t"
556,e1635abca7402c1f,645,Justin usually paid for the gas when Craig always said he was broke. _ was generous.
557,2f2af4da64984a5e,31,Mary thought poodles were a cool dog but Rachel thought Great Danes were cooler. _ bought a smal
558,736555c09b24c52c,41,The man used his eyes to read the letters but the _ were too small.
559,ffd05a83a0c84de2,1204,The shoddy bridge held secure for when the cars were getting passengers across the town to their
560,801e93f324496287,1117,Patricia was on a diet and did not eat the cookies Rebecca baked for her. _ was jealous.
561,200d01f371a557cb,846,"The smell in the kitchen of the home is unbearable, while the laundry room smells fine. The _ mu"
562,c0447fea4e93de4c,53,Jennifer was more of a morning person than Natalie although _ always went to bed early and got a
563,1b727e35b6a28c84,1190,"The hiking group had more food than water, so they tried to conserve the _ ."
564,39e66f41f590ebe1,19,Christmas was a special holiday to Eric but not Adam since _ was a Jew.
565,a77c6603564fca56,1174,"Patricia is a great nurse and Cynthia is a famous doctor, blood is normal to them, _ get assiste"
566,33953d8245b88520,965,Benjamin lied to Logan because _ was so upset about the money that was missing.
567,9cc04efa449e0be8,258,"It is an article of faith that the paper is more important than the exam , even though the _ wei"
568,bdebcf11e6f7df59,431,When the dog behaves I like to give him a sausage otherwise I give him a ball. I gave him the _ 
569,cdddc330f5a4c440,284,James listened carefully to the conversation from the other room but all he could hear was the c
570,6ff14ce847eb507e,575,For work I can either get there by car or bicycle. I'm going to take the _ today because the wea
571,011e8f82c8c575b8,345,"I have both glasses and contacts, but the cleaning solution was empty so I wore the _ today."
572,3bf14ca952d93731,739,The market was going out of business so they sold their products but not the lots as the _ were 
573,b41a64ffb4ab41d6,1019,"After visiting their tenth college, Kevin asked Donald to just make up his mind, because _ just "
574,115681f30d32f670,216,"Cynthia had a much harder life than Amy, so when _ said life was good, it was an unusual sentime"
575,2501929363447f4c,335,Katrina turned out to be much more spoiled than Felicia because _ had wealthy and generous paren
576,beee6da3dab74c4d,730,The brutal boxing match was suitable for Christopher but not Samuel because _ did damage to his 
577,7e965c15d470d820,266,The doctor told Kevin to exercise more often but not Neil. _ had always been active and self-mot
578,ee2663873d81c5ab,666,"Craig had cereal for breakfast while Dennis had a shake, so _ finished drinking their breakfast."
579,50fbc5cb10f3f321,1158,Jill bought a slip to go with her new skirt but the _ was too long and it hung out the bottom.
580,e7ee8405bc950d3d,472,"The doctor suggested alternating between ice and a heating pad when I strained a muscle, but he "
581,62278263d7b068e6,1079,The dark circles under Erin's eyes were darker than Cynthia's due to _ being older.
582,b24a7afa3b1d98e9,1071,Rachel knew exactly how to treat the injured person's wound but not Emily because _ took a woodw
583,0737da78a5edd5ec,85,Amy went over to the waiting room at the hospital to calm Samantha because _ was placid.
584,9d05710ccbf4c63b,586,The water in the car was cooler than the water in the truck because the engine in the _ had run 
585,7f8e1df0919be01c,577,"Because William developed a sore knee during his race against against Kyle, _ won the race."
586,80da24a17de316f5,403,"At their high school's homecoming dance, Natalie stayed on the floor for the slow dance while Ma"
587,0606b010761a2083,27,The portions of food today were bigger than the sizes yesterday because the _ fed more people.
588,26cedbea9484f8aa,1142,My teeth hurt more after eating the cake than the pie because the _ was not as sweet.
589,2711280c38cb1e85,894,Nelson teased Christopher about needing to find a homecoming date because _ already had one.
590,0b185834e63959e8,478,I had to rake more leaves at the house than at the office because there were more trees at the _
591,1a20b2349eedb22f,169,The sliding glass door was broken when Eric pushed Ian through it because _ is a pushover.
592,ac64df133ab3dce3,414,The building's ancient foundation was re-enforced with a steel alloy during the remodel because 
593,fe09bde8d01d64e8,344,"The boot was removed from the car tire and put on the truck tire, since the _ was now legally pa"
594,da01002e55336895,613,"Megan wrote on the paper with a pencil unlike Jennifer who wrote with a pen, because _ wanted to"
595,e8d27f8d04f894f9,29,"Christine was going to Jessica's house to do some cleaning in the kitchen, because _ was a energ"
596,f73aebc3c6e6f357,1068,"She watered the rose but not the cactus, because the soil of the _ was already dry."
597,075e4abd79061159,763,The musician liked playing at the auditorium more than at the park because he sounded quieter at
598,455b1c07383aae1e,279,Betty assisted Kayla with the daily analysis task they were assigned and then _ ask for help her
599,0bd93e7be282a160,715,"The company wanted to increase labor productivity with its new machinery and camera, but the _ h"
600,d1887e57c6835ae5,499,Cynthia gave a rabbit as a companion to Carrie because _ thought they were lonely.
601,9ca71b9c0b565365,225,William did not mind if it took them a while to prepare a meal but Adam did because _ was very m
602,f0224d95536b746c,559,"We were going fishing out on the dock later in the day after we couldn't all fit in the boat, be"
603,f6a922b90b1c9b85,901,James was able to hide the book inside his jacket because the _ is big.
604,dc2ddb7bdca67753,1123,"The stores used posters instead of flyers, but the overall cost of distribution for the _ was ch"
605,a0b578e502ab3a2f,399,Jason but not Craig asked the company if they were currently hiring because _ has a job.
606,1b2c94ccde5cccec,305,Steven helped Derrick do research on the paper because _ had access to the internet.
607,75c3a9fbcef432c4,360,"Brett was actively engaged in weight loss whereas Benjamin was trying to gain weight, so _ maxim"
608,9718e38ccedd1436,1135,Megan focused more on proper posture than Lindsey because _ wanted to become a model.
609,ee7350dc8ae65ff5,993,"The chef decided to omit the chicken from his signature dish for the party, because the _ needed"
610,f0db56777d684504,1049,"The trumpet part overpowered the reeds but could not be heard over the strings, as the _ were ju"
611,7da7543778d96bbf,681,Monica can speak English and German but Samantha can only speak English because _ is trilingual.
612,6d85d075075d46ce,20,To make frosting I needed pudding that was at a store 15 minutes away but pre-made frosting was 
613,f57eab807dc30ae9,1032,"The battery of the the phone died faster than the laptop battery, because the _ was always on."
614,7741f0b679ebfd97,398,Betty used glue to fix Megan's toy because _ was too young to use superglue.
615,546e0e51a9f280e9,732,Going on a diet was easier for Benjamin but not Donald because _ did not know about any differen
616,ae932e3367fc11ad,211,The fishing line snagged and broke on a rock because the _ was too heavy.
617,44fd25fd30da9f6f,63,James panicked when his phone fell on the table thinking it will break but the _ is strong.
618,7bbb4e7ba1ac1f9f,425,"The new cream didn't remove the warts like the last lotion, because the _ was not powerful enoug"
619,bbfd092a9a5a28b9,477,Carrie was helping Patricia diet and exercise at the gym to lose weight because _ used to be ove
620,72b1bef6199b58b1,1119,Justin used a stencil on their presentation lettering but Derrick did not. _ had a very sloppy l
621,33d050d2787caea7,750,"Donald was able to catch the Frisbee thrown by Eric, then _ was thrown the Frisbee back."
622,f1eb13761eff6e7d,417,She wanted to learn how to pair wine so she bought book instead of using a magazine because the 
623,989949eb524f29a6,912,"Monica really enjoys a vodka drink, but Felicia prefers whiskey because _ likes dark liquors."
624,42199586308b223c,1184,The teacher was helping us study carpentry instead of studying the cooking today. The _ was mand
625,846510e370e9c7c7,219,"Lawrence dealt the cards to Joseph at the blackjack table, because _ was a professional player."
626,cfb0c633fef8402e,156,"The IRS sent Tim a letter informing him of the audit, which could occure at the house or the off"
627,432680f237084622,1050,James forgot to put the food in the freezer so he had to eat the fruits the next day because the
628,d1cdb185ab6e93cb,236,Natalie took a longer time to take a bath than Jennifer because _ liked relaxing in the tub.
629,81a80bdf6892df8a,1041,Mastering the game of chess was easier for Brian than William because _ had an analytical mind.
630,ba6aedc435973341,1108,"Kyle was in a lot of pain after running the marathon in place of Brian, but _ appreciated the su"
631,35f0783835a30333,984,"When Leslie told Aaron he only wanted to eat food that was healthy, he was laughed at. The teach"
632,e0a0da194b935bac,553,"The children were not vaccinated, which was fine with Betty but annoyed Mary. _ believed they ma"
633,8226646d3be66d42,1154,"Natalie is extremely shy, but Lindsey is good at talking to strangers, which makes _ worse at te"
634,52c6352281661e9a,842,"Despite the fact that Joseph was sick and Craig was healthy, _ still stayed home from work that "
635,10769d8a86418e11,898,"In order to increase her estrogen, Jenny started eating carrots instead of donuts because the _ "
636,e61ca5ed0cfd43d7,1141,"Angela wanted to find a partner, but Victoria wanted to stay single, because _ was lonely."
637,c2dc1a25b7a2473e,1018,"The teenager chose a jeweled pin for her belly piercing, but the _ was too huge."
638,5d79a632d3f37eb6,79,"Aaron didn't know Dennis had a peanut allergy, so when _ made peanut chicken an ambulance was ca"
639,39475124c5df33c4,450,"Maria never received flowers from the customers unlike Monica, by virtue of _ being polite."
640,afee6a239fbab163,281,The juice from the mango fruit could not fill up the cup because the _ is small.
641,5ad81a8c07b096ad,952,The man with the fever came over and talked to Carrie and not Lindsey because _ was a patient.
642,c6d893f84061e21f,641,"The man thought lifting the rock, not the log, would give him a hernia because the _ was lighter"
643,4401f0cd2ea4c9fc,496,"The TV that Samantha bought costs more than that of Carrie, because _ was poor."
644,95f5347fa1654fa3,533,If I want to build a swing should I build it out of wood or use a tire? It seems like the _ woul
645,22eab7c3dc8e8ed5,878,"While waiting for the movie to begin, Natalie bought popcorn and drinks for Lindsey, since _ had"
646,607c097066f96b53,253,Ian needed to adjust the mirror and Craig did not because _ was shorter than the owner of the ca
647,bd737d937c513c0b,265,The doctor told Kevin to exercise more often but not Neil. _ had always been lazy and unmotivate
648,e55f6174d36f7853,1089,"Tanya wanted to audition for the show that Sarah was casting, so _ watched her routine very care"
649,fce89cc0885dfa8a,1175,Logan checked Samuel's garage to see if the car was there. It was missing so _ was gone.
650,571791d168af3335,162,"John never mentioned his canoe, but had a long conversation with Ron about the raft, because Joh"
651,f1ab7142709f281c,456,John sold the three chairs and used the money to buy twelve shoes. The _ were more expensive.
652,182960167619c974,723,"The doctor couldn't treat the arm infection, but was able to handle the ear ache. The _ was more"
653,ec9f27aeb7a83543,436,Monica was caught napping in class more often than Katrina because _ stayed up all night.
654,5f567acbb04fee5c,516,"Samantha was not interested in hearing about Tanya awesome marriage, because _ was happy all the"
655,da35f9d6d38f5e7a,627,"Erin frequently suffered from hair loss while Samantha had healthy hair, as _ was never stressed"
656,fe44aa6038f3d883,453,The watch could not fit on the arm properly because it had been cut by a blade. The _ was short.
657,cd8292638332779f,324,Police arrested Maria but let Cynthia go as _ had some paint on their hand from the spray paint 
658,43e77840f149835a,1015,"Dennis warned Craig if they were late to work agian they would suffer termination, _ works for t"
659,aa817de676be01e9,572,"She decided to report the accident and the burglary, but the _ required much more investigation."
660,edc2671cff631e20,989,"Amy's being taught how to pay it forward by Kayla, so _ is likely the younger person."
661,49616031d4de4562,667,"Craig had cereal for breakfast while Dennis had a shake, so _ finished eating their breakfast."
662,2cc6bd0ac61e01ac,136,Mary can read the clock in the room at night without the light even though the _ is dark.
663,5d597cbf12c154df,467,"After Logan pitched a ball that got clobbered for a home run by Justin in a baseball game, _ fel"
664,f7057bd520204f4a,1055,"On the playground at school during recess, Monica called Emily a chicken because _ was scared of"
665,253b9a4534213382,1195,The honey flows out slower from the bottle than the oil. The _ is viscous.
666,acc75d1fbdac8d91,1044,Kyle loved to camp in the wilderness but Justin preferred a nice hotel. _ booked a trip to New Y
667,d42df77f71996e91,1109,Amy asked Maria how to make homemade candles to give as gifts. _ knew she had a lot of experienc
668,75db2c9b92e835bd,475,"Benjamin has a spouse and Kyle is single after being divorced, so _ is celebrating their indepen"
669,8e41d071b6ce1672,530,"When the car was brought up into the shop, the brake was replaced when the wheel wasn't, since t"
670,e6bdd9a21e73f208,180,"I started playing drums young. Sometimes I played in the garage and sometimes my room, but my pa"
671,98401ac0fd1e3d01,1156,Benjamin thought Android was the superior phone system but Ian thought IOS was better. _ bought 
672,0fce7f61670523a1,1176,Jessica was arrested for growing hemp by the police but not Sarah because _ fled during the fiel
673,6e410512e7a21b6f,1136,Megan focused less on proper posture than Lindsey because _ wanted to become a model.
674,66c2d7942e919783,5,"The cat of Sarah has some mouth problems, so she takes it to see Maria. _ is a responsible cat o"
675,b9b836800ee65306,671,"Ben had to respect his toys and his books to ensure they last long. However, it was difficult to"
676,b1e1c1c909cdd7a9,852,The rib-eye steak needed some artisan pepper to season it because the _ was bland.
677,34d99770e2bb8466,249,The stain was lighter on Jason's shirt than Donald's because _ spilled red wine and not white wi
678,5b7b186a30fe39e9,790,"During the charity drive, they decided to donate the couch but not the bed because the _ was bro"
679,2f4b51f97c03eace,506,Katrina wanted to build a new picture frame for Samantha's portrait because _ was an inexperienc
680,6a8155aff64296a9,1214,I slowly poured the milk over my bowl of cereal until the _ was gone.
681,563728a9d0395836,199,"Craig gifted Eric a new picnic table, because _ lent him some money a while ago."
682,1c2a068e004cc2a6,589,Research came easy to Monica as compared to Erin because _ 's father was a landscaper.
683,a74bca8ea8ccb277,1177,Jessica was arrested for growing hemp by the police but not Sarah because _ stayed during the fi
684,0dcbff92b7bc7fdc,424,Mary went to the office to receive a new card with her photo on it and discarded a sticker becau
685,03ccb7a6a0f2f8fc,1211,"Carrie always arrived to work after Cynthia, as _ had a shorter driving commute in the mornings."
686,96c7e65d752272c2,942,The food that Hunter ate was spoiled but not that of Brett because _ left his food outside.
687,a2621bb9938ecdc3,625,"My mom didn't fit the shape into the painting, because the _ was too complete."
688,4bcbeee65f26256e,486,"Maria gave Samantha the blue floral pants, because _ didn't fit into them very well."
689,4262dbb9cd1cfa94,926,The creams didn't work as well on my skin as the lotions did because the _ were new.
690,88f278ea4fc888ce,47,It was easy for Angela to become a vegetarian although Kayla couldn't do it. _ really missed the
691,1a73de5d62f5cb06,916,Samantha failed on the test but Mary got very good marks because _ had been very lazy.
692,64b8e1cb51505af8,150,"Megan took Monica to a wood shack in the mountains, because _ was a kidnapper trying to hide."
693,a0b0895e80c05b84,203,Whilst on the beach Cynthia loved to wear a bikini but Laura did not because _ had a flat stomac
694,55b67c4ebc00026f,230,My face was more familiar than it was at the bar than the gym because I went to the _ very rarel
695,c61f4bb6fddd3d0b,317,The sponges performed worse at cleaning the tub in the bathroom when compared with the cloths. I
696,0b9577ed1ff919d9,688,Samantha was pretty good at math while Natalie was better at English. _ enrolled in a storytelli
697,25606810cbf500a2,976,James was able to hide to gift he brought wit him in his pocket because the _ is big.
698,9df15a7d2b383dda,95,The arrow stuck to the bark but not the stone because the _ was hard.
699,eb85b13e2d104810,343,"The boot was removed from the car tire and put on the truck tire, since the _ was now illegally "
700,c7dcad10daf4e7a2,966,Samantha decided to mix the mortar while Rebecca applied it to the wall. _ was not good at the f
701,2c11e8fae78b395e,648,Dennis did not enjoy their afternoon but Hunter did because _ left work after the sunrise.
702,4e11498cd9237fc6,1203,"Christine knew how to make wings with better flavor than Maria, so _ waited for supper."
703,6b49f919aa6af58c,527,"Samuel had a shorter expected lifespan than Kenneth, so _ procrastinated in following all their "
704,59181af2830ba21e,290,It was easy for Matthew but not Logan to practice yoga because _ wanted to improve their mind an
705,801f7e44539d934c,86,Megan forgot to buy deodorant at the store so they borrowed Jessica's deodorant and _ never foun
706,72bc6a4aaeec6588,674,"Cynthia has a pond in their backyard, but Carrie cannot afford one, which means _ lives in the r"
707,69476c930d468a72,173,"Jessica wants to protect herself from infectious diseases so she goes to doctor Samantha, becaus"
708,4361d5dc191db68c,1035,Megan picked up some olive oil for Felicia because _ hated to cook but loved to eat.
709,7c9f0d36f274a3d7,771,Natalie had a phobia about crossing over high bridges but Tanya didn't. _ had to re-route their 
710,0582a20d7016d8f7,934,James was finding a space on the couch for the box to be placed but he could not find it because
711,863bdc2eb06cdbb7,978,"Sometimes I write in my journal with a pencil instead of a pen, but the _ can be run dry."
712,52dd5df1cfa9ed2f,712,The computer ran faster than the tablet because the files on the _ were larger.
713,255026a9fb1742d7,868,"Patricia did laundry by hand, but Lindsey used the electric washer, because _ wore clothes made "
714,a6c56bb71ebbf2b1,1208,"Cynthia was happy to give Patricia the politics section of the newspaper, because _ had little i"
715,75e4d41707bd264e,329,"In the accident the vehicle of Nelson received more damage than that of Justin, since _ vehicle "
716,75e18c0c1de6fd03,670,Garrett was always feeling fatigued because of the energy his job demands. The _ of the job is t
717,9629b92e0eb0a293,621,Joseph wanted to sell lemonade at a stand in the summer months instead of the spring months sinc
718,9968a46ad67561bf,1002,"Emily delivered the daily newspaper to Samantha promptly, so _ expected a nice Christmas bonus."
719,edba2c3f5364036b,851,The rib-eye steak needed some artisan pepper to season it because the _ was flavorful.
720,076e0626519f60a6,843,"The teacher asked for the homework. Elena played games the night before and Tanya did not, so _ "
721,7a7c5c4b308a54c5,293,Harold liked to play with dolls more than cars because the _ talked back to him.
722,ddd1502a510b0739,311,Jason considers he and Benjamin to be friends so _ puts a lot of effort into their relationship.
723,725146b8c30ef97b,0,Sarah was a much better surgeon than Maria so _ always got the easier cases.
724,8551a6ee7764f5b0,561,"The pine trees were still green in December, but the oak trees were not, because the _ keep thei"
725,24e11dfe0251ac42,415,When we go hiking I bring my backpack because it has built in water bottles and places for snack
726,2a3aa115195088ba,308,"Dennis is changing the sand in a pool filter for Joseph, because _ is a bit lazy."
727,b548e107bc5ac68b,582,"Of the two owners, Jessica was far worse than Jennifer, because _ like to treat the dogs."
728,8c9448ae2819a648,630,"The creatures attacked Derrick while ignoring Ryan, because _ remembered to put on the repellent"
729,8a258821dade6b57,1258,"She couldn't wear the bra, unlike the shirt, because the _ was the right size."
730,d617a93ebc98682a,693,"Tanya loved pepperoni on their pizza and Katrina loved sausage, so when it had just sausage _ wa"
731,c2b33ae9fc6705dc,388,The lease in the city was more than the lease in the country because the value of the property i
732,f7f379f219e5fc91,751,"Donald was able to catch the Frisbee thrown by Eric, then _ threw the Frisbee back."
733,34b6cad655fbce53,430,After a short time we stopped pouring the tea glass in the pot because the _ was empty.
734,c3d5e3038e21c03e,196,Brett asked Nelson where they were because _ had had been driving after he fell asleep.
735,7e91b6eeb0ed609d,850,"The thief tried to escape over the fence, but the _ was too short for him to climb over."
736,dadd6fc4e79fb642,910,Sarah had to call in an expert unlike Erin because _ had no knowledge on the subject.
737,e21c836bdaa49eaf,302,Ian won a fish from Kenneth at the carnival so _ bagged it up and sent it home.
738,44c95387deaa691a,1016,Patricia bought Christine a watch for their birthday because _ was tired of asking about the tim
739,c2c72fba8c1c2044,412,"The box slid down James hand when he was wearing a glove, hence he removed it and lift it again."
740,5fe7f1f19988467c,1193,"I wore the pants and the shirt together, but got more compliments on the _ because the shirt was"
741,7aa8d4570aee4a27,418,Tanya read the contract carefully before signing it but Patricia didn't. _ didn't get ripped off
742,ad1486996434fd73,840,Joel has experience driving large vehicles and Lawrence doesn't. _ drives their RV with accuracy
743,559839ed165e0b47,316,They discussed the company's budget at the business meeting but the _ was boring and the topic o
744,75bc71645ecc50a2,519,Craig had a slower running phone than Logan because _ had more apps running on theirs.
745,8089a9292b6050c3,1192,Mary used the lotion instead of the cream because her skin was glowing when she used the _ .
746,80b03b54fd2c3d4c,737,The kitty ran away from Kayla and not Felicia because the kitty had known _ for many years.
747,01cdb2310c17604f,127,"Adam was a crook and not a law-abiding citizen like Joseph, so it was surprising that _ was the "
748,3c86bf9653d05f2e,908,The store had 80 platters but only 2 bowls left in stock because the _ were in high demand.
749,ec37e6ed8b6d560d,774,Rebecca had a way of minimizing risks whereas Mary usually did not. This made _ want to assist.
750,c4e8b356eb4afa49,1097,the scanning tool could not get through the cervix because the _ was too small.
751,48b24fbfc09f9604,1167,"The pharmacy offered a product that could cure any disease, made of a new chemical and container"
752,038bba1c63f34506,680,I got more use in the gym than at the playground because the _ had more things to do.
753,5b64c2357a0039e5,796,Robert usually didn't like fish as much as Kyle however _ had a disliking for sardines on pizza.
754,4b7836358d9954ef,441,The lips on Cynthia were much bigger than Monica because _ got hit with a softball in the mouth.
755,0e0a6c377817cd8a,372,Betty learned to play the cello well but Erin did not because _ was very impatient.
756,7b201bbdc762500a,1056,Hannah had to get a lawyer to help her understanding of the contract language because the _ the 
757,7462d697b85e4d93,686,Eating spicy foods better suited Robert and not Adam because _ never got acid reflux from salsa.
758,3180af535ce70f7d,1054,"On the playground at school during recess, Monica called Emily a chicken because _ was capable o"
759,2ad9822c944c0196,736,"The dog hated Kevin but loved Derrick, so _ started bringing the dog treats to change its mind."
760,656ff57cbb59455e,891,"Benjamin asked Samuel to buy them a puppy, because _ could not have a pet."
761,dac1d474892f110b,551,"The bank permitted Michael to open a checking account, but not Matthew, because _ was unemployed"
762,f35d08cead41c65c,532,If I want to build a swing should I build it out of wood or use a tire? It seems like the _ woul
763,99169452a141c783,1121,"The mirror didn't lie when it showed how overweight Patricia was and how emaciated Felicia was, "
764,2c9adc6fa827f792,773,Kenneth did not like Hunter because he was not a good manager. But he still respected _ because 
765,bdde2f14e2b545fe,1061,Elena was asked by Jessica to put patches in the holes in her pants; _ gave her some she bought 
766,007ea2de63100923,1165,The flour spills out when we use an ancient family recipe and pour three teacups of flour into o
767,b539bf37e2bd1512,260,The tip of James pencil was breaking while writing on the paper sheet. The _ is weak.
768,85cb4528e13d8359,1007,"Laura was climbing down from the roof and Katrina was below so, _ was holding the ladder."
769,716b3b085260d778,590,"Because of his rash, he opted not to wash with soap but with oil, as the _ would soothe it."
770,8f02b926e36605be,394,The employee tried to put the extra clothes in the closets but the _ were too small.
771,1108579abb91e314,785,"Emily had always loved kids and Jessica felt the opposite, so _ was surprised to become a pediat"
772,bcb3d05b7ad072de,523,"Mary wanted to surprise Cynthia with a puppy for Christmas, so _ asked about allergies to dogs."
773,6c9c94fa033cf498,620,"Samantha couldn't see any alternatives, but Emily could, because _ wasn't nearly as open minded."
774,542fc4814726de87,446,"Even though Ian had less of a sweet tooth than Robert, _ liked chocolate more."
775,5cf1f100db3e8473,953,Samantha told Lindsey to be careful with the porcelain doll; when she ignored her and dropped th
776,71f81d59e53a348d,746,"Joel ran out of toilet paper, so he asked Dennis in the stall next to him for some. _ was reliev"
777,fbb01748c3450817,353,Kevin was worried about Eric's infections so _ decided to go to an emergency clinic.
778,84667f6217ae6531,444,The parakeet flew to Hunter but flew past Samuel because _ had some bird seed in their hand.
779,fac82ff5bf0e4252,610,Dennis invited Joseph on a trip to the hatchery tomorrow morning because _ was also interested i
780,ee4742fbf43ca2ec,111,"Sarah was quickly promoted to manager over Kayla, because _ excelled at angering other people."
781,a806f54b91c469d8,811,"In order to grow his plants naturally, he bought fertilizer and water. The _ was filled with nut"
782,8e5a926d5db2b18e,932,Samantha gifted her new bathrobe to Betty because it felt very itchy for _ when she tried it on.
783,fbd20cbd4241a53e,594,It was easier for the diner to follow their budget than the food truck because the _ had less mo
784,c58fbb36c320b6a6,182,"The sand and water in the fish tank were very dirty, so the _ needed to be filtered."
785,42aa822c76d29414,1168,"The pharmacy offered a product that could cure any disease, made of a new chemical and container"
786,35d0a932174c8bd3,903,Ian laughs at Ryan because of the small Christmas tree they picked out. _ wants a six foot tree.
787,52c7136e2228bfca,28,"Since Craig threw aluminum cans in the trash and Benjamin recycled, _ was environmentally irresp"
788,0965248111c36a8d,339,"Derrick really liked working in Human Resources and William wanted to work at the same company, "
789,5f72f91eae93a1bf,549,Adam cried when Donald had a stubbed toe since _ had a look of pain on his face.
790,2f08f5e51c6c2752,695,Jen planned a retreat to a mountain or the park. She chose the _ because it was warmer.
791,23029d94b9bbcd21,409,"When Benjamin put the family into debt, Adam filed for divorce; then the judge gave _ a sympathe"
792,add50770c17836bf,521,The roof would have to be repaired using tarps or shingles before the storm comes. The _ are a t
793,1ae11937e0ead4aa,656,"Joel plans to go to Latin America next year where Dennis is currently living, _ has never been t"
794,3a0cde42e6dd9470,359,Carrie loves putting sugar in coffee as opposed to Laura because _ thinks the coffee tastes bett
795,cf32488532ed2c7e,797,Monica painted the porch for Kayla so the neighbor berated _ for being so lazy.
796,be1e7f7bf5b35b18,791,The man decided to use a nail instead of a screw because the _ would be looser in the wood.
797,9875afdb2f8c5af6,71,"The paint would melt in the sun, so we used a varnish instead, since the _ was susceptible to he"
798,6753182a179bfa44,1170,"Aria tried to fix the fence in his garden by using new paint and wood, but the _ had termites."
799,d373dd5ada4f465c,336,Sarah rolls her eyes as Monica extolls the virtues of vinegar as a cleaning solution for everyth
800,5f82986f20f43001,408,"After walking barefooted, James washed his foot in the bowl of water and the _ got dirty."
801,9ba0756c70f3ff70,197,Leslie coughed more when they were eating their food than Adam although there was more seasoning
802,72e8fe4684fa2552,675,Neil's cat was terrified of thunderstorms but Kyle's wasn't bothered by them. _ found their cat 
803,3d3c7d441f444890,24,"They had to eat a lot to gain the strength they had lost and be able to work, the _ was too litt"
804,5a3ba84ffbea4385,1189,"Tanya was an adult while Samantha was young and still had room to grow , so _ took her old cloth"
805,ea6f16e61883b8ab,233,Elena enjoyed yoga classes while Amy preferred other forms of exercise; this was because _ was f
806,a2a49e8b9232e553,312,Jason considers he and Benjamin to be friends even though _ puts little effort into their relati
807,a460a522842a43d4,358,Craig had problems with dry skin but not Hunter because _ used an irritating skin lotion.
808,d64dc8e464216cb7,1085,Tanya recently finished filling out a job application but not Megan because _ is currently unemp
809,42a854f3a5d89ef7,204,Whilst on the beach Cynthia loved to wear a bikini but Laura did not because _ had a fat stomach
810,0c471649501ec7f6,227,Kevin ate large amounts of food but not Adam. _ didn't have to get checked to see if they had a 
811,fce7bf6bb875e1a2,481,Henry wanted to stop yelling and start using a more effective type of communication because the 
812,5460fcdecae00732,1118,"Kenneth's back is being tended to by Derrick at the office, so _ is the client in this situation"
813,9e8ac0a6b960b2b7,391,Erin has a teenager whereas Patricia has toddler-age children because _ became a mother first.
814,a6d2da2a7b988f0e,1057,"Mary loved to make baked potatoes, but Monica couldn't stand the smell; _ asked her to only make"
815,c45f05697143db75,718,The professor's eyes could not see clearly because of the sunglasses he had. The _ were poor.
816,f6ca1bbc9356207b,806,"We set up the treasure hunt, but the treasure chest was found easily on the path because the _ w"
817,5e7f71f53b879582,1257,The pressure of finding new jobs is harder than finding new apartments. The _ are high in number
818,d3cbd9995a4f9c9c,273,"Jason was easily scared, so he watched sci-fi movies instead of horror movies because the _ were"
819,5c438bb9aa2035e2,254,Ian needed to adjust the mirror and Craig did not because _ was the same height as the owner of 
820,ca3e6ee98c3a89b3,752,"I was driving my car and tried to get through the intersection, but the light turned red. The _ "
821,07565dfb4f984b81,955,"The Windows software attempted to install the upgrades onto the computer, but the _ was outdated"
822,75bfd00a60d3cffd,421,The hotel had a terrible gym but a nice restaurant; the _ was something management attended to.
823,0f63e90dbbccac62,801,"Michael was on a diet, but cheated by eating junk food with Christopher. _ felt bad for ruining "
824,a60ed17aa3ac773f,1250,Kyle asked Brett for some tips on healthy eating because _ has recently lost weight.
825,cecb39c46c2ead5c,754,Joe brought his books to school in a suitcase instead of a backpack because the _ was smaller.
826,f2181624d117566d,183,"The sand and water in the fish tank were very dirty, so the _ needed to be scrubbed."
827,a0eac7b4522bbfeb,25,"The roof of Rachel's home is old and falling apart, while Betty's is new. The home value of _ is"
828,aa44f34967786054,422,"Refraining from drinking was easy for Kyle but not Eric, as _ never enjoyed the taste of alcohol"
829,99a4d70bec761287,181,"At work, Mary uses a broiler a lot, but Rebecca uses a chainsaw. That's because _ is a tree cutt"
830,44dfd80854cf2d66,819,Sally knew the exam would be hard so she developed a study schedule. The _ was 4 weeks away.
831,edf2ad941b80be0b,166,"At the estate sale, John saw the hammer was more affordable than the screwdriver, because the _ "
832,adf24793a199c6ef,242,We reached a settlement with the company but were roadblocked by the court. The _ was just more 
833,4f2b76726b46d582,1008,Bill could only go out to the restaurants rather than the bars because going to the _ required a
834,f5631e556bf3284a,767,"Pho needs cilantro and beef to be tasty. However, the _ can be too bitter."
835,0b1be754866f9cf6,635,The woman pierced the customer's tongue with a needle before piercing his nose because the _ was
836,68d995dad95bafa3,416,When we go hiking I bring my backpack because it has built in water bottles and places for snack
837,ef15a1b1d459c87f,573,"She decided to report the accident and the burglary, but the _ required much less investigation."
838,a454a7c1c2e5038e,798,"Dennis made their weight loss goal before Eric, because _ only ate a healthy diet."
839,34f4e166d1f0f0fc,362,"Ben had to drain both water and oil down the sink, but the _ was too fluid."
840,becdd845454bbad6,105,"To pay for dinner, he used the credit card rather than cash. The _ was not available."
841,88f6f064e8f546da,682,All of the bands were not able to march on the fields at the same time because the _ were massiv
842,9a647c30cdd2d258,1221,Jasmine wanted to put the emerald on the ring but it would not fit. The _ was minuscule.
843,f3bedc26cfa7f663,698,"Tanya was unrecognizable after Sarah was done beating them, so _ ended up going to jail."
844,be37e8d8c2210991,895,The athletes on the team of Christine were more tired than those on the team of Monica because t
845,287cf509161ca65b,366,Monica had trouble paying off their loan unlike Sarah because _ was an infrequent gambler.
846,750bb685ff52e12e,967,Derrick greeted Craig at the event but he did not respond to him because _ is humble.
847,c12fb6e454a48f33,815,"After a nasty breakup, Kayla needed a restraining order from Samantha because _ was scary to the"
848,8906893fe2e1ac6a,373,"Logan ended the one-side relationship they were having with Robert, which made _ feel relieved."
849,2d998a05f8ec9f18,315,They discussed the company's budget at the business meeting but the _ was boring and the meeting
850,22b24f8dc1391faa,42,Jill was on a budget so she only bought a new dress for the ceremony and wore an old hat. She fi
851,e961f1473f202ba8,1152,"The kids at camp liked the activities with water, but avoided the sand, because the _ was cleans"
852,e1127012f20f5487,1233,The girl broke Leslie's heart but not Kenneth's because _ was never in love with her.
853,83d4ee3875d6d742,151,"At the beauty salon, Angela preferred to work on her eyebrows instead of her eyelashes because t"
854,99909cbdbeef14e0,565,"Joel had many extra possesions while Neil didn't, so _ didn't have to rent a storage shed."
855,c3949b5907e29fc7,596,"We didn't get the biscuits this morning before school, so I ordered an omelet instead of a hash "
856,208830ceabb925a3,925,"Neil asked Brian to hand him the measuring tape, but _ already measured the wall to center the p"
857,c079be0900d72613,854,"Neil introduced William, who is very shy, to his friends, but _ was being very quiet."
858,624577554003f8b9,36,Joel researched laws and helped to open a preschool for Eric. Because _ is very good with kids.
859,a57f3a34d2fddbd5,558,Donna needed dentures or implants for her bad teeth. She chose the _ because they are permanent.
860,e3089248805ccb41,152,Samuel tried unsuccessfully to get Brett to skip school because _ was a truant that didn't follo
861,65c5215b5aa5c8b3,707,"Derrick had been working on his script for years and refused to get any other job, much to Logan"
862,ce11376845a2dca5,77,Mary was helping Patricia's daughter put on makeup because _ watches a lot of makeup tutorials.
863,48b986e34cd40c39,1186,"Ryan ordered the salad with added avocado, but Randy passed, because _ wasn't ok with the $3 upc"
864,1827c46edccaef1a,1004,"Jack wanted to start a game, but couldn't decide between baseball or basketball. The _ game woul"
865,51eb962b7a429de1,574,Brian informed Aaron that their coach had scheduled an extra event on Saturday morning since _ w
866,c89f1fc18e805f2b,1030,Beautiful roses were bought by Jason for Dennis because _ is a receiver in general.
867,23c643e454bd00b4,722,Aaron wanted to go the gym but the others wanted to go to the park because the _ did require mem
868,6a6811095aae2d18,564,"Joel had many extra possesions while Neil didn't, so _ had to rent a storage shed."
869,5dd4b44518eb09cc,452,Christopher tried to empty all the water from the tank in the yard because Michael had asked him
870,2832a604b7370cc1,759,Christine took all the money while Mary told her to save the money for herself. _ only knows to 
871,2b25abc93ad8bc4e,165,My gun was inspected with a cloth to make sure it worked fine. The _ was soft.
872,eca830e410b47156,268,I always wonder how people prefer reading in a library instead of at the house because the amoun
873,487b60cdaf87abea,652,"Natalie committed a bunch of good deeds in Samantha's name, because _ didn't want the credit."
874,644d6afc448e5bcc,133,Rebecca thought Disney movies were the best thing to watch but Samantha like horror movies bette
875,69151d8562fb5ac7,789,Nelson wanted to be an actor so Neil got them an audition because _ had poor connections in the 
876,84c86aaf501ddc58,341,The room at the hotel cost more to stay in than the room at the inn because the _ was nicer.
877,73d33584c26236d0,3,Terry tried to bake the eggplant in the toaster oven but the _ was too big.
878,8abdf6356635e741,45,"Since Craig wears clear contacts and William wears colored ones, it is safe to assume that _ lov"
879,68de8463788864cb,1178,"At the ballgame, Matthew was really thirsty and Aaron was not. _ took his beverage."
880,38f6c493fb01f1ec,849,"Ryan grew the houseplant from seed, but Matthew bought a plastic plant instead, because _ tended"
881,a902c0704988d879,1017,"The teenager chose a jeweled pin for her belly piercing, but the _ was too tiny."
882,ce2d6459474dc22b,1138,Katrina did not value the antique pictures as much as Lindsey because _ was a history buff.
883,86a0525e92ee5beb,94,The arrow stuck to the bark but not the stone because the _ was flimsy.
884,4e99d8cc346a8fb4,52,I look forward to the Sunday newspaper so I can look at the comics. This is the only reason I st
885,4aa11ab63c250f2d,1100,"Mary thinks Sarah has beautiful skin, even though _ actually has the better complexion of the tw"
886,74b32a6a1dcbe822,1106,"I don't want to use that iron on my new shirt, and, yes, it's because the _ is too cheap."
887,8b08894f91b3667b,500,Cynthia gave a rabbit as a companion to Carrie because _ explained they were lonely.
888,86d83e0357ae4a79,517,"Samantha wanted to reduce smoking by relying on a new nicotine patch and therapy video, but the "
889,0bfea2f9b1fbfec8,904,Betty gave the full pitcher to Rachel so _ could fill her glass with water.
890,24e900027f32671c,990,Steven asked Joseph to have their stomach examined after _ had a night full of really bad gas is
891,e3e0f4b2de6e8859,649,"We were making orange jack o lanterns and bought candles to put in the oranges, the candles did "
892,8ec68deed18beef1,703,"Derrick showed Jason how to cut the tiles for their kitchen, and _ was shown appreciation for th"
893,b560a808aa8e74cf,208,The shoe james bought got pinched by a nail while jogging because the _ is soft.
894,afa01e52e9f85ec9,351,"Elena brought the horse to the stables owned by Cynthia, so _ could sell the animal."
895,1d23eaf1748db2f6,734,Jennifer got about with a seeing-eye dog but Mary did not because _ was sighted.
896,e85ef63097ed0347,215,The bill had extra charges for past due and hookup. I owe the _ for being a new customer.
897,e6ea4f7bcc383e2f,619,The gothic lolita style suited Victoria better than Sarah because _ looked the worst in frilly d
898,941254067d532820,288,It took a less time for Katrina to read the book than Cynthia since _ was a better reader.
899,1d40888b88cbf068,278,"Angela beat Mary in the weightlifting competition, but it wasn't fair. _ had been taking steroid"
900,147f71d3293a445a,159,"Sarah thought that Elena was overpacking for Hawaii, because _ had a very full suitcase."
901,6fc76efc857beccd,566,"Jeffrey thought Craig probably had gum and asked for a piece, because _ had fresh breath."
902,6dda3414e62dd683,760,"Craig grew frustrated trying to coach Nick in soccer, as _ lacked the aptitude needed for the ta"
903,5172786e3bf33893,109,Throughout the practice Rachel pushed the limits of Megan to get ready for the game because _ wa
904,49d1543afdbfbfac,1113,Derrick always wanted to wash when they woke up but Benjamin rarely bothered. _ was a very dirty
905,720307ffb7d8e4b4,1070,The ingredients that I use are tastier than the available toppings because the _ are old.
906,1bc775cc3e353d9c,137,"Logan reads a lot, while Donald almost never picks up a book because _ is a plumber."
907,26f70530fa030768,899,It smelled a lot better near the pool than it did near the compost because there was no garbage 
908,9fa449e45518f014,106,"The plan devised by Christine to get Kayla to like them failed, as _ did not really try it."
909,837957255e2f5d74,679,"Benjamin shaved his beard, but Nick had just grown one, so _ gave them all his old oils."
910,f5d9dbd5b605caf1,306,Joel got advice on buying stocks from his cousin Bob while Eric used a broker. _ had a virtually
911,c613ea7dee17aae4,567,"Jeffrey thought Craig probably had gum and asked for a piece, because _ had bad breath."
912,8a4d71867d624be8,836,The paper bags got torn when James was using it to move the groceries. The _ are weak.
913,d37d52cbdbd90767,683,"Marty needed some sport and dress shoes, but could only buy one pair. He went with the _ since h"
914,995b3afe64d4b543,8,"Natalie has a rich husband and lots of money, Jennifer is poor _ needs to make her clothes."
915,3fdad582560a7799,1225,"Sandra tried out a new conditioner for her hair that makes it curly, but was upset with the resu"
916,24c9f7c0b7ea7d3a,669,Carl needed a new top after ripping his epaulette shirt. He wanted a flannel shirt because the _
917,73def63fda84e879,826,He was having an asthma attack but forgot his inhaler so someone recommended coffee as the _ was
918,e8a80a8a61acc724,626,"My mom always had training at the house, but not today because the _ was unavailable."
919,e966d7904ca6013c,309,Hunter gave Justin two weeks to respond after sending him a demand letter. .After that _ will su
920,954a9a14ee15c77d,720,"Jody wanted new mascara and eyeliner, either black or brown, but the _ was too light."
921,54bfbee60d498d56,556,So _ drank milk from the bottle because Rachel was thirsty and Erin already drank some water.
922,a286cb717ed103c1,853,"Neil introduced William, who is very shy, to his friends, but _ was being very embarrassing."
923,b9cb48b434b87a66,448,"Caroline works in the catering and food wholesale industries, but enjoys food preparation more, "
924,cb453a69b15c8dc2,988,It doesn't take much to shift between ice and water. The _ is fluid and flexible when its warm.
925,4f469e57fbeaf379,291,"Patricia was called back for a second interview but not Victoria, as _ had passed the background"
926,766b1ced6e429a11,378,"The diary of Carrie is boring, and the one Jennifer writes is interestin. _ has lived a simple l"
927,ce36e52d39b8b5a6,250,The stain was darker on Jason's shirt than Donald's because _ spilled red wine and not white win
928,b7be376d9da1c052,900,James was able to hide the book inside his jacket because the _ is small.
929,2e08fef0fadb982b,981,John had to bow to walk through the door but have to crawl to enter the tent. The _ is shorter.
930,4fc790026b53fe91,902,Ian laughs at Ryan because of the small Christmas tree they picked out. _ wants a table top tree
931,71178fd239d86290,357,Craig had problems with dry skin but not Hunter since _ used a soothing skin lotion.
932,3652f6d83497517c,1180,Joseph loved to smoke cigarettes while Derrick did not although _ hated to use a hookah.
933,34195a56304f4208,951,The tree fell down after the sapling because the roots of the _ were weaker.
934,0994b0110e43039e,518,"Samantha wanted to reduce smoking by relying on a new nicotine patch and therapy video, but the "
935,d41dc12eb860a876,218,The chef fried less mushrooms than tomatoes because the _ were ordered frequently at the restaur
936,27c2b262532bf9a3,550,"The bank permitted Michael to open a checking account, but not Matthew, because _ was employed."
937,5a025df3191723f6,75,The teen found the new hat was no substitute for his cool shirt. The _ was just cool to wear to 
938,5a82b1fdced302af,102,They brought the cornhole supplies to the camp site so they could play while adults cooked dinne
939,c417c63f4af56233,576,No one would have noticed the spot on that skin because the _ is small.
940,efb0f80256f4c344,636,The woman pierced the customer's tongue with a needle before piercing his nose because the _ was
941,e7dc9c6c9985fcfa,1185,Emily was nine months pregnant but Tanya was not pregnant at all. _ had a beautiful baby girl.
942,67b30ba32795be1e,9,Joe immediately went to bakery before the bank because the _ had a limited supply of what he wan
943,2347c8bf712afa57,74,Joel always liked to turn the heater up higher than Joseph did for the reason that _ was always 
944,21fcca1640d90c20,769,"Betty's blanket was much thicker than Jessica's blanket, so _ felt cold all night in bed."
945,0f38b6965d8ffc77,959,"Jan planted her herbs in small growing bags, but she worried that the _ would be too stifled to "
946,d9f3edff42dd8bef,1101,"Patricia loved the smell of Rachel's shampoo, so she asked where to buy it. _ gave her a bottle "
947,87d3629d95cfd7d3,307,Rebecca asked Kayla to turn the lights out but _ did not want to go to sleep.
948,fa2736a3e5a790cb,660,I was wearing wool socks when I went to try on my new boots but I couldn't get them on because t
949,7c7524d1f28a7942,687,"Rachel hated their new in-laws, but tried to keep it secret from Monica. Eventually _ told them."
950,376995cde6abe9e0,134,"The house of Aaron took some damage from the storm but not Michael's house, because _ lived fart"
951,4a554cfc853070ec,405,"Adam always spent all of the free time watching Tv unlike Hunter who volunteered, due to _ being"
952,2caf11ae232322bc,271,"The air in the shop was better than in the garage, because the _ was highly purified."
953,3904570103f2eb30,244,The man paid cash for the phone but purchased the tablet with credit because the _ was inexpensi
954,6aca9044aa367e99,997,"Eric replaced his long hair with a new hat for the summer time, the _ was old."
955,3918240d060b3fab,733,Jennifer got about with a seeing-eye dog but Mary did not because _ was blind.
956,a18baf8f30da9c51,685,Pine trees were a big part of Erin s Christmas tree farm while Megan was jewish but helped _ cel
957,3d6a2d757739caac,1231,"The living room was cleaner than the kitchen, because we spend leess time in in the _ ."
958,3a5c9cb3bcb7d6d3,267,I always wonder how people prefer reading in a library instead of at the house because the lack 
959,88313e3599be0304,957,"Maria gave birth to Katrina, so after the process was over, _ was a brand new mother."
960,b46383bf08f0d812,1137,Victoria had no issues with Achilles Tendinitis unlike Betty because _ never wore sneakers with 
961,a47ba69d1745f93f,535,The chef added butter to the pan on the stove and it began to melt right away because the _ was 
962,08a448a22611e62a,578,I couldn't figure out what my costume would be for Halloween Peter Pan or Snow White. The _ cost
963,bc082541573a3654,597,"We didn't get the biscuits this morning before school, so I ordered an omelet instead of a hash "
964,9a6b78228cf3023a,673,"Although Angela was overall a nicer person than Natalie, _ often did practice humility very regu"
965,a82528df970007fa,1199,Laura never feared anything like Erin because _ had a very strong and very powerful mind.
966,da83579cd18a70a8,83,The filter in the living room needed to be changed more often than the one in the bedroom becaus
967,e3cbbce28a6a291e,634,"Late at night, Rebecca was more tired than Jessica so _ was able to go right to sleep."
968,271f6a427c82d5f5,40,Brian was jealous of Brett's new car because _ couldn't afford to buy a new car.
969,565d3b30a80a0e49,608,Carla start doing sit-ups and pushups for her weak spots. The _ are for her chest.
970,7c3e8b6bc507f6eb,1210,Only the bag got melted and not the wood when they were inside the flame. The _ is hard.
971,7e066ca974eaba15,252,Emily decided to eat a lot more yucca than Carrie did. _ was no longer hungry.
972,d94286b206c4a19a,583,"Of the two owners, Jessica was far worse than Jennifer, because _ like to beat the dogs."
973,1193edc1dfffbb6b,911,Sarah had to call in an expert unlike Erin because _ had vast knowledge on the subject.
974,8e1d385ad373c1cf,964,"The life of Christine was pretty basic until they met Maria , _ is a is lover of excitement ."
975,eb25e4df362c4d25,122,"When Steven found that their T-shirt had shrunk in the laundry, Robert's first reaction was to l"
976,c1881501e235418c,413,"The box slid down James hand when he was wearing a glove, hence he removed it and lift it again."
977,98d204a030c5b4d7,240,It is likely that Donald but not Jason would get the job promotion because _ never stayed late a
978,c7214fec68e2b6b5,1062,Elena was asked by Jessica to put patches in the holes in her pants; _ used some she already had
979,d2be3f3a2d3a35ef,691,The cat Natalie owned would snuggle up on Jessica's lap because _ was nice to it all the time.
980,38852d692f447926,69,The bartender cut Carrie off but continued to serve Emily because _ was too drunk.
981,d54c981775e1d694,609,"Christopher was getting ready to wash Joel's hair,so _ got out shampoo by the sink and sat in th"
982,1d393ac7c0078cab,70,Blaze always wore a t-shirt instead of a shirt because he thought that the _ was stuffy and old 
983,0200dda2c8a2eb38,190,"At the beach, Emily collected some seashells for her mother Maria. _ polished the seashells befo"
984,fe9a51bd5b5cb4e3,871,"His hands were a lot rougher than his thighs, because he used the _ for nothing."
985,e5a415bb20cdeece,82,"Brett asked Joel for advice and guidance about waxing his mustache, and afterwards _ felt burden"
986,14db7576d2a6299a,520,Craig had a faster running phone than Logan because _ had more apps running on theirs.
987,8616344eab37aebd,983,"When Leslie told Aaron he only wanted to eat food that was healthy, he was laughed at. The teach"
988,f6d6c4dbb8e6b5bd,996,"Felicia was given a leather belt from Betty to clean it, because _ doesn't know how to clean it."
989,45b979c4d962e989,1111,Hank was eating cereal and spilt milk on his hot pants and decided to get his pleated pants. He 
990,eca17412566828a0,1023,Bob had a love and hate relationship with gambling and the _ grew as he won more money.
991,56650ad9e7303737,873,"Christine told Samantha at court their reasons for their expired license, since _ had the respon"
992,c81497b5b5e151fd,941,"Kyle makes a lot more money than Nelson can make at his job, as _ is a cashier."
993,b3f73e802c3bc7f8,1147,The boards were used to build the houses instead of the bricks as the _ were sparse.
994,6f30c5b7d3f1b37f,488,He was late for the party but on time for the sleepover because the _ had just finished.
995,3d7a2c261c49e67e,598,Brett threw away all the soda and junk food to reduce Leslie's dependence on unhealthy foods bec
996,4e8b51b541d0a131,1265,"Jane received a pet tortoise and an aquarium as a birthday gift, but the _ was too small."
997,a35e12bf349973e0,58,"Nick wanted to play a game on the floor, but Dennis was hesitant because of his knees. _ was dis"
998,9ce284f94e78fbb3,321,The snow came down so much that Michael had to go plow Kevins driveway because _ agreed to take 
999,a61c64186fe00b19,1125,"Logan could eat gluten while Adam could not, and _ always had a smaller variety of foods to choo"
1000,993a789491cc63b5,62,James panicked when his phone fell on the table thinking it will break but the _ is soft.
1001,a9e077c319bdf7f7,555,So _ ignored drinking milk from the bottle because Rachel was thirsty and Erin already drank som
1002,f7b38094c9c6f167,753,Joe brought his books to school in a suitcase instead of a backpack because the _ was bigger.
1003,790ab10811a3aa9b,593,It was easier for the diner to follow their budget than the food truck because the _ had more mo
1004,3694b2cf2a519add,59,"Although she was being prosecuted, Monica was welcomed into the sanctuary of the church by Saman"
1005,3cb7975410fce80c,991,The assertive commander told the privates to change their boots but not their shirts because the
1006,769592a3aae7b8df,222,"Samantha strictly followed their diet while Sarah ate what they felt like, and _ ate chicken and"
1007,00a210717886b064,303,The hotline was staffed by Christine when Tanya called in because _ was a volunteer.
1008,a5e7e588f4dc98df,194,"The photo came out of the Polaroid camera and fell onto the tray, so now the _ is lighter."
1009,d8b2981430960616,158,Patricia decided to buy Felicia dinner because they had been through a lot and _ just lost some 
1010,f6879350b490eb3c,498,Carrie had an easier time crawling through the narrow tunnel than Patricia because _ was larger.
1011,4ab7566bb173a063,1227,Patricia had to pay less tax than Cynthia because _ made less money in the year.
1012,b3cd7448d5e9e107,677,"Eric often thought of his annoying habits, like hitting his pen on his desk, and asked Ryan if i"
1013,77d59c53d87c2826,1205,The shoddy bridge held secure for when the cars were getting passengers across the town to their
1014,9bd8fa7ed0688f42,1021,"At the store, John signed a warranty contract for the tablet, but did not purchase insurance for"
1015,632d0a46ffb3456f,748,"Tanya was the most powerful person in the world, and Sarah admired them, because _ was something"
1016,ebf9ff4e7d1d3dbc,980,John had to bow to walk through the door but have to crawl to enter the tent. The _ is taller.
1017,c0503e55f269a24e,713,"Gem had a husky breed named Ben. Ben liked both bones and toys. However, he liked the _ the best"
1018,073d46d176cb4f6e,1143,My teeth hurt more after eating the cake than the pie because the _ was sweeter tasting.
1019,c23bb466b45352a8,1172,April gets stressed when she goes waterskiing more than swimming. The _ is filled with relaxatio
1020,d6c3373cfd1f0a86,465,I did not see the sign on the billboard on the highway because the _ was too huge.
1021,3fecb8ed2187354c,803,"In her newly purchased house, Patricia was upset to discover a woodworm infestation and called t"
1022,7eedb2428bbb0ef5,802,"Elena waited patiently for Angela, as _ arrived early to meet at their prearranged spot."
1023,167b8944208bba1b,948,The drink was rich in caffeine and low in sugar because the _ was suffice in keeping the drinker
1024,1849df20a521eed5,543,Benjamin had less piercings than Jeffrey did so it was harder for _ to get a job.
1025,4350624c6206a87e,799,Tanya looked for an escape route while Elena did not because _ liked to live in the moment.
1026,10213751de5fa4c8,4,"At night, Jeffrey always stays up later than Hunter to watch TV because _ wakes up late."
1027,5d7e7b800e22f7c7,776,If you are trying to get rid of blood spots from clothes use cold water instead of hot water the
1028,d5846d5f5ee81343,337,Nelson always had the best friendships except with Neil since _ was always so polite.
1029,76c07df523ff4f4b,1081,"Harper wanted to wear a cowboy hat and a bolero tie to her party, but the _ didn't fit her head."
1030,58ac06352ba97a42,1215,They disagreed over what dog to adopt as Mary wanted a yorkie while Maria wanted a labrador. _ l
1031,2947ad92ceb28e8b,437,The highlands were a lot colder than the beaches because the _ were lower down in elevation.
1032,54d6f6c89a3dbfa4,985,"The doctor treated Natalie, but refused to see Tanya, because _ has an incredible insurance plan"
1033,648aee1f1e9b1628,1072,"The dress could use either velcro or a zipper to close, the _ would last longer."
1034,5ab2de355154f3ef,832,"Joseph has an allergy to mangoes, but Nelson does not, so _ has to be very careful."
1035,28e4b87409cc762a,340,The room at the hotel cost more to stay in than the room at the inn because the _ was nastier.
1036,28eda84a547f5f93,484,The dog ran into the bedroom during the rainstorm while we stayed in the kitchen because the rai
1037,e053cd0112ebc696,1253,William was a huge animal rights activist but Randy couldn't care less so _ hated leather.
1038,945f962688855edf,30,"The students were at their desks taking tests with pencils, they used the _ to hold the papers."
1039,92a50b8d240f29f0,103,The game of chess was easy to play for Angela but not Rebecca because _ had a analytical mind.
1040,a290cdec649b2440,200,"Victoria was eager to make the big sale to Sarah , as _ needed the money that day."
1041,c0cd2966db442772,907,"Rachel's date was shorter than she, so she wore her shoes rather than her boots, because the _ h"
1042,67a29cfbcbfe8d53,154,"The man looked at the sundial since a watch or clocktower was not at his disposal, having lost t"
1043,cc3c248154e32435,511,Carrie kept written records of their expenses but not Laura because _ had a sharp memory.
1044,ab63ced26a0d9161,947,Mark wanted to lose some weight by starting a diet and workout routine. He focused mainly on the
1045,b3687b8a4e9b319c,1073,The class was going on a bus on a field trip to a local museum. The _ had to close at 4.
1046,3db7b8c3d8d308ee,375,Erin was eating more than Betty was eating for dinner because _ had skipped lunch.
1047,8860f0807cf6e9ab,1153,"When gambling in Las Vegas, Christine usually bets less playing poker than Elena because _ is mo"
1048,b88130c7db97615b,287,Craig was a very selfish individual but Kenneth was very generous. _ had a lot of good friends.
1049,68b15dd6c73c692f,918,"Kyle wanted to write to Aaron every day, because _ enjoyed receiving letters from friends."
1050,897112455dbd5d92,1065,"Elena liked lizards more than Rachel did, so _ was appalled to receive a pet gecko for her birth"
1051,500100f40e43ff1e,392,Kayla was very civil when dealing with Emily so that _ would be accepted by her.
1052,d9352557f07aea87,509,"Victoria decided to adopt a Yorkie, but Elena wouldn't even consider it, because _ loved small d"
1053,78b8b63e992fb82a,223,It seemed more likely that Brett would wear a fedora rather than Justin because _ was known to d
1054,d7af3b60b313bf9a,694,"Tanya loved pepperoni on their pizza and Katrina loved sausage, so when it had just pepperoni _ "
1055,2c22a99c54d192d4,824,Brian taught Michael how to feed a rabbit greens because _ had rabbits as a kid.
1056,60c65fd08c54971c,124,Felicia liked wearing glasses more than braces because she could take the _ off after two years.
1057,809c51b7e1ad652c,201,"Victoria was eager to make the big sale to Sarah , as _ had the money that day."
1058,2558f92295597abf,110,Throughout the practice Rachel pushed the limits of Megan to get ready for the game because _ wa
1059,b4e7ce9a162c25d2,956,James could not lift the bottle of water up to the table top because the _ is tall.
1060,cc0029d479f4fde4,841,She used vinegar to wipe down the cabinets hourly and a wood cleaner monthly. The _ was overused
1061,97fb117153ee75a1,867,"Craig had never learned handwriting in school but Michael had learned beautiful script so, _ alw"
1062,d46e133403593fae,725,Maria mimicked everything that Christine did at work because _ was like a fan to her.
1063,e1e33dd0648be072,882,Al got solar panels and a small generator installed at his house for electricity as the _ would 
1064,2c21f7f2a6b94936,1228,"Brian's plants are showing a lot more growth than Logan's, because _ used better fertilizer."
1065,055301bb1cd91323,193,The maid took away a cozy blanket from Lawrence but not Nick because _ was very cold.
1066,9f59109528ac0f46,389,"The refrigerator was acting up again, so we called a technician to repair the part. The _ was fi"
1067,243181d9276a0cf5,833,Justin went with Donald to the game because _ wanted to be the designated driver.
1068,9dddab640a6ace68,1069,"Nick did not like sauces made from tomato, only creamy sauces. Ryan knew this so he only made wh"
1069,228aa1e6e8e346ea,497,"The TV that Samantha bought costs more than that of Carrie, because _ was rich."
1070,7e7f0d1dee4b7b75,968,Derrick greeted Craig at the event but he did not respond to him because _ is arrogant.
1071,fab5310887f99702,270,Ryan had to use a calculator on the test but Michael didn't because _ was very bad at math.
1072,6fe59b5c9cb7cc47,438,Christine had really good grammar but Cynthia didn't have good grammar because _ studied math in
1073,5d67ff94979d9a04,994,Timmy bought a transporter for his cat so he could take him on the plane but the _ was too small
1074,451babb969ea40af,570,"The wound responded quickly to the rubbing alcohol, but slowly to the ointment because the _ is "
1075,a648a456fc62f126,487,Lindsey was considered more masculine than Amy because every year _ went into the woods to Frenc
1076,0654724773ea4a3f,1052,The patient took calcium to fix his broken bone but the _ was too strong.
1077,d0bc07bd99f8fab3,1082,"Laura put fruit in their pie for Lindsey to eat, and _ ate half the pie after that one was done "
1078,d3f7d6d311e31354,676,Jay could comfort sad people better instead of happy people because the _ people weren't realist
1079,1cd0a88f2a5cd404,64,John cannot touch the cup as it was just brought out of the refrigerator. He wanted some air to 
1080,43ac2cd7eea87e7b,138,"Logan reads a lot, while Donald almost never picks up a book because _ is a student."
1081,e546a0dd390be120,468,"Angela thought that Elena talked too slowly, and _ had a hard time being understood when they sp"
1082,b7ce48f4e4ac6e89,120,The president had their speech at the auditorium rather than the park because the _ was smaller.
1083,a8fc8a677c0a4068,145,"Laura brought extensions to Monica at the salon, so that _ could treat their dreads professional"
1084,8374436fa4ec3e6c,14,He had enough time between classes to go to a cafe or to the library. He went to the _ because h
1085,97b4a72f7049820b,1243,Neil cut trees down into lumber every year unlike Logan because _ lives in the city.
1086,18bc158a5f459821,471,"At Jan's home, she dusted the dresser more frequently than the fan, because the _ was more diffi"
1087,2a27ee3c9b51c46b,43,Jill was on a budget so she only bought a new dress for the ceremony and wore an old hat. She fi
1088,f5972ff8e5fe0377,692,"Brian always tried to find ways to be productive at work unlike Kenneth, because _ was a hard wo"
1089,664751c3012d424a,131,It was easy for Amy but not Rachel to create a meal because _ had taken woodshop in school.
1090,8bdbcfac69686de3,460,The girl put her money in the bag instead of her pocket although the bully would look in the _ .
1091,7fdfdc40f9c1b3e2,507,"Nick struggled with unresolved trauma that Ian couldn't understand, since _ had frequently exper"
1092,5aa5c5b62a2a8a49,247,"the region was too crowded for our comfortable stay for all the people sent there , the _ were t"
1093,ea7d385d0cca884e,924,"Samantha's main artistic medium was paint, while Patricia preferred to work with clay, since _ w"
1094,85e1981cdd3ee892,1059,The fisherman wanted to put the rock in the pond but the _ was too small.
1095,088601bc6a9af423,897,John could not buy anything from the store than night and he went to the kiosk to buy some thing
1096,b38a37763daa0a95,764,The musician liked playing at the auditorium more than at the park because he sounded louder at 
1097,2ba408ddbc91cc64,1164,"Donald was chosen to be a model while Dennis was passed over, because _ was exceptionally tall."
1098,e83b05c2b9751d20,638,"Neil used a chainsaw to cut down the tree instead of a regular saw like William, because _ belie"
1099,804d44c8b8efd5c6,411,Erin read a book to Monica because _ was old enough to be able to read.
1100,327c4f7f8981e34b,433,"Erin was sick of the pests like Amy always cutting out their internet, so _ decided to lay low."
1101,851d0ce8aeb1d64e,866,Jeffrey asked Hunter when was the date set for the wedding because _ was his best man.
1102,6788603cf11bdabe,1080,The cake got burnt under the heat applied to it. It appears the _ is too small.
1103,8840a278015daa4e,1171,"Patricia bought a plant for Natalie to put in her garden, so _ sent a thank you card."
1104,828f78fc6ce70de9,338,"Derrick really liked working in Human Resources and William wanted to work at the same company, "
1105,6f606e0cfe8cae00,973,"Because Megan wanted to be a welder and Patricia wanted to be a engineer, _ went to trade school"
1106,17f56f0eccd1df7f,262,The woman moved the urn in front of the vase on the shelf because the _ was attractive.
1107,ae9227db810d9661,257,I was told my eyes are failing so I need to get glasses or contacts. I don't think I'll get the 
1108,5dcde0a96d262cfa,1090,"When it came to taking care of elderly people, Adam was suited for the job more than Brian becau"
1109,768f0a6715101b58,141,Betty made the choice to reduce Samantha's salary after _ started cutting back on efficiency.
1110,9d313a68b2f0fe35,995,"Felicia was given a leather belt from Betty to clean it, because _ knows how to do it."
1111,450fb591af5f59fd,175,The history of the village is more intriguing than the history of the city because the _ is very
1112,4efb588e6eb798d4,1219,The salesman would only feature nice things in the house like the pool but not the wiring becaus
1113,86a0b565040024db,493,"Robert was simply not as stoic as Joel , as _ tended to handle things gracefully."
1114,31e088cd72a2a4f3,118,"I picked up some leaves to put in the books and dry, but they didn't fit because the _ were too "
1115,bb663e14bd5f8c8e,490,Cynthia had to pee after one large coffee but Betty did not as _ had a very small bladder.
1116,34ac2ccbae2ed971,629,The team won a trophy instead of a plaque as a result of hard times as the _ was cheap to make.
1117,d8e3c01e31ffb89e,743,Randy was going to see an X-rated film but was stopped on the sidewalk and yelled at by Nick. Th
1118,b40a98d45b329755,229,The computer of Victoria ran slower than that of Carrie because _ downloaded less files.
1119,44d7457ea44745d7,39,"Donald's understanding of math isn't as good as Joseph's, so _ is more likely a professor."
1120,d0d04b579aa4bbbb,1000,The doctor felt more sympathy for Aaron than Ryan because _ had a curable illness and great insu
1121,f104b5aadedb53ad,663,"The library always had more books than computers, most likely because the _ are bigger."
1122,7885f8a8a64b5418,1,Sarah was a much better surgeon than Maria so _ always got the harder cases.
1123,e0c455fbe693dacb,1086,Tanya recently finished filling out a job application but not Megan because _ is currently worki
1124,fe9545770633e83f,1104,"The apartment Brett rented was owned by Jason, so _ received the rent for the apartment each mon"
1125,43ff8718176a3873,330,"In the accident the vehicle of Nelson received more damage than that of Justin, since _ vehicle "
1126,c60b1ebdf5d5839f,765,"Wanting to impress his boss, the man put the brandy away and served scotch instead because the _"
1127,eaad5094d7e50dd8,1155,Benjamin thought Android was the superior phone system but Ian thought IOS was better. _ bought 
1128,3f58c4de7a559e49,1246,Happiness was most important to Nick but money was most important to William. _ valued a good li
1129,e8b8d185f6aa95f3,1131,Playing basketball came easier for Cynthia than Jennifer but _ had more control of their body mo
1130,480299ca85541cad,611,The man finally decided to become a guardian for the child at the orphanage because the _ was lo
1131,8b7bfb6712711dd5,217,The courage of Ian was a lot stronger than Michael because _ had been through a lot in life.
1132,fdcf9ea25882b968,1039,"Felicia wanted to be pampered by Emily, so _ went to the jewelry store and bought an expensive r"
1133,af41105453631daa,365,Mark preferred his drinks in paper cups over styrofoam cups because the _ are strong.
1134,5ca721174f360be0,1025,"When Derrick told Christopher about quitting school to provide for their family, _ started panic"
1135,198be4724a6ed13e,539,Rebecca slept in the hammock in the backyard while Tanya gardened because _ was tired.
1136,8b7b435d5f55100d,6,The home that my parents had when I was in school was a lot nicer than my house now because the 
1137,671e356a809c8741,929,James wanted to write a list of what he can do for Christmas and he ended up using all the pages
1138,3c8fbeec3940fb36,323,The girl used the comb to try and brush her hair but the _ was too soft.
1139,a9e6c9ba474e4390,890,The landlord said she had violated her lease by allowing a dog into the apartment. She said that
1140,7a301c5104873105,601,Neil told Lawrence that he was training to be a race car driver. _ was worried about him.
1141,800b1cdac40ba1ec,1266,"She chose the black car over the green car, because the _ has more brighter color."
1142,f38621d09f2aa94f,1236,The skateboard got broken under the weight of the fat boy and his luggage. The _ is light.
1143,cf601b3a2c5a365d,1198,Laura never feared anything like Erin because _ didn't have a very strong and very powerful mind
1144,f87dd439b09c9d42,1099,"Megan sentenced Jennifer to probation for stealing from the grocery store, _ obeys the laws that"
1145,d0e6b3c60739a901,234,Elena enjoyed yoga classes while Amy preferred other forms of exercise; this was because _ was i
1146,954870da7f7c6071,23,"They had to eat a lot to gain the strength they had lost and be able to work, the _ was too much"
1147,c5e4b43e43a8807c,1133,The lady was blushing when she walked passed Amy but not Carrie because _ was intrigued by her.
1148,37ff23dc0ff8aad3,514,The stain in the bucket could not be cleaned with the brush because the _ is soft.
1149,119d617557c8fe96,1083,"I started a program for youth that worked better than the old system, because the _ is new."
1150,640a7e749ec82454,958,"Jan planted her herbs in small growing bags, but she worried that the _ would be too shallow for"
1151,fe309c8beda6927f,781,"Adam decided to shave Denniss beard before the reuinion, but _ thought it was too short."
1152,3f2afa35617ce3c4,788,Maria planned to spring clean this weekend and told Katrina they should help too. _ expected her
1153,552319751e522c11,130,The health of Joel was stronger than that of William due to _ being a cigar smoker.
1154,6c83cf86765f607e,1256,The cashier was trained that real $100 bills had sharp lines and counterfeit ones might be blurr
1155,228decb0a0de0339,327,Jeffrey went to the doctor to treat their ailments but not Robert so _ became sicker.
1156,8ce00a84499285d2,313,"It took a minute longer to melt the chocolate in the microwave than the caramel, because the _ w"
1157,408ab0b958a1e83b,224,It seemed more likely that Brett would wear a fedora rather than Justin because _ did not often 
1158,c1cc544d162d1afa,96,The leg of the pig body stuck out of the grave where it was buried because the _ is large.
1159,897fb24de38bd4c2,186,"She preferred a globe of the world made of PVC instead of plastic, because the _ made it look ex"
1160,6ebd783c53ccd894,1010,"Katrina demanded that Jessica get off of their property, because _ wasn't in the mood for visiti"
1161,e40cb2f0435fe8cb,1043,The gerbil came over to Laura but not Monica because _ was holding a carrot stick.
1162,78fb49e6f0c5e1b2,283,"Brian asked Nick to feed their rabbit,because _ was planning on going on vacation to Disney for "
1163,037206a0d4a6b472,1188,"Tanya was an adult while Samantha was young and still had room to grow , so _ gave her her old c"
1164,1cc648f348035455,741,"Patricia has a trouble with training her horse and wants Tanya's help, because _ wants her horse"
1165,ba83f90fa5403d99,817,"At dinner time, Tanya ate Erin's serving of peas even though _ really likes green vegetables."
1166,6387159dfc1ece17,877,"I hated the project this year compared to the essay last year, because the _ required more work."
1167,da093bd197085b69,538,The sink in the bathroom looked good but the toilet was leaking so James kept the _ .
1168,886ce2ba77a952b1,1103,"The apartment Brett rented was owned by Jason, so _ sent the rent for the apartment each month."
1169,1ef1ad461eecf7de,1247,The sound of the foot was clearly audible from the street because the _ is quiet.
1170,58e632023e68ec3b,505,"Ian was tired of trying new diets while Steven had luck with one, so _ stuck to their routine."
1171,9e6ca77ec6c2e992,1261,Angela was a homebody while Amy loved to travel the world whenever they could. _ took a staycati
1172,109743f077ab10f6,542,Rachel but not Christine was tracked down by police because _ did not make it to the hideout.
1173,b9c91c207286e6ab,292,"Patricia was called back for a second interview but not Victoria, as _ had failed the background"
1174,46070ca3f3d8581e,939,Bill had complicated feelings about getting a car after his motorcycle died because the _ posses
1175,8a39c4d0b2f816ad,810,"In order to grow his plants naturally, he bought fertilizer and water. The _ was lacking with nu"
1176,1b6d8eb7361a8299,1022,"At the store, John signed a warranty contract for the tablet, but did not purchase insurance for"
1177,8aa4d43200c5ca3c,435,Angela loved to wear sun glasses but Jessica didn't. _ bought a fancy new pair of shoes.
1178,1caad484ab642524,644,The dog was more suspicious of the locker than of the package because the drugs were in the _ .
1179,a61576f6070df535,1161,The floor started to have scratches when people's shoe started dragging on it. The _ was smooth.
1180,69efe54660db9a8d,432,John decided to grow a new breed of plant in his garden but the _ is big.
1181,32355a806b8d33e4,135,"Jennifer dragged Felicia along to a self help workshop about how to succeed, because _ wanted so"
1182,d9d9828276f796ba,548,"Anxiety is a feeling Rebecca gets when she has face Erin who is a probation officer, _ does not "
1183,4c832bf007475d39,821,Jeffrey brushed their teeth quite regularly but Brian did not. _ had to go to a dentist often.
1184,dacbe7da70d9591a,646,Erin loved people and wanted to help them while Katrina loved to help animals. _ volunteered at 
1185,ef5ab43491a5308c,1255,The school needed a new auditorium and a new teacher's lounge. They built the _ first because it
1186,bd7326d164892fc9,469,Joel complained to Ian about the condition of the house. _ preferred a messy space.
1187,b678d0799effc67c,114,"Betty drank chocolate shakes while Elena drank carrot juice, and _ had a very healthy diet."
1188,3c34516e1cc07fd6,664,The hair stylist gave Laura hair extensions and not Katrina because _ had very short hair.
1189,b944fef4afe072f3,449,"Caroline works in the catering and food wholesale industries, but enjoys food distribution more,"
1190,a40a5dcc7ce9af85,1140,"Jason went zooming down Brett's street way too fast on his motorcycle, causing _ great excitemen"
1191,1d518811befa6cc6,552,"The children were not vaccinated, which was fine with Betty but annoyed Mary. _ knew they didn't"
1192,9fe3daa62f877111,777,"If our relationship just started, should I get her a card or gift for Christmas? She might think"
1193,fdffda6359d9b054,946,Nick smelled much worse than Kenneth after the baseball game although _ was wearing deodorant.
1194,a4475c45ddd6804f,334,Katrina turned out to be much more spoiled than Felicia because _ did not have wealthy or genero
1195,366df3a72bd6dedd,1263,"Joel went to Michael 's house and consumed a lot of alcohol, so _ had to ride back home as a pas"
1196,cd42da942df5e50c,1093,"While shopping at the mall, Kevin asked Benjamin to help find a red shirt to wear because _ was "
1197,221e528b82a65476,350,"Elena brought the horse to the stables owned by Cynthia, so _ could buy the animal."
1198,0d3f85fc00e0c413,146,The installation process was simpler for the cable over the internet because the man had never i
1199,2d352454d6a3dcf1,546,Joe drank his milk and tried to dunk his cookie in the glass but the _ was too small.
1200,b0f8e3579e387905,429,After a short time we stopped pouring the tea glass in the pot because the _ was full.
1201,b9e08845d8cf3627,727,Maria told Monica they looked too sick to go to work and asked if they had a fever. _ went to th
1202,abbe57f27956e872,758,Joseph asked Robert to clean the floor with a mop nearby because _ needs to work.
1203,1e60099f377ab9d3,333,Aaron showed Donald how to use google play on an android because _ owned an apple phone.
1204,8fea87a1460a3e2d,747,Kayla was the subject of a secret crush from Rebecca. _ was aware they were a secret admirer.
1205,0f37db4c8d4d00bb,928,"Although Amy worked harder and longer than Rebecca, _ was a more wealthy person overall."
1206,15d6149396a9726e,1235,"Monica suspected that Rebecca had become an alcoholic, but _ predicted an intervention to addres"
1207,d967566e7ec976f3,1229,James always feel weak whenever he walked the length of his street so he decided walking just th
1208,f689feb2ac44959c,206,"Paint was applied to the chairs but not the tables, since the _ were old."
1209,18e324ac5d8f80e2,1251,The architect tried to build the room inside the house but the _ was too large.
1210,89909085a0899f60,163,"Monica gives Jessica a book about posture, because _ has been trying to get better at ballet dan"
1211,072f61c57fb285e8,592,His addiction was getting bad so they handed him over to therapy and stopped taking medicine sin
1212,4f917364adc165f6,466,I did not see the sign on the billboard on the highway because the _ was too tiny.
1213,02a97b7dcdeda6e1,93,"The wooden doors at my friends work are worse than the wooden desks at my work, because the _ ma"
1214,10b9fee0106bbcd5,142,"During the rescue mission, Maria pulled Rebecca away from the minefield since _ was a civilian."
1215,1837b05d23020a68,393,"Erin ordered a martini when Tanya only ordered a tonic water with lemon, because _ was pregnant."
1216,46175bab80728a81,1182,John could not hear his alarm clock when he was sleeping with a headphone on his head because th
1217,1bdecfe7b5b58691,740,The market was going out of business so they sold their products but not the lots as the _ were 
1218,8419174e5fbd6a4b,600,Neil told Lawrence that he was training to be a race car driver. _ was excited.
1219,798813e38a0eaa48,1130,Two friends wanted a tan look but Joel was impatient while Robert wasn't. _ used bronzer to get 
1220,6c18b5dbc9796366,161,William liked to be outside more than Kyle so _ spent time arguing for getting a pool.
1221,135ad702e1265642,775,"Paolo tries to remember what he read in the textbook, but all he can think of is the email from "
1222,bbb8c6b4e2e55c36,255,The commodities trader decided to buy wool and sell cotton because the _ was priced low.
1223,c84ca6c3e7bd6c61,1098,Mary didn't know what the currency of Mexico was but Lindsey knew _ had never been to Mexico bef
1224,81187df8f9b74e7f,940,"As a marine, Emily looks down on civilians like Maria, so _ is a bit saddened."
1225,0ac3e6fac4f7e54d,88,"Amy thought she was the mirror image of Natalie , but _ could not be convinced to see the simila"
1226,701b9fb1c855e8b4,541,Rachel but not Christine was tracked down by police because _ made it to the hideout.
1227,72986ed2e3bf142e,704,So _ avoids eating carrots for their eye health because Emily needs good eyesight while Monica d
1228,4a941c372bd7e220,735,"The dog loved Kevin but hated Derrick, so _ started bringing the dog treats to change its mind."
1229,81f1a220fda327ac,198,"Craig gifted Eric a new picnic table, because _ borrowed some money a while ago."
1230,1a06b4aa07115943,778,More people attended the funeral of Joel than of Derrick because _ was a mean person.
1231,eb79e8e6f212b158,189,The puncture healed quicker than the cut because the _ was a more superficial wound.
1232,e7585642779e7c85,1260,Angela was a homebody while Amy loved to travel the world whenever they could. _ took a vacation
1233,8d371a86e92b4a9a,689,Kenneth had worse skin than Craig so _ had to use more of the moisturizer.
1234,b2939747b8191ddf,440,The waist of Joel measured more inches than that of Kevin because _ ate much less.
1235,5dc498c4191a2e86,318,"Randy only ever added a little bit of hot sauce to his food, especially compared to Adam, as _ w"
1236,ec4bce844169aace,1240,Rachel touches the cool looking bulletproof vest of Kayla due to _ being on a ride along.
1237,16e805992697981c,696,"Justin bought a new RV but Lawrence liked his old one, so _ decided to buy it."
1238,6397e3722b9a9355,865,Jeffrey asked Hunter when was the date set for the wedding because _ was getting married.
1239,97ce668869c82fc2,326,Hunter bought a vehicle to commute in but not Dennis because _ had a driving distance to work.
1240,75e406be9016caf1,13,He had enough time between classes to go to a cafe or to the library. He went to the _ because h
1241,760d47388e61e3d5,569,Laura was thrilled to get their lip pierced but Rachel was pretty scared. _ had theirs done and 
1242,564f84affc7a0779,1206,Buying a swimming pool was great for Adam but not for Christopher because _ had a large back yar
1243,6c9a470cc3c3799e,919,"The toddler kicked the soft furniture and hard toy, but only the _ caused pain."
1244,262bd221bb8e420b,451,Hugh scrubbed the mold in his apartment with a cleaner but had to call a pro because the _ was t
1245,a389b79ccb2a6758,859,"Samantha believed in life after death while Christine did not, so _ never tried to talk to spiri"
1246,a537c97aa2e88d36,1259,Maria wanted to play poker with Jennifer because _ was a better player and she won a lot of mone
1247,01b9f4d9e5895084,407,Samantha had to use the potty while Felicia used the restroom because _ is a grownup.
1248,630c1fa0b93219e2,1149,"The actors practiced the scenes in the parking lot more than the scenes in the morgue, because t"
1249,1b2ac06fe656bc59,54,Jennifer was more of a morning person than Natalie because _ always went to bed early and got a 
1250,1a049e7077299ad2,1232,"The living room was cleaner than the kitchen, because we spend more time in the the _ ."
1251,d97335ea54328e5e,1034,I wanted to use pomade on my hair instead of hairspray but it was old so the _ was unusable.
1252,d29c34f9fe8f7fd0,476,Christopher taught Hunter to play go fish so that _ had someone to play with.
1253,5d0dd1048791aaf2,447,James walked into a ditch while trying to catch the ball thrown at him. The _ is farther.
1254,5c203ed2f8d38dc1,191,Using a needle to sew together both the leather and silk was difficult. The _ was hard get throu
1255,d64da415ade5fab4,61,"Laura used too much super glue on Erins hands, so _ needed to get to the doctor to separate thei"
1256,bab2f6ebec8bfc29,65,The fireman used several rags to polish the nozzles on the fire hose; when he was done the _ wer
1257,abda5e09baf8ca4d,864,"In the hotel laundry room, Felicia burned Mary's shirt while ironing it, so the manager gave _ a"
1258,fc34428a3ebb847b,1209,Only the bag got melted and not the wood when they were inside the flame. The _ is soft.
1259,2afceb0bfd66f0f2,178,Neil looked all over the neighborhood for their missing dog until Samuel called and _ got their 
1260,2823ac3bf2a6894a,1116,Justin brought a a saw and hammer to prepare making a cupboard for Benjamin because _ is his emp
1261,ca8fc936c143133f,209,Lawrence liked watching foreign movies with subtitles unlike Jason because _ criticized the orig
1262,5be7381908b438cf,285,"The dog that Laura found was dirtier than Amy's dog, since _ dog lived in the street."
1263,bdeacc107023a1d4,457,The barista loved to make all types of coffee including iced and hot. The _ coffee was popular i
1264,ec11d5076efebffd,501,Smoke still rose from the house but had subsided at the barn. The fire was doused at the _ .
1265,3f19fe7e0bb55efe,563,Fiction books were interesting and easy to read for Logan but not Brett because _ enjoyed real t
1266,4e3d3da1795720a3,51,Judy bought new brushes to paint the etched glasses crack but it didn't fit. The _ was too narro
1267,38962d0c23a0292b,228,The computer of Victoria ran faster than that of Carrie because _ downloaded less files.
